event_id;user_id;event_name;timestamp;lesson_id
1;1;app_open;04/03/2026 01:58;
2;1;signup_completed;04/03/2026 01:59;
3;2;app_open;11/01/2026 19:25;
4;2;signup_completed;11/01/2026 19:26;
5;2;onboarding_completed;11/01/2026 19:29;
6;2;lesson_start;11/01/2026 19:30;101.0
7;2;quiz_completed;11/01/2026 19:38;101.0
8;2;streak_extended;14/01/2026 19:38;104.0
9;3;app_open;03/01/2026 10:16;
10;4;app_open;13/03/2026 23:56;
11;4;signup_completed;13/03/2026 23:57;
12;4;onboarding_completed;14/03/2026 00:02;
13;4;lesson_start;14/03/2026 00:02;101.0
14;4;quiz_completed;14/03/2026 00:05;101.0
15;4;streak_extended;16/03/2026 01:05;103.0
16;4;streak_extended;21/03/2026 02:05;108.0
17;5;app_open;27/01/2026 16:51;
18;6;app_open;24/01/2026 18:38;
19;7;app_open;22/01/2026 16:07;
20;7;signup_completed;22/01/2026 16:08;
21;7;onboarding_completed;22/01/2026 16:13;
22;7;lesson_start;22/01/2026 16:15;101.0
23;7;quiz_completed;22/01/2026 16:21;101.0
24;7;streak_extended;23/01/2026 14:21;102.0
25;7;streak_extended;21/02/2026 15:21;131.0
26;8;app_open;14/01/2026 13:08;
27;8;signup_completed;14/01/2026 13:09;
28;9;app_open;13/03/2026 12:06;
29;10;app_open;10/01/2026 22:49;
30;10;signup_completed;10/01/2026 22:51;
31;10;onboarding_completed;10/01/2026 22:53;
32;10;lesson_start;10/01/2026 22:53;101.0
33;10;quiz_completed;10/01/2026 23:01;101.0
34;10;streak_extended;11/01/2026 21:01;102.0
35;10;streak_extended;13/01/2026 00:01;103.0
36;10;streak_extended;13/01/2026 21:01;104.0
37;11;app_open;07/03/2026 16:49;
38;11;signup_completed;07/03/2026 16:50;
39;11;onboarding_completed;07/03/2026 16:54;
40;12;app_open;13/03/2026 21:52;
41;12;signup_completed;13/03/2026 21:54;
42;12;onboarding_completed;13/03/2026 21:56;
43;13;app_open;28/03/2026 14:55;
44;13;signup_completed;28/03/2026 14:56;
45;13;onboarding_completed;28/03/2026 14:58;
46;13;lesson_start;28/03/2026 14:59;101.0
47;13;quiz_completed;28/03/2026 15:04;101.0
48;13;streak_extended;30/03/2026 16:04;103.0
49;13;streak_extended;11/04/2026 13:04;115.0
50;14;app_open;22/02/2026 22:47;
51;14;signup_completed;22/02/2026 22:48;
52;14;onboarding_completed;22/02/2026 22:52;
53;15;app_open;09/01/2026 10:34;
54;15;signup_completed;09/01/2026 10:36;
55;15;onboarding_completed;09/01/2026 10:39;
56;16;app_open;27/02/2026 07:56;
57;16;signup_completed;27/02/2026 07:58;
58;16;onboarding_completed;27/02/2026 08:03;
59;16;lesson_start;27/02/2026 08:03;101.0
60;16;quiz_completed;27/02/2026 08:10;101.0
61;16;streak_extended;01/03/2026 08:10;103.0
62;16;streak_extended;02/03/2026 09:10;104.0
63;16;streak_extended;04/03/2026 10:10;106.0
64;17;app_open;10/02/2026 23:08;
65;17;signup_completed;10/02/2026 23:10;
66;17;onboarding_completed;10/02/2026 23:12;
67;18;app_open;04/01/2026 02:03;
68;18;signup_completed;04/01/2026 02:04;
69;19;app_open;03/01/2026 21:25;
70;19;signup_completed;03/01/2026 21:27;
71;19;onboarding_completed;03/01/2026 21:31;
72;19;lesson_start;03/01/2026 21:32;101.0
73;20;app_open;10/01/2026 02:19;
74;20;signup_completed;10/01/2026 02:20;
75;20;onboarding_completed;10/01/2026 02:21;
76;20;lesson_start;10/01/2026 02:23;101.0
77;21;app_open;22/01/2026 05:27;
78;21;signup_completed;22/01/2026 05:29;
79;22;app_open;23/01/2026 14:08;
80;22;signup_completed;23/01/2026 14:08;
81;23;app_open;19/02/2026 01:33;
82;23;signup_completed;19/02/2026 01:35;
83;23;onboarding_completed;19/02/2026 01:39;
84;23;lesson_start;19/02/2026 01:40;101.0
85;23;quiz_completed;19/02/2026 01:47;101.0
86;23;streak_extended;19/02/2026 23:47;102.0
87;23;streak_extended;21/02/2026 00:47;103.0
88;23;streak_extended;22/02/2026 01:47;104.0
89;23;streak_extended;24/02/2026 02:47;106.0
90;24;app_open;28/02/2026 10:48;
91;25;app_open;03/01/2026 13:49;
92;25;signup_completed;03/01/2026 13:51;
93;25;onboarding_completed;03/01/2026 13:55;
94;26;app_open;24/02/2026 11:47;
95;27;app_open;20/01/2026 07:19;
96;27;signup_completed;20/01/2026 07:20;
97;27;onboarding_completed;20/01/2026 07:24;
98;27;lesson_start;20/01/2026 07:26;101.0
99;28;app_open;11/03/2026 12:26;
100;28;signup_completed;11/03/2026 12:27;
101;28;onboarding_completed;11/03/2026 12:32;
102;29;app_open;05/03/2026 02:20;
103;29;signup_completed;05/03/2026 02:22;
104;29;onboarding_completed;05/03/2026 02:26;
105;29;lesson_start;05/03/2026 02:27;101.0
106;29;quiz_completed;05/03/2026 02:35;101.0
107;29;streak_extended;04/04/2026 00:35;131.0
108;30;app_open;10/03/2026 02:12;
109;30;signup_completed;10/03/2026 02:13;
110;30;onboarding_completed;10/03/2026 02:16;
111;30;lesson_start;10/03/2026 02:17;101.0
112;30;quiz_completed;10/03/2026 02:21;101.0
113;30;streak_extended;11/03/2026 01:21;102.0
114;30;streak_extended;17/03/2026 04:21;108.0
115;31;app_open;22/02/2026 21:48;
116;31;signup_completed;22/02/2026 21:49;
117;32;app_open;10/02/2026 17:33;
118;33;app_open;22/01/2026 09:39;
119;33;signup_completed;22/01/2026 09:41;
120;33;onboarding_completed;22/01/2026 09:43;
121;33;lesson_start;22/01/2026 09:43;101.0
122;33;quiz_completed;22/01/2026 09:48;101.0
123;34;app_open;13/02/2026 14:43;
124;34;signup_completed;13/02/2026 14:45;
125;35;app_open;27/02/2026 05:05;
126;35;signup_completed;27/02/2026 05:07;
127;36;app_open;28/01/2026 00:13;
128;36;signup_completed;28/01/2026 00:15;
129;36;onboarding_completed;28/01/2026 00:17;
130;37;app_open;20/03/2026 14:06;
131;38;app_open;26/03/2026 09:36;
132;39;app_open;01/01/2026 15:08;
133;39;signup_completed;01/01/2026 15:10;
134;39;onboarding_completed;01/01/2026 15:13;
135;39;lesson_start;01/01/2026 15:15;101.0
136;40;app_open;15/03/2026 16:08;
137;40;signup_completed;15/03/2026 16:10;
138;40;onboarding_completed;15/03/2026 16:13;
139;40;lesson_start;15/03/2026 16:15;101.0
140;40;quiz_completed;15/03/2026 16:21;101.0
141;40;streak_extended;17/03/2026 14:21;103.0
142;40;streak_extended;14/04/2026 15:21;131.0
143;41;app_open;20/03/2026 05:41;
144;41;signup_completed;20/03/2026 05:42;
145;41;onboarding_completed;20/03/2026 05:46;
146;41;lesson_start;20/03/2026 05:46;101.0
147;41;quiz_completed;20/03/2026 05:53;101.0
148;41;streak_extended;19/04/2026 06:53;131.0
149;42;app_open;16/01/2026 12:01;
150;42;signup_completed;16/01/2026 12:03;
151;42;onboarding_completed;16/01/2026 12:07;
152;42;lesson_start;16/01/2026 12:08;101.0
153;42;quiz_completed;16/01/2026 12:12;101.0
154;42;streak_extended;17/01/2026 12:12;102.0
155;42;streak_extended;18/01/2026 10:12;103.0
156;42;streak_extended;19/01/2026 11:12;104.0
157;42;streak_extended;23/01/2026 10:12;108.0
158;43;app_open;09/03/2026 18:46;
159;43;signup_completed;09/03/2026 18:48;
160;44;app_open;11/02/2026 00:45;
161;44;signup_completed;11/02/2026 00:47;
162;44;onboarding_completed;11/02/2026 00:51;
163;44;lesson_start;11/02/2026 00:52;101.0
164;44;quiz_completed;11/02/2026 00:56;101.0
165;44;streak_extended;11/02/2026 23:56;102.0
166;44;streak_extended;13/02/2026 02:56;103.0
167;45;app_open;03/02/2026 00:50;
168;45;signup_completed;03/02/2026 00:52;
169;45;onboarding_completed;03/02/2026 00:55;
170;45;lesson_start;03/02/2026 00:56;101.0
171;45;quiz_completed;03/02/2026 00:59;101.0
172;45;streak_extended;04/02/2026 02:59;102.0
173;45;streak_extended;05/02/2026 23:59;104.0
174;45;streak_extended;08/02/2026 00:59;106.0
175;46;app_open;27/01/2026 23:29;
176;46;signup_completed;27/01/2026 23:30;
177;46;onboarding_completed;27/01/2026 23:34;
178;46;lesson_start;27/01/2026 23:36;101.0
179;46;quiz_completed;27/01/2026 23:40;101.0
180;46;streak_extended;29/01/2026 00:40;102.0
181;46;streak_extended;30/01/2026 00:40;103.0
182;46;streak_extended;31/01/2026 00:40;104.0
183;46;streak_extended;03/02/2026 23:40;108.0
184;47;app_open;16/01/2026 02:17;
185;47;signup_completed;16/01/2026 02:18;
186;47;onboarding_completed;16/01/2026 02:20;
187;48;app_open;21/01/2026 21:43;
188;48;signup_completed;21/01/2026 21:44;
189;48;onboarding_completed;21/01/2026 21:46;
190;49;app_open;16/03/2026 03:04;
191;49;signup_completed;16/03/2026 03:05;
192;50;app_open;02/02/2026 16:19;
193;50;signup_completed;02/02/2026 16:20;
194;50;onboarding_completed;02/02/2026 16:22;
195;50;lesson_start;02/02/2026 16:23;101.0
196;50;quiz_completed;02/02/2026 16:26;101.0
197;50;streak_extended;03/02/2026 18:26;102.0
198;50;streak_extended;09/02/2026 17:26;108.0
199;51;app_open;10/01/2026 22:10;
200;52;app_open;10/01/2026 00:06;
201;52;signup_completed;10/01/2026 00:07;
202;52;onboarding_completed;10/01/2026 00:08;
203;53;app_open;06/02/2026 21:17;
204;53;signup_completed;06/02/2026 21:19;
205;53;onboarding_completed;06/02/2026 21:23;
206;53;lesson_start;06/02/2026 21:24;101.0
207;54;app_open;10/01/2026 09:21;
208;54;signup_completed;10/01/2026 09:23;
209;54;onboarding_completed;10/01/2026 09:26;
210;54;lesson_start;10/01/2026 09:27;101.0
211;54;quiz_completed;10/01/2026 09:30;101.0
212;54;streak_extended;24/01/2026 11:30;115.0
213;55;app_open;04/02/2026 20:28;
214;56;app_open;24/03/2026 06:48;
215;56;signup_completed;24/03/2026 06:49;
216;56;onboarding_completed;24/03/2026 06:50;
217;57;app_open;03/02/2026 09:28;
218;57;signup_completed;03/02/2026 09:29;
219;58;app_open;28/02/2026 14:47;
220;58;signup_completed;28/02/2026 14:48;
221;58;onboarding_completed;28/02/2026 14:52;
222;58;lesson_start;28/02/2026 14:53;101.0
223;58;quiz_completed;28/02/2026 14:57;101.0
224;58;streak_extended;30/03/2026 15:57;131.0
225;59;app_open;26/01/2026 16:22;
226;60;app_open;20/03/2026 08:44;
227;60;signup_completed;20/03/2026 08:45;
228;60;onboarding_completed;20/03/2026 08:49;
229;60;lesson_start;20/03/2026 08:50;101.0
230;61;app_open;05/01/2026 05:14;
231;61;signup_completed;05/01/2026 05:16;
232;61;onboarding_completed;05/01/2026 05:21;
233;61;lesson_start;05/01/2026 05:22;101.0
234;62;app_open;12/03/2026 20:23;
235;62;signup_completed;12/03/2026 20:25;
236;62;onboarding_completed;12/03/2026 20:27;
237;63;app_open;14/02/2026 14:32;
238;63;signup_completed;14/02/2026 14:33;
239;63;onboarding_completed;14/02/2026 14:38;
240;63;lesson_start;14/02/2026 14:39;101.0
241;64;app_open;22/02/2026 01:30;
242;64;signup_completed;22/02/2026 01:30;
243;64;onboarding_completed;22/02/2026 01:32;
244;64;lesson_start;22/02/2026 01:34;101.0
245;64;quiz_completed;22/02/2026 01:38;101.0
246;64;streak_extended;27/02/2026 00:38;106.0
247;65;app_open;13/01/2026 02:51;
248;66;app_open;06/02/2026 18:02;
249;66;signup_completed;06/02/2026 18:04;
250;66;onboarding_completed;06/02/2026 18:06;
251;66;lesson_start;06/02/2026 18:08;101.0
252;67;app_open;08/01/2026 15:37;
253;67;signup_completed;08/01/2026 15:38;
254;67;onboarding_completed;08/01/2026 15:41;
255;67;lesson_start;08/01/2026 15:42;101.0
256;67;quiz_completed;08/01/2026 15:48;101.0
257;67;streak_extended;09/01/2026 15:48;102.0
258;68;app_open;23/02/2026 14:20;
259;69;app_open;29/01/2026 11:09;
260;69;signup_completed;29/01/2026 11:11;
261;69;onboarding_completed;29/01/2026 11:13;
262;69;lesson_start;29/01/2026 11:14;101.0
263;69;quiz_completed;29/01/2026 11:17;101.0
264;69;streak_extended;30/01/2026 10:17;102.0
265;69;streak_extended;03/02/2026 11:17;106.0
266;70;app_open;22/03/2026 12:39;
267;70;signup_completed;22/03/2026 12:40;
268;70;onboarding_completed;22/03/2026 12:42;
269;71;app_open;03/03/2026 00:50;
270;71;signup_completed;03/03/2026 00:51;
271;71;onboarding_completed;03/03/2026 00:55;
272;71;lesson_start;03/03/2026 00:56;101.0
273;71;quiz_completed;03/03/2026 01:00;101.0
274;71;streak_extended;04/03/2026 01:00;102.0
275;72;app_open;02/03/2026 01:15;
276;72;signup_completed;02/03/2026 01:16;
277;73;app_open;27/03/2026 23:15;
278;73;signup_completed;27/03/2026 23:17;
279;73;onboarding_completed;27/03/2026 23:18;
280;73;lesson_start;27/03/2026 23:19;101.0
281;74;app_open;25/03/2026 15:55;
282;74;signup_completed;25/03/2026 15:57;
283;74;onboarding_completed;25/03/2026 15:59;
284;75;app_open;05/02/2026 02:40;
285;75;signup_completed;05/02/2026 02:42;
286;75;onboarding_completed;05/02/2026 02:44;
287;75;lesson_start;05/02/2026 02:45;101.0
288;75;quiz_completed;05/02/2026 02:48;101.0
289;75;streak_extended;06/02/2026 04:48;102.0
290;75;streak_extended;08/02/2026 01:48;104.0
291;76;app_open;26/02/2026 01:19;
292;76;signup_completed;26/02/2026 01:20;
293;77;app_open;19/01/2026 16:03;
294;77;signup_completed;19/01/2026 16:05;
295;77;onboarding_completed;19/01/2026 16:06;
296;77;lesson_start;19/01/2026 16:08;101.0
297;77;quiz_completed;19/01/2026 16:16;101.0
298;77;streak_extended;21/01/2026 16:16;103.0
299;77;streak_extended;24/01/2026 15:16;106.0
300;78;app_open;10/03/2026 09:46;
301;78;signup_completed;10/03/2026 09:47;
302;78;onboarding_completed;10/03/2026 09:50;
303;79;app_open;07/01/2026 18:04;
304;79;signup_completed;07/01/2026 18:06;
305;79;onboarding_completed;07/01/2026 18:09;
306;79;lesson_start;07/01/2026 18:10;101.0
307;79;quiz_completed;07/01/2026 18:16;101.0
308;79;streak_extended;08/01/2026 19:16;102.0
309;79;streak_extended;09/01/2026 17:16;103.0
310;79;streak_extended;10/01/2026 17:16;104.0
311;80;app_open;05/01/2026 10:46;
312;80;signup_completed;05/01/2026 10:47;
313;81;app_open;06/03/2026 04:51;
314;81;signup_completed;06/03/2026 04:53;
315;82;app_open;23/01/2026 03:02;
316;82;signup_completed;23/01/2026 03:03;
317;82;onboarding_completed;23/01/2026 03:05;
318;82;lesson_start;23/01/2026 03:07;101.0
319;82;quiz_completed;23/01/2026 03:11;101.0
320;82;streak_extended;24/01/2026 01:11;102.0
321;82;streak_extended;25/01/2026 04:11;103.0
322;82;streak_extended;22/02/2026 02:11;131.0
323;83;app_open;17/03/2026 01:22;
324;83;signup_completed;17/03/2026 01:23;
325;84;app_open;29/01/2026 02:19;
326;84;signup_completed;29/01/2026 02:20;
327;84;onboarding_completed;29/01/2026 02:24;
328;84;lesson_start;29/01/2026 02:26;101.0
329;84;quiz_completed;29/01/2026 02:32;101.0
330;84;streak_extended;30/01/2026 00:32;102.0
331;84;streak_extended;31/01/2026 04:32;103.0
332;84;streak_extended;01/02/2026 00:32;104.0
333;85;app_open;08/01/2026 17:55;
334;85;signup_completed;08/01/2026 17:56;
335;85;onboarding_completed;08/01/2026 18:00;
336;86;app_open;25/03/2026 01:02;
337;86;signup_completed;25/03/2026 01:03;
338;86;onboarding_completed;25/03/2026 01:05;
339;86;lesson_start;25/03/2026 01:07;101.0
340;86;quiz_completed;25/03/2026 01:12;101.0
341;86;streak_extended;26/03/2026 00:12;102.0
342;86;streak_extended;26/03/2026 23:12;103.0
343;86;streak_extended;30/03/2026 01:12;106.0
344;87;app_open;23/01/2026 14:26;
345;87;signup_completed;23/01/2026 14:28;
346;87;onboarding_completed;23/01/2026 14:31;
347;88;app_open;26/03/2026 03:03;
348;88;signup_completed;26/03/2026 03:05;
349;89;app_open;10/01/2026 19:21;
350;89;signup_completed;10/01/2026 19:21;
351;89;onboarding_completed;10/01/2026 19:24;
352;89;lesson_start;10/01/2026 19:25;101.0
353;89;quiz_completed;10/01/2026 19:29;101.0
354;89;streak_extended;11/01/2026 17:29;102.0
355;89;streak_extended;12/01/2026 17:29;103.0
356;89;streak_extended;24/01/2026 17:29;115.0
357;90;app_open;06/02/2026 21:45;
358;90;signup_completed;06/02/2026 21:46;
359;90;onboarding_completed;06/02/2026 21:48;
360;90;lesson_start;06/02/2026 21:49;101.0
361;90;quiz_completed;06/02/2026 21:54;101.0
362;90;streak_extended;13/02/2026 23:54;108.0
363;91;app_open;27/01/2026 23:43;
364;92;app_open;14/02/2026 00:31;
365;92;signup_completed;14/02/2026 00:31;
366;92;onboarding_completed;14/02/2026 00:33;
367;93;app_open;03/03/2026 17:15;
368;93;signup_completed;03/03/2026 17:17;
369;93;onboarding_completed;03/03/2026 17:18;
370;94;app_open;22/03/2026 23:37;
371;94;signup_completed;22/03/2026 23:37;
372;95;app_open;05/02/2026 10:07;
373;95;signup_completed;05/02/2026 10:08;
374;96;app_open;16/01/2026 19:00;
375;96;signup_completed;16/01/2026 19:02;
376;96;onboarding_completed;16/01/2026 19:06;
377;96;lesson_start;16/01/2026 19:06;101.0
378;97;app_open;05/02/2026 22:35;
379;97;signup_completed;05/02/2026 22:36;
380;97;onboarding_completed;05/02/2026 22:41;
381;97;lesson_start;05/02/2026 22:43;101.0
382;98;app_open;04/02/2026 11:50;
383;98;signup_completed;04/02/2026 11:51;
384;98;onboarding_completed;04/02/2026 11:52;
385;98;lesson_start;04/02/2026 11:54;101.0
386;99;app_open;21/01/2026 08:11;
387;99;signup_completed;21/01/2026 08:11;
388;99;onboarding_completed;21/01/2026 08:14;
389;99;lesson_start;21/01/2026 08:15;101.0
390;99;quiz_completed;21/01/2026 08:22;101.0
391;99;streak_extended;22/01/2026 09:22;102.0
392;100;app_open;07/03/2026 01:37;
393;100;signup_completed;07/03/2026 01:38;
394;100;onboarding_completed;07/03/2026 01:42;
395;100;lesson_start;07/03/2026 01:44;101.0
396;100;quiz_completed;07/03/2026 01:51;101.0
397;100;streak_extended;08/03/2026 02:51;102.0
398;101;app_open;26/01/2026 22:06;
399;101;signup_completed;26/01/2026 22:07;
400;101;onboarding_completed;26/01/2026 22:10;
401;101;lesson_start;26/01/2026 22:10;101.0
402;101;quiz_completed;26/01/2026 22:16;101.0
403;101;streak_extended;28/01/2026 00:16;102.0
404;102;app_open;10/03/2026 03:21;
405;102;signup_completed;10/03/2026 03:23;
406;102;onboarding_completed;10/03/2026 03:26;
407;103;app_open;08/03/2026 08:46;
408;103;signup_completed;08/03/2026 08:48;
409;103;onboarding_completed;08/03/2026 08:51;
410;103;lesson_start;08/03/2026 08:53;101.0
411;104;app_open;04/03/2026 22:01;
412;104;signup_completed;04/03/2026 22:03;
413;104;onboarding_completed;04/03/2026 22:07;
414;105;app_open;07/01/2026 22:22;
415;105;signup_completed;07/01/2026 22:24;
416;106;app_open;01/03/2026 03:22;
417;106;signup_completed;01/03/2026 03:23;
418;107;app_open;03/03/2026 15:36;
419;107;signup_completed;03/03/2026 15:37;
420;108;app_open;17/01/2026 14:46;
421;108;signup_completed;17/01/2026 14:47;
422;108;onboarding_completed;17/01/2026 14:50;
423;108;lesson_start;17/01/2026 14:51;101.0
424;108;quiz_completed;17/01/2026 14:57;101.0
425;108;streak_extended;24/01/2026 15:57;108.0
426;108;streak_extended;16/02/2026 15:57;131.0
427;109;app_open;21/02/2026 20:38;
428;109;signup_completed;21/02/2026 20:39;
429;109;onboarding_completed;21/02/2026 20:44;
430;109;lesson_start;21/02/2026 20:45;101.0
431;110;app_open;12/03/2026 18:59;
432;110;signup_completed;12/03/2026 19:00;
433;110;onboarding_completed;12/03/2026 19:04;
434;111;app_open;24/01/2026 18:27;
435;112;app_open;16/01/2026 20:45;
436;112;signup_completed;16/01/2026 20:45;
437;113;app_open;14/02/2026 21:08;
438;113;signup_completed;14/02/2026 21:09;
439;113;onboarding_completed;14/02/2026 21:13;
440;113;lesson_start;14/02/2026 21:15;101.0
441;113;quiz_completed;14/02/2026 21:22;101.0
442;113;streak_extended;15/02/2026 20:22;102.0
443;113;streak_extended;16/02/2026 21:22;103.0
444;114;app_open;06/02/2026 20:11;
445;114;signup_completed;06/02/2026 20:12;
446;114;onboarding_completed;06/02/2026 20:17;
447;115;app_open;27/01/2026 05:01;
448;115;signup_completed;27/01/2026 05:02;
449;115;onboarding_completed;27/01/2026 05:03;
450;115;lesson_start;27/01/2026 05:05;101.0
451;115;quiz_completed;27/01/2026 05:12;101.0
452;115;streak_extended;29/01/2026 05:12;103.0
453;115;streak_extended;30/01/2026 06:12;104.0
454;115;streak_extended;01/02/2026 07:12;106.0
455;115;streak_extended;03/02/2026 06:12;108.0
456;116;app_open;04/03/2026 03:18;
457;116;signup_completed;04/03/2026 03:20;
458;116;onboarding_completed;04/03/2026 03:24;
459;116;lesson_start;04/03/2026 03:25;101.0
460;117;app_open;08/03/2026 19:32;
461;117;signup_completed;08/03/2026 19:33;
462;118;app_open;24/02/2026 01:47;
463;119;app_open;22/01/2026 07:44;
464;119;signup_completed;22/01/2026 07:45;
465;119;onboarding_completed;22/01/2026 07:46;
466;119;lesson_start;22/01/2026 07:48;101.0
467;119;quiz_completed;22/01/2026 07:54;101.0
468;119;streak_extended;23/01/2026 08:54;102.0
469;119;streak_extended;24/01/2026 09:54;103.0
470;120;app_open;08/03/2026 11:16;
471;120;signup_completed;08/03/2026 11:16;
472;120;onboarding_completed;08/03/2026 11:20;
473;121;app_open;01/02/2026 11:38;
474;121;signup_completed;01/02/2026 11:39;
475;122;app_open;23/03/2026 19:59;
476;122;signup_completed;23/03/2026 20:00;
477;122;onboarding_completed;23/03/2026 20:05;
478;122;lesson_start;23/03/2026 20:06;101.0
479;122;quiz_completed;23/03/2026 20:11;101.0
480;122;streak_extended;26/03/2026 19:11;104.0
481;123;app_open;16/03/2026 14:18;
482;123;signup_completed;16/03/2026 14:19;
483;123;onboarding_completed;16/03/2026 14:23;
484;124;app_open;17/03/2026 08:12;
485;124;signup_completed;17/03/2026 08:14;
486;124;onboarding_completed;17/03/2026 08:18;
487;124;lesson_start;17/03/2026 08:19;101.0
488;124;quiz_completed;17/03/2026 08:22;101.0
489;124;streak_extended;18/03/2026 06:22;102.0
490;124;streak_extended;20/03/2026 07:22;104.0
491;124;streak_extended;31/03/2026 06:22;115.0
492;125;app_open;06/01/2026 10:20;
493;125;signup_completed;06/01/2026 10:22;
494;125;onboarding_completed;06/01/2026 10:26;
495;125;lesson_start;06/01/2026 10:28;101.0
496;126;app_open;23/01/2026 05:43;
497;126;signup_completed;23/01/2026 05:44;
498;126;onboarding_completed;23/01/2026 05:47;
499;126;lesson_start;23/01/2026 05:48;101.0
500;127;app_open;21/03/2026 18:56;
501;127;signup_completed;21/03/2026 18:57;
502;127;onboarding_completed;21/03/2026 18:58;
503;128;app_open;04/01/2026 02:47;
504;128;signup_completed;04/01/2026 02:49;
505;128;onboarding_completed;04/01/2026 02:53;
506;128;lesson_start;04/01/2026 02:54;101.0
507;128;quiz_completed;04/01/2026 03:01;101.0
508;129;app_open;20/03/2026 03:53;
509;129;signup_completed;20/03/2026 03:54;
510;129;onboarding_completed;20/03/2026 03:56;
511;130;app_open;31/01/2026 15:03;
512;130;signup_completed;31/01/2026 15:04;
513;130;onboarding_completed;31/01/2026 15:05;
514;130;lesson_start;31/01/2026 15:06;101.0
515;130;quiz_completed;31/01/2026 15:12;101.0
516;130;streak_extended;01/02/2026 17:12;102.0
517;130;streak_extended;03/02/2026 16:12;104.0
518;130;streak_extended;07/02/2026 14:12;108.0
519;131;app_open;08/02/2026 22:46;
520;131;signup_completed;08/02/2026 22:48;
521;131;onboarding_completed;08/02/2026 22:52;
522;131;lesson_start;08/02/2026 22:54;101.0
523;131;quiz_completed;08/02/2026 23:00;101.0
524;131;streak_extended;09/02/2026 23:00;102.0
525;131;streak_extended;23/02/2026 01:00;115.0
526;132;app_open;26/01/2026 23:52;
527;132;signup_completed;26/01/2026 23:53;
528;133;app_open;07/01/2026 10:13;
529;133;signup_completed;07/01/2026 10:15;
530;133;onboarding_completed;07/01/2026 10:16;
531;134;app_open;21/01/2026 11:37;
532;134;signup_completed;21/01/2026 11:39;
533;135;app_open;30/03/2026 15:45;
534;135;signup_completed;30/03/2026 15:47;
535;135;onboarding_completed;30/03/2026 15:51;
536;135;lesson_start;30/03/2026 15:52;101.0
537;136;app_open;25/02/2026 01:37;
538;136;signup_completed;25/02/2026 01:39;
539;136;onboarding_completed;25/02/2026 01:40;
540;137;app_open;27/03/2026 02:05;
541;137;signup_completed;27/03/2026 02:05;
542;137;onboarding_completed;27/03/2026 02:09;
543;138;app_open;11/03/2026 16:51;
544;138;signup_completed;11/03/2026 16:53;
545;139;app_open;31/01/2026 13:15;
546;139;signup_completed;31/01/2026 13:16;
547;139;onboarding_completed;31/01/2026 13:17;
548;139;lesson_start;31/01/2026 13:19;101.0
549;139;quiz_completed;31/01/2026 13:26;101.0
550;139;streak_extended;01/02/2026 11:26;102.0
551;139;streak_extended;02/02/2026 15:26;103.0
552;139;streak_extended;07/02/2026 12:26;108.0
553;140;app_open;21/01/2026 15:27;
554;140;signup_completed;21/01/2026 15:28;
555;141;app_open;05/03/2026 15:16;
556;141;signup_completed;05/03/2026 15:18;
557;141;onboarding_completed;05/03/2026 15:23;
558;141;lesson_start;05/03/2026 15:25;101.0
559;141;quiz_completed;05/03/2026 15:31;101.0
560;141;streak_extended;07/03/2026 13:31;103.0
561;141;streak_extended;08/03/2026 15:31;104.0
562;142;app_open;18/02/2026 11:17;
563;142;signup_completed;18/02/2026 11:19;
564;142;onboarding_completed;18/02/2026 11:21;
565;142;lesson_start;18/02/2026 11:23;101.0
566;142;quiz_completed;18/02/2026 11:26;101.0
567;142;streak_extended;04/03/2026 13:26;115.0
568;142;streak_extended;20/03/2026 11:26;131.0
569;143;app_open;08/02/2026 09:53;
570;143;signup_completed;08/02/2026 09:54;
571;144;app_open;27/03/2026 21:27;
572;144;signup_completed;27/03/2026 21:29;
573;145;app_open;30/03/2026 19:03;
574;145;signup_completed;30/03/2026 19:03;
575;145;onboarding_completed;30/03/2026 19:05;
576;146;app_open;04/03/2026 09:57;
577;146;signup_completed;04/03/2026 09:58;
578;146;onboarding_completed;04/03/2026 10:02;
579;146;lesson_start;04/03/2026 10:04;101.0
580;147;app_open;14/02/2026 13:12;
581;148;app_open;14/01/2026 20:54;
582;148;signup_completed;14/01/2026 20:56;
583;148;onboarding_completed;14/01/2026 20:57;
584;148;lesson_start;14/01/2026 20:59;101.0
585;148;quiz_completed;14/01/2026 21:02;101.0
586;148;streak_extended;15/01/2026 23:02;102.0
587;148;streak_extended;16/01/2026 23:02;103.0
588;149;app_open;26/01/2026 17:12;
589;149;signup_completed;26/01/2026 17:14;
590;150;app_open;14/01/2026 13:21;
591;150;signup_completed;14/01/2026 13:22;
592;150;onboarding_completed;14/01/2026 13:27;
593;150;lesson_start;14/01/2026 13:27;101.0
594;150;quiz_completed;14/01/2026 13:35;101.0
595;151;app_open;24/01/2026 22:41;
596;151;signup_completed;24/01/2026 22:41;
597;151;onboarding_completed;24/01/2026 22:45;
598;151;lesson_start;24/01/2026 22:46;101.0
599;151;quiz_completed;24/01/2026 22:51;101.0
600;151;streak_extended;26/01/2026 00:51;102.0
601;151;streak_extended;26/01/2026 21:51;103.0
602;151;streak_extended;27/01/2026 23:51;104.0
603;152;app_open;14/03/2026 07:57;
604;152;signup_completed;14/03/2026 07:58;
605;153;app_open;24/02/2026 12:04;
606;153;signup_completed;24/02/2026 12:06;
607;153;onboarding_completed;24/02/2026 12:08;
608;154;app_open;22/02/2026 07:54;
609;154;signup_completed;22/02/2026 07:55;
610;155;app_open;26/01/2026 12:13;
611;155;signup_completed;26/01/2026 12:15;
612;156;app_open;14/03/2026 12:40;
613;156;signup_completed;14/03/2026 12:41;
614;157;app_open;26/02/2026 18:11;
615;157;signup_completed;26/02/2026 18:11;
616;157;onboarding_completed;26/02/2026 18:15;
617;157;lesson_start;26/02/2026 18:16;101.0
618;158;app_open;11/02/2026 14:19;
619;158;signup_completed;11/02/2026 14:21;
620;158;onboarding_completed;11/02/2026 14:25;
621;159;app_open;29/03/2026 04:04;
622;159;signup_completed;29/03/2026 04:05;
623;160;app_open;26/02/2026 15:43;
624;160;signup_completed;26/02/2026 15:45;
625;160;onboarding_completed;26/02/2026 15:49;
626;160;lesson_start;26/02/2026 15:50;101.0
627;160;quiz_completed;26/02/2026 15:54;101.0
628;160;streak_extended;27/02/2026 17:54;102.0
629;160;streak_extended;05/03/2026 16:54;108.0
630;161;app_open;08/02/2026 18:40;
631;161;signup_completed;08/02/2026 18:41;
632;161;onboarding_completed;08/02/2026 18:44;
633;161;lesson_start;08/02/2026 18:45;101.0
634;161;quiz_completed;08/02/2026 18:48;101.0
635;161;streak_extended;15/02/2026 20:48;108.0
636;161;streak_extended;22/02/2026 17:48;115.0
637;162;app_open;05/02/2026 03:30;
638;163;app_open;22/01/2026 07:03;
639;163;signup_completed;22/01/2026 07:04;
640;163;onboarding_completed;22/01/2026 07:07;
641;164;app_open;14/01/2026 10:20;
642;164;signup_completed;14/01/2026 10:21;
643;164;onboarding_completed;14/01/2026 10:23;
644;164;lesson_start;14/01/2026 10:24;101.0
645;164;quiz_completed;14/01/2026 10:31;101.0
646;164;streak_extended;16/01/2026 11:31;103.0
647;164;streak_extended;21/01/2026 10:31;108.0
648;164;streak_extended;28/01/2026 12:31;115.0
649;165;app_open;19/02/2026 11:16;
650;165;signup_completed;19/02/2026 11:17;
651;165;onboarding_completed;19/02/2026 11:21;
652;165;lesson_start;19/02/2026 11:22;101.0
653;165;quiz_completed;19/02/2026 11:30;101.0
654;166;app_open;17/02/2026 21:58;
655;166;signup_completed;17/02/2026 22:00;
656;167;app_open;09/01/2026 19:50;
657;167;signup_completed;09/01/2026 19:50;
658;167;onboarding_completed;09/01/2026 19:52;
659;167;lesson_start;09/01/2026 19:52;101.0
660;167;quiz_completed;09/01/2026 19:58;101.0
661;167;streak_extended;10/01/2026 18:58;102.0
662;167;streak_extended;11/01/2026 21:58;103.0
663;167;streak_extended;14/01/2026 18:58;106.0
664;168;app_open;15/03/2026 09:06;
665;168;signup_completed;15/03/2026 09:07;
666;168;onboarding_completed;15/03/2026 09:09;
667;169;app_open;05/01/2026 13:47;
668;169;signup_completed;05/01/2026 13:48;
669;169;onboarding_completed;05/01/2026 13:51;
670;169;lesson_start;05/01/2026 13:52;101.0
671;169;quiz_completed;05/01/2026 13:55;101.0
672;169;streak_extended;07/01/2026 12:55;103.0
673;169;streak_extended;08/01/2026 12:55;104.0
674;170;app_open;25/03/2026 14:30;
675;170;signup_completed;25/03/2026 14:32;
676;171;app_open;11/01/2026 15:30;
677;172;app_open;15/01/2026 20:08;
678;172;signup_completed;15/01/2026 20:10;
679;173;app_open;02/03/2026 22:03;
680;173;signup_completed;02/03/2026 22:04;
681;173;onboarding_completed;02/03/2026 22:06;
682;174;app_open;16/01/2026 12:47;
683;174;signup_completed;16/01/2026 12:47;
684;174;onboarding_completed;16/01/2026 12:51;
685;174;lesson_start;16/01/2026 12:52;101.0
686;174;quiz_completed;16/01/2026 12:59;101.0
687;174;streak_extended;17/01/2026 10:59;102.0
688;174;streak_extended;18/01/2026 13:59;103.0
689;174;streak_extended;19/01/2026 10:59;104.0
690;174;streak_extended;21/01/2026 14:59;106.0
691;175;app_open;18/03/2026 21:40;
692;175;signup_completed;18/03/2026 21:42;
693;175;onboarding_completed;18/03/2026 21:47;
694;176;app_open;08/03/2026 01:38;
695;176;signup_completed;08/03/2026 01:38;
696;176;onboarding_completed;08/03/2026 01:42;
697;176;lesson_start;08/03/2026 01:44;101.0
698;176;quiz_completed;08/03/2026 01:47;101.0
699;176;streak_extended;22/03/2026 03:47;115.0
700;177;app_open;10/02/2026 23:42;
701;178;app_open;27/02/2026 21:44;
702;178;signup_completed;27/02/2026 21:45;
703;178;onboarding_completed;27/02/2026 21:49;
704;179;app_open;07/01/2026 04:01;
705;179;signup_completed;07/01/2026 04:03;
706;179;onboarding_completed;07/01/2026 04:06;
707;179;lesson_start;07/01/2026 04:07;101.0
708;180;app_open;07/02/2026 08:34;
709;181;app_open;07/02/2026 01:14;
710;181;signup_completed;07/02/2026 01:16;
711;182;app_open;27/02/2026 20:31;
712;182;signup_completed;27/02/2026 20:32;
713;182;onboarding_completed;27/02/2026 20:36;
714;183;app_open;15/02/2026 10:38;
715;183;signup_completed;15/02/2026 10:38;
716;183;onboarding_completed;15/02/2026 10:41;
717;184;app_open;21/02/2026 08:55;
718;184;signup_completed;21/02/2026 08:56;
719;184;onboarding_completed;21/02/2026 08:58;
720;184;lesson_start;21/02/2026 08:59;101.0
721;184;quiz_completed;21/02/2026 09:04;101.0
722;184;streak_extended;23/02/2026 09:04;103.0
723;185;app_open;25/01/2026 09:50;
724;185;signup_completed;25/01/2026 09:51;
725;185;onboarding_completed;25/01/2026 09:54;
726;185;lesson_start;25/01/2026 09:55;101.0
727;185;quiz_completed;25/01/2026 10:01;101.0
728;186;app_open;23/02/2026 17:06;
729;186;signup_completed;23/02/2026 17:07;
730;187;app_open;25/03/2026 13:45;
731;187;signup_completed;25/03/2026 13:47;
732;187;onboarding_completed;25/03/2026 13:51;
733;187;lesson_start;25/03/2026 13:52;101.0
734;188;app_open;02/01/2026 02:45;
735;188;signup_completed;02/01/2026 02:45;
736;189;app_open;08/03/2026 01:10;
737;189;signup_completed;08/03/2026 01:12;
738;189;onboarding_completed;08/03/2026 01:13;
739;189;lesson_start;08/03/2026 01:14;101.0
740;189;quiz_completed;08/03/2026 01:17;101.0
741;189;streak_extended;07/04/2026 00:17;131.0
742;190;app_open;11/03/2026 23:24;
743;190;signup_completed;11/03/2026 23:25;
744;190;onboarding_completed;11/03/2026 23:30;
745;191;app_open;12/01/2026 02:55;
746;191;signup_completed;12/01/2026 02:56;
747;191;onboarding_completed;12/01/2026 03:00;
748;191;lesson_start;12/01/2026 03:02;101.0
749;191;quiz_completed;12/01/2026 03:06;101.0
750;191;streak_extended;14/01/2026 01:06;103.0
751;191;streak_extended;17/01/2026 03:06;106.0
752;192;app_open;08/03/2026 04:30;
753;192;signup_completed;08/03/2026 04:31;
754;192;onboarding_completed;08/03/2026 04:35;
755;192;lesson_start;08/03/2026 04:35;101.0
756;192;quiz_completed;08/03/2026 04:43;101.0
757;192;streak_extended;10/03/2026 04:43;103.0
758;192;streak_extended;11/03/2026 03:43;104.0
759;192;streak_extended;22/03/2026 03:43;115.0
760;193;app_open;27/03/2026 21:42;
761;193;signup_completed;27/03/2026 21:43;
762;193;onboarding_completed;27/03/2026 21:45;
763;194;app_open;22/02/2026 03:13;
764;194;signup_completed;22/02/2026 03:14;
765;195;app_open;14/03/2026 21:40;
766;195;signup_completed;14/03/2026 21:42;
767;195;onboarding_completed;14/03/2026 21:44;
768;196;app_open;26/01/2026 21:44;
769;196;signup_completed;26/01/2026 21:45;
770;197;app_open;16/03/2026 14:57;
771;198;app_open;04/03/2026 05:32;
772;198;signup_completed;04/03/2026 05:34;
773;199;app_open;03/02/2026 00:39;
774;199;signup_completed;03/02/2026 00:41;
775;199;onboarding_completed;03/02/2026 00:42;
776;199;lesson_start;03/02/2026 00:44;101.0
777;200;app_open;11/01/2026 19:56;
778;200;signup_completed;11/01/2026 19:57;
779;201;app_open;29/01/2026 11:54;
780;201;signup_completed;29/01/2026 11:55;
781;201;onboarding_completed;29/01/2026 11:56;
782;202;app_open;12/02/2026 05:04;
783;202;signup_completed;12/02/2026 05:05;
784;202;onboarding_completed;12/02/2026 05:09;
785;203;app_open;16/01/2026 08:32;
786;203;signup_completed;16/01/2026 08:33;
787;204;app_open;14/02/2026 01:15;
788;204;signup_completed;14/02/2026 01:16;
789;204;onboarding_completed;14/02/2026 01:19;
790;204;lesson_start;14/02/2026 01:21;101.0
791;204;quiz_completed;14/02/2026 01:26;101.0
792;204;streak_extended;15/02/2026 00:26;102.0
793;204;streak_extended;16/02/2026 00:26;103.0
794;204;streak_extended;19/02/2026 00:26;106.0
795;205;app_open;01/01/2026 07:33;
796;205;signup_completed;01/01/2026 07:34;
797;206;app_open;12/03/2026 02:35;
798;206;signup_completed;12/03/2026 02:37;
799;206;onboarding_completed;12/03/2026 02:38;
800;207;app_open;27/03/2026 00:53;
801;207;signup_completed;27/03/2026 00:53;
802;208;app_open;11/03/2026 20:58;
803;208;signup_completed;11/03/2026 20:59;
804;208;onboarding_completed;11/03/2026 21:04;
805;209;app_open;26/01/2026 13:44;
806;209;signup_completed;26/01/2026 13:45;
807;209;onboarding_completed;26/01/2026 13:50;
808;210;app_open;18/02/2026 14:27;
809;210;signup_completed;18/02/2026 14:27;
810;211;app_open;15/03/2026 23:30;
811;211;signup_completed;15/03/2026 23:31;
812;212;app_open;18/01/2026 08:17;
813;212;signup_completed;18/01/2026 08:18;
814;212;onboarding_completed;18/01/2026 08:21;
815;212;lesson_start;18/01/2026 08:23;101.0
816;213;app_open;19/02/2026 06:59;
817;213;signup_completed;19/02/2026 06:59;
818;213;onboarding_completed;19/02/2026 07:02;
819;213;lesson_start;19/02/2026 07:02;101.0
820;213;quiz_completed;19/02/2026 07:07;101.0
821;213;streak_extended;20/02/2026 05:07;102.0
822;213;streak_extended;21/02/2026 09:07;103.0
823;213;streak_extended;24/02/2026 07:07;106.0
824;214;app_open;30/03/2026 14:34;
825;214;signup_completed;30/03/2026 14:36;
826;214;onboarding_completed;30/03/2026 14:38;
827;215;app_open;11/01/2026 07:57;
828;215;signup_completed;11/01/2026 07:58;
829;215;onboarding_completed;11/01/2026 08:00;
830;215;lesson_start;11/01/2026 08:01;101.0
831;215;quiz_completed;11/01/2026 08:05;101.0
832;215;streak_extended;18/01/2026 07:05;108.0
833;215;streak_extended;10/02/2026 09:05;131.0
834;216;app_open;26/03/2026 12:27;
835;216;signup_completed;26/03/2026 12:29;
836;216;onboarding_completed;26/03/2026 12:33;
837;216;lesson_start;26/03/2026 12:34;101.0
838;216;quiz_completed;26/03/2026 12:42;101.0
839;216;streak_extended;28/03/2026 10:42;103.0
840;216;streak_extended;31/03/2026 12:42;106.0
841;217;app_open;02/03/2026 17:03;
842;217;signup_completed;02/03/2026 17:04;
843;217;onboarding_completed;02/03/2026 17:07;
844;218;app_open;29/01/2026 23:25;
845;218;signup_completed;29/01/2026 23:26;
846;218;onboarding_completed;29/01/2026 23:28;
847;219;app_open;23/03/2026 17:13;
848;220;app_open;04/03/2026 00:51;
849;220;signup_completed;04/03/2026 00:53;
850;220;onboarding_completed;04/03/2026 00:56;
851;220;lesson_start;04/03/2026 00:58;101.0
852;220;quiz_completed;04/03/2026 01:04;101.0
853;221;app_open;19/02/2026 06:56;
854;221;signup_completed;19/02/2026 06:57;
855;221;onboarding_completed;19/02/2026 07:02;
856;221;lesson_start;19/02/2026 07:03;101.0
857;221;quiz_completed;19/02/2026 07:10;101.0
858;221;streak_extended;21/02/2026 06:10;103.0
859;221;streak_extended;22/02/2026 07:10;104.0
860;222;app_open;01/03/2026 03:00;
861;222;signup_completed;01/03/2026 03:01;
862;223;app_open;20/01/2026 07:29;
863;224;app_open;15/01/2026 20:08;
864;224;signup_completed;15/01/2026 20:10;
865;225;app_open;06/02/2026 07:16;
866;225;signup_completed;06/02/2026 07:17;
867;226;app_open;16/03/2026 00:46;
868;226;signup_completed;16/03/2026 00:47;
869;226;onboarding_completed;16/03/2026 00:52;
870;227;app_open;16/01/2026 16:26;
871;227;signup_completed;16/01/2026 16:27;
872;227;onboarding_completed;16/01/2026 16:28;
873;227;lesson_start;16/01/2026 16:29;101.0
874;227;quiz_completed;16/01/2026 16:32;101.0
875;227;streak_extended;21/01/2026 18:32;106.0
876;227;streak_extended;23/01/2026 17:32;108.0
877;228;app_open;22/02/2026 08:50;
878;228;signup_completed;22/02/2026 08:52;
879;228;onboarding_completed;22/02/2026 08:55;
880;229;app_open;17/03/2026 14:19;
881;229;signup_completed;17/03/2026 14:21;
882;229;onboarding_completed;17/03/2026 14:26;
883;229;lesson_start;17/03/2026 14:27;101.0
884;229;quiz_completed;17/03/2026 14:35;101.0
885;229;streak_extended;20/03/2026 16:35;104.0
886;229;streak_extended;22/03/2026 16:35;106.0
887;230;app_open;21/02/2026 11:48;
888;230;signup_completed;21/02/2026 11:50;
889;230;onboarding_completed;21/02/2026 11:52;
890;231;app_open;01/01/2026 01:19;
891;231;signup_completed;01/01/2026 01:20;
892;232;app_open;28/02/2026 03:38;
893;232;signup_completed;28/02/2026 03:39;
894;232;onboarding_completed;28/02/2026 03:41;
895;232;lesson_start;28/02/2026 03:41;101.0
896;232;quiz_completed;28/02/2026 03:45;101.0
897;232;streak_extended;01/03/2026 04:45;102.0
898;233;app_open;01/02/2026 11:20;
899;233;signup_completed;01/02/2026 11:22;
900;233;onboarding_completed;01/02/2026 11:23;
901;233;lesson_start;01/02/2026 11:23;101.0
902;233;quiz_completed;01/02/2026 11:31;101.0
903;233;streak_extended;02/02/2026 10:31;102.0
904;233;streak_extended;03/02/2026 12:31;103.0
905;233;streak_extended;06/02/2026 09:31;106.0
906;234;app_open;17/02/2026 10:32;
907;235;app_open;02/01/2026 21:23;
908;235;signup_completed;02/01/2026 21:24;
909;235;onboarding_completed;02/01/2026 21:28;
910;236;app_open;11/01/2026 20:40;
911;236;signup_completed;11/01/2026 20:41;
912;236;onboarding_completed;11/01/2026 20:42;
913;236;lesson_start;11/01/2026 20:43;101.0
914;236;quiz_completed;11/01/2026 20:50;101.0
915;236;streak_extended;13/01/2026 22:50;103.0
916;236;streak_extended;18/01/2026 22:50;108.0
917;236;streak_extended;25/01/2026 18:50;115.0
918;237;app_open;05/02/2026 05:48;
919;237;signup_completed;05/02/2026 05:49;
920;237;onboarding_completed;05/02/2026 05:51;
921;237;lesson_start;05/02/2026 05:51;101.0
922;237;quiz_completed;05/02/2026 05:57;101.0
923;237;streak_extended;06/02/2026 06:57;102.0
924;238;app_open;27/03/2026 07:34;
925;238;signup_completed;27/03/2026 07:35;
926;238;onboarding_completed;27/03/2026 07:38;
927;238;lesson_start;27/03/2026 07:40;101.0
928;238;quiz_completed;27/03/2026 07:46;101.0
929;238;streak_extended;29/03/2026 06:46;103.0
930;239;app_open;22/03/2026 17:55;
931;239;signup_completed;22/03/2026 17:55;
932;239;onboarding_completed;22/03/2026 17:57;
933;239;lesson_start;22/03/2026 17:59;101.0
934;240;app_open;20/03/2026 07:55;
935;241;app_open;30/01/2026 20:33;
936;241;signup_completed;30/01/2026 20:34;
937;241;onboarding_completed;30/01/2026 20:37;
938;241;lesson_start;30/01/2026 20:38;101.0
939;241;quiz_completed;30/01/2026 20:43;101.0
940;241;streak_extended;31/01/2026 18:43;102.0
941;241;streak_extended;02/02/2026 18:43;104.0
942;241;streak_extended;04/02/2026 21:43;106.0
943;242;app_open;24/01/2026 05:57;
944;242;signup_completed;24/01/2026 05:58;
945;242;onboarding_completed;24/01/2026 06:00;
946;242;lesson_start;24/01/2026 06:01;101.0
947;242;quiz_completed;24/01/2026 06:05;101.0
948;242;streak_extended;25/01/2026 04:05;102.0
949;242;streak_extended;26/01/2026 07:05;103.0
950;242;streak_extended;27/01/2026 08:05;104.0
951;242;streak_extended;23/02/2026 06:05;131.0
952;243;app_open;06/01/2026 14:58;
953;243;signup_completed;06/01/2026 15:00;
954;243;onboarding_completed;06/01/2026 15:01;
955;243;lesson_start;06/01/2026 15:02;101.0
956;243;quiz_completed;06/01/2026 15:10;101.0
957;243;streak_extended;13/01/2026 16:10;108.0
958;244;app_open;24/01/2026 09:16;
959;244;signup_completed;24/01/2026 09:17;
960;244;onboarding_completed;24/01/2026 09:21;
961;244;lesson_start;24/01/2026 09:22;101.0
962;244;quiz_completed;24/01/2026 09:30;101.0
963;244;streak_extended;25/01/2026 09:30;102.0
964;244;streak_extended;26/01/2026 10:30;103.0
965;244;streak_extended;27/01/2026 11:30;104.0
966;244;streak_extended;07/02/2026 08:30;115.0
967;245;app_open;27/03/2026 05:54;
968;245;signup_completed;27/03/2026 05:56;
969;245;onboarding_completed;27/03/2026 05:57;
970;246;app_open;25/02/2026 02:02;
971;246;signup_completed;25/02/2026 02:03;
972;247;app_open;08/01/2026 15:31;
973;247;signup_completed;08/01/2026 15:32;
974;248;app_open;09/01/2026 07:35;
975;248;signup_completed;09/01/2026 07:35;
976;248;onboarding_completed;09/01/2026 07:39;
977;249;app_open;13/03/2026 01:28;
978;249;signup_completed;13/03/2026 01:30;
979;249;onboarding_completed;13/03/2026 01:33;
980;249;lesson_start;13/03/2026 01:34;101.0
981;249;quiz_completed;13/03/2026 01:39;101.0
982;249;streak_extended;14/03/2026 03:39;102.0
983;249;streak_extended;16/03/2026 00:39;104.0
984;249;streak_extended;17/03/2026 23:39;106.0
985;249;streak_extended;20/03/2026 02:39;108.0
986;249;streak_extended;12/04/2026 02:39;131.0
987;250;app_open;17/02/2026 04:26;
988;250;signup_completed;17/02/2026 04:28;
989;250;onboarding_completed;17/02/2026 04:31;
990;250;lesson_start;17/02/2026 04:32;101.0
991;250;quiz_completed;17/02/2026 04:36;101.0
992;250;streak_extended;18/02/2026 03:36;102.0
993;251;app_open;21/03/2026 05:28;
994;251;signup_completed;21/03/2026 05:29;
995;252;app_open;07/01/2026 17:16;
996;252;signup_completed;07/01/2026 17:17;
997;253;app_open;15/03/2026 20:19;
998;253;signup_completed;15/03/2026 20:20;
999;253;onboarding_completed;15/03/2026 20:25;
1000;253;lesson_start;15/03/2026 20:25;101.0
1001;254;app_open;21/02/2026 17:17;
1002;254;signup_completed;21/02/2026 17:18;
1003;254;onboarding_completed;21/02/2026 17:20;
1004;254;lesson_start;21/02/2026 17:22;101.0
1005;254;quiz_completed;21/02/2026 17:26;101.0
1006;254;streak_extended;22/02/2026 19:26;102.0
1007;254;streak_extended;23/02/2026 15:26;103.0
1008;255;app_open;16/03/2026 08:31;
1009;255;signup_completed;16/03/2026 08:32;
1010;255;onboarding_completed;16/03/2026 08:35;
1011;255;lesson_start;16/03/2026 08:35;101.0
1012;255;quiz_completed;16/03/2026 08:42;101.0
1013;256;app_open;13/01/2026 05:02;
1014;256;signup_completed;13/01/2026 05:03;
1015;256;onboarding_completed;13/01/2026 05:07;
1016;256;lesson_start;13/01/2026 05:08;101.0
1017;257;app_open;13/01/2026 11:10;
1018;258;app_open;06/03/2026 01:19;
1019;258;signup_completed;06/03/2026 01:21;
1020;258;onboarding_completed;06/03/2026 01:23;
1021;258;lesson_start;06/03/2026 01:24;101.0
1022;259;app_open;16/02/2026 03:29;
1023;259;signup_completed;16/02/2026 03:30;
1024;259;onboarding_completed;16/02/2026 03:35;
1025;259;lesson_start;16/02/2026 03:36;101.0
1026;260;app_open;23/02/2026 09:08;
1027;260;signup_completed;23/02/2026 09:09;
1028;260;onboarding_completed;23/02/2026 09:13;
1029;261;app_open;17/01/2026 00:46;
1030;261;signup_completed;17/01/2026 00:48;
1031;261;onboarding_completed;17/01/2026 00:51;
1032;262;app_open;26/01/2026 17:37;
1033;262;signup_completed;26/01/2026 17:38;
1034;262;onboarding_completed;26/01/2026 17:39;
1035;262;lesson_start;26/01/2026 17:40;101.0
1036;263;app_open;21/02/2026 05:34;
1037;263;signup_completed;21/02/2026 05:35;
1038;264;app_open;26/03/2026 16:54;
1039;264;signup_completed;26/03/2026 16:56;
1040;264;onboarding_completed;26/03/2026 16:58;
1041;265;app_open;28/02/2026 21:27;
1042;265;signup_completed;28/02/2026 21:29;
1043;265;onboarding_completed;28/02/2026 21:34;
1044;266;app_open;11/02/2026 01:58;
1045;266;signup_completed;11/02/2026 01:59;
1046;266;onboarding_completed;11/02/2026 02:01;
1047;266;lesson_start;11/02/2026 02:03;101.0
1048;266;quiz_completed;11/02/2026 02:07;101.0
1049;266;streak_extended;14/02/2026 03:07;104.0
1050;267;app_open;21/01/2026 13:31;
1051;267;signup_completed;21/01/2026 13:33;
1052;268;app_open;22/02/2026 08:39;
1053;268;signup_completed;22/02/2026 08:40;
1054;268;onboarding_completed;22/02/2026 08:43;
1055;268;lesson_start;22/02/2026 08:44;101.0
1056;268;quiz_completed;22/02/2026 08:48;101.0
1057;268;streak_extended;23/02/2026 07:48;102.0
1058;268;streak_extended;24/02/2026 09:48;103.0
1059;268;streak_extended;08/03/2026 09:48;115.0
1060;269;app_open;15/03/2026 07:53;
1061;269;signup_completed;15/03/2026 07:54;
1062;269;onboarding_completed;15/03/2026 07:57;
1063;269;lesson_start;15/03/2026 07:57;101.0
1064;269;quiz_completed;15/03/2026 08:03;101.0
1065;269;streak_extended;16/03/2026 10:03;102.0
1066;270;app_open;12/03/2026 20:51;
1067;270;signup_completed;12/03/2026 20:53;
1068;270;onboarding_completed;12/03/2026 20:57;
1069;270;lesson_start;12/03/2026 20:58;101.0
1070;270;quiz_completed;12/03/2026 21:04;101.0
1071;270;streak_extended;13/03/2026 23:04;102.0
1072;270;streak_extended;14/03/2026 22:04;103.0
1073;270;streak_extended;11/04/2026 21:04;131.0
1074;271;app_open;08/03/2026 23:30;
1075;271;signup_completed;08/03/2026 23:31;
1076;271;onboarding_completed;08/03/2026 23:36;
1077;271;lesson_start;08/03/2026 23:36;101.0
1078;271;quiz_completed;08/03/2026 23:41;101.0
1079;271;streak_extended;09/03/2026 23:41;102.0
1080;271;streak_extended;10/03/2026 21:41;103.0
1081;271;streak_extended;11/03/2026 21:41;104.0
1082;271;streak_extended;14/03/2026 01:41;106.0
1083;272;app_open;20/01/2026 12:42;
1084;272;signup_completed;20/01/2026 12:44;
1085;273;app_open;11/03/2026 05:17;
1086;273;signup_completed;11/03/2026 05:18;
1087;273;onboarding_completed;11/03/2026 05:20;
1088;274;app_open;31/01/2026 06:21;
1089;274;signup_completed;31/01/2026 06:22;
1090;274;onboarding_completed;31/01/2026 06:24;
1091;274;lesson_start;31/01/2026 06:26;101.0
1092;275;app_open;08/02/2026 17:43;
1093;275;signup_completed;08/02/2026 17:45;
1094;275;onboarding_completed;08/02/2026 17:47;
1095;275;lesson_start;08/02/2026 17:49;101.0
1096;275;quiz_completed;08/02/2026 17:54;101.0
1097;275;streak_extended;09/02/2026 17:54;102.0
1098;275;streak_extended;10/02/2026 19:54;103.0
1099;275;streak_extended;11/02/2026 18:54;104.0
1100;275;streak_extended;15/02/2026 18:54;108.0
1101;276;app_open;07/03/2026 05:08;
1102;277;app_open;05/03/2026 02:19;
1103;277;signup_completed;05/03/2026 02:20;
1104;277;onboarding_completed;05/03/2026 02:24;
1105;278;app_open;06/02/2026 06:07;
1106;278;signup_completed;06/02/2026 06:09;
1107;278;onboarding_completed;06/02/2026 06:13;
1108;278;lesson_start;06/02/2026 06:14;101.0
1109;278;quiz_completed;06/02/2026 06:21;101.0
1110;278;streak_extended;07/02/2026 05:21;102.0
1111;278;streak_extended;13/02/2026 05:21;108.0
1112;279;app_open;12/02/2026 12:50;
1113;279;signup_completed;12/02/2026 12:51;
1114;279;onboarding_completed;12/02/2026 12:55;
1115;279;lesson_start;12/02/2026 12:57;101.0
1116;279;quiz_completed;12/02/2026 13:04;101.0
1117;279;streak_extended;13/02/2026 11:04;102.0
1118;279;streak_extended;26/02/2026 15:04;115.0
1119;280;app_open;29/03/2026 08:15;
1120;280;signup_completed;29/03/2026 08:16;
1121;281;app_open;20/02/2026 06:02;
1122;281;signup_completed;20/02/2026 06:03;
1123;281;onboarding_completed;20/02/2026 06:06;
1124;282;app_open;13/02/2026 20:02;
1125;282;signup_completed;13/02/2026 20:04;
1126;282;onboarding_completed;13/02/2026 20:06;
1127;282;lesson_start;13/02/2026 20:07;101.0
1128;282;quiz_completed;13/02/2026 20:13;101.0
1129;282;streak_extended;15/02/2026 22:13;103.0
1130;282;streak_extended;16/02/2026 19:13;104.0
1131;283;app_open;12/01/2026 17:57;
1132;283;signup_completed;12/01/2026 17:59;
1133;284;app_open;25/01/2026 01:39;
1134;284;signup_completed;25/01/2026 01:40;
1135;284;onboarding_completed;25/01/2026 01:43;
1136;285;app_open;22/01/2026 19:34;
1137;285;signup_completed;22/01/2026 19:36;
1138;285;onboarding_completed;22/01/2026 19:40;
1139;285;lesson_start;22/01/2026 19:41;101.0
1140;286;app_open;07/01/2026 05:11;
1141;286;signup_completed;07/01/2026 05:12;
1142;287;app_open;02/02/2026 19:47;
1143;287;signup_completed;02/02/2026 19:49;
1144;288;app_open;03/01/2026 01:00;
1145;288;signup_completed;03/01/2026 01:02;
1146;289;app_open;27/02/2026 02:51;
1147;289;signup_completed;27/02/2026 02:52;
1148;289;onboarding_completed;27/02/2026 02:54;
1149;289;lesson_start;27/02/2026 02:55;101.0
1150;289;quiz_completed;27/02/2026 03:03;101.0
1151;289;streak_extended;02/03/2026 01:03;104.0
1152;290;app_open;23/02/2026 18:43;
1153;290;signup_completed;23/02/2026 18:45;
1154;290;onboarding_completed;23/02/2026 18:50;
1155;290;lesson_start;23/02/2026 18:51;101.0
1156;290;quiz_completed;23/02/2026 18:56;101.0
1157;290;streak_extended;24/02/2026 19:56;102.0
1158;290;streak_extended;26/02/2026 18:56;104.0
1159;290;streak_extended;02/03/2026 17:56;108.0
1160;290;streak_extended;25/03/2026 19:56;131.0
1161;291;app_open;23/01/2026 08:12;
1162;291;signup_completed;23/01/2026 08:13;
1163;291;onboarding_completed;23/01/2026 08:18;
1164;291;lesson_start;23/01/2026 08:19;101.0
1165;291;quiz_completed;23/01/2026 08:22;101.0
1166;292;app_open;27/02/2026 03:09;
1167;292;signup_completed;27/02/2026 03:11;
1168;293;app_open;22/01/2026 09:08;
1169;293;signup_completed;22/01/2026 09:10;
1170;293;onboarding_completed;22/01/2026 09:14;
1171;293;lesson_start;22/01/2026 09:15;101.0
1172;293;quiz_completed;22/01/2026 09:21;101.0
1173;293;streak_extended;24/01/2026 10:21;103.0
1174;293;streak_extended;29/01/2026 09:21;108.0
1175;294;app_open;01/01/2026 16:45;
1176;294;signup_completed;01/01/2026 16:46;
1177;294;onboarding_completed;01/01/2026 16:49;
1178;294;lesson_start;01/01/2026 16:49;101.0
1179;294;quiz_completed;01/01/2026 16:53;101.0
1180;294;streak_extended;02/01/2026 17:53;102.0
1181;294;streak_extended;03/01/2026 18:53;103.0
1182;294;streak_extended;04/01/2026 18:53;104.0
1183;294;streak_extended;15/01/2026 17:53;115.0
1184;295;app_open;07/01/2026 21:25;
1185;295;signup_completed;07/01/2026 21:27;
1186;295;onboarding_completed;07/01/2026 21:31;
1187;296;app_open;10/03/2026 17:23;
1188;296;signup_completed;10/03/2026 17:24;
1189;296;onboarding_completed;10/03/2026 17:27;
1190;297;app_open;03/03/2026 06:34;
1191;297;signup_completed;03/03/2026 06:35;
1192;297;onboarding_completed;03/03/2026 06:36;
1193;297;lesson_start;03/03/2026 06:38;101.0
1194;297;quiz_completed;03/03/2026 06:44;101.0
1195;297;streak_extended;04/03/2026 07:44;102.0
1196;297;streak_extended;10/03/2026 08:44;108.0
1197;298;app_open;06/01/2026 17:11;
1198;299;app_open;23/01/2026 05:28;
1199;299;signup_completed;23/01/2026 05:30;
1200;300;app_open;07/01/2026 13:03;
1201;300;signup_completed;07/01/2026 13:04;
1202;300;onboarding_completed;07/01/2026 13:08;
1203;300;lesson_start;07/01/2026 13:08;101.0
1204;300;quiz_completed;07/01/2026 13:15;101.0
1205;300;streak_extended;08/01/2026 12:15;102.0
1206;300;streak_extended;09/01/2026 12:15;103.0
1207;300;streak_extended;12/01/2026 13:15;106.0
1208;300;streak_extended;14/01/2026 14:15;108.0
1209;301;app_open;29/03/2026 21:46;
1210;301;signup_completed;29/03/2026 21:48;
1211;301;onboarding_completed;29/03/2026 21:51;
1212;302;app_open;04/01/2026 01:11;
1213;302;signup_completed;04/01/2026 01:13;
1214;302;onboarding_completed;04/01/2026 01:16;
1215;302;lesson_start;04/01/2026 01:18;101.0
1216;302;quiz_completed;04/01/2026 01:25;101.0
1217;302;streak_extended;06/01/2026 00:25;103.0
1218;302;streak_extended;07/01/2026 01:25;104.0
1219;302;streak_extended;08/01/2026 23:25;106.0
1220;303;app_open;25/03/2026 11:05;
1221;304;app_open;02/02/2026 01:57;
1222;304;signup_completed;02/02/2026 01:58;
1223;305;app_open;07/01/2026 21:06;
1224;305;signup_completed;07/01/2026 21:07;
1225;305;onboarding_completed;07/01/2026 21:11;
1226;306;app_open;19/02/2026 22:04;
1227;306;signup_completed;19/02/2026 22:05;
1228;306;onboarding_completed;19/02/2026 22:08;
1229;307;app_open;24/01/2026 02:35;
1230;307;signup_completed;24/01/2026 02:36;
1231;307;onboarding_completed;24/01/2026 02:38;
1232;307;lesson_start;24/01/2026 02:39;101.0
1233;308;app_open;28/01/2026 00:53;
1234;308;signup_completed;28/01/2026 00:55;
1235;308;onboarding_completed;28/01/2026 00:58;
1236;308;lesson_start;28/01/2026 01:00;101.0
1237;309;app_open;06/03/2026 22:49;
1238;309;signup_completed;06/03/2026 22:51;
1239;309;onboarding_completed;06/03/2026 22:55;
1240;309;lesson_start;06/03/2026 22:55;101.0
1241;309;quiz_completed;06/03/2026 23:02;101.0
1242;310;app_open;17/02/2026 03:05;
1243;310;signup_completed;17/02/2026 03:07;
1244;310;onboarding_completed;17/02/2026 03:11;
1245;310;lesson_start;17/02/2026 03:11;101.0
1246;310;quiz_completed;17/02/2026 03:18;101.0
1247;310;streak_extended;18/02/2026 04:18;102.0
1248;310;streak_extended;20/02/2026 05:18;104.0
1249;310;streak_extended;22/02/2026 03:18;106.0
1250;310;streak_extended;03/03/2026 01:18;115.0
1251;311;app_open;21/01/2026 19:12;
1252;311;signup_completed;21/01/2026 19:13;
1253;312;app_open;22/02/2026 08:30;
1254;313;app_open;13/01/2026 20:18;
1255;313;signup_completed;13/01/2026 20:19;
1256;313;onboarding_completed;13/01/2026 20:24;
1257;314;app_open;12/03/2026 05:32;
1258;314;signup_completed;12/03/2026 05:32;
1259;314;onboarding_completed;12/03/2026 05:35;
1260;315;app_open;27/03/2026 16:06;
1261;315;signup_completed;27/03/2026 16:07;
1262;315;onboarding_completed;27/03/2026 16:11;
1263;315;lesson_start;27/03/2026 16:13;101.0
1264;315;quiz_completed;27/03/2026 16:19;101.0
1265;315;streak_extended;30/03/2026 15:19;104.0
1266;315;streak_extended;01/04/2026 16:19;106.0
1267;316;app_open;25/02/2026 10:37;
1268;316;signup_completed;25/02/2026 10:38;
1269;316;onboarding_completed;25/02/2026 10:42;
1270;316;lesson_start;25/02/2026 10:44;101.0
1271;316;quiz_completed;25/02/2026 10:49;101.0
1272;316;streak_extended;26/02/2026 11:49;102.0
1273;316;streak_extended;28/02/2026 12:49;104.0
1274;317;app_open;25/02/2026 22:40;
1275;317;signup_completed;25/02/2026 22:42;
1276;317;onboarding_completed;25/02/2026 22:47;
1277;318;app_open;15/02/2026 21:24;
1278;318;signup_completed;15/02/2026 21:25;
1279;318;onboarding_completed;15/02/2026 21:26;
1280;318;lesson_start;15/02/2026 21:27;101.0
1281;318;quiz_completed;15/02/2026 21:31;101.0
1282;318;streak_extended;16/02/2026 22:31;102.0
1283;318;streak_extended;17/02/2026 19:31;103.0
1284;318;streak_extended;17/03/2026 22:31;131.0
1285;319;app_open;24/01/2026 14:13;
1286;319;signup_completed;24/01/2026 14:14;
1287;319;onboarding_completed;24/01/2026 14:19;
1288;320;app_open;18/03/2026 04:17;
1289;320;signup_completed;18/03/2026 04:18;
1290;320;onboarding_completed;18/03/2026 04:21;
1291;321;app_open;15/02/2026 22:06;
1292;321;signup_completed;15/02/2026 22:07;
1293;321;onboarding_completed;15/02/2026 22:08;
1294;322;app_open;20/03/2026 09:36;
1295;323;app_open;09/02/2026 12:31;
1296;323;signup_completed;09/02/2026 12:32;
1297;324;app_open;19/01/2026 11:41;
1298;324;signup_completed;19/01/2026 11:42;
1299;324;onboarding_completed;19/01/2026 11:45;
1300;324;lesson_start;19/01/2026 11:45;101.0
1301;325;app_open;10/01/2026 03:47;
1302;326;app_open;10/01/2026 09:51;
1303;326;signup_completed;10/01/2026 09:52;
1304;326;onboarding_completed;10/01/2026 09:53;
1305;326;lesson_start;10/01/2026 09:55;101.0
1306;327;app_open;05/03/2026 23:32;
1307;327;signup_completed;05/03/2026 23:33;
1308;328;app_open;11/02/2026 20:25;
1309;328;signup_completed;11/02/2026 20:27;
1310;329;app_open;04/02/2026 09:34;
1311;329;signup_completed;04/02/2026 09:34;
1312;329;onboarding_completed;04/02/2026 09:39;
1313;330;app_open;11/02/2026 03:00;
1314;330;signup_completed;11/02/2026 03:02;
1315;331;app_open;09/02/2026 21:56;
1316;331;signup_completed;09/02/2026 21:57;
1317;331;onboarding_completed;09/02/2026 21:59;
1318;331;lesson_start;09/02/2026 22:00;101.0
1319;331;quiz_completed;09/02/2026 22:07;101.0
1320;331;streak_extended;11/02/2026 21:07;103.0
1321;331;streak_extended;12/02/2026 20:07;104.0
1322;331;streak_extended;24/02/2026 00:07;115.0
1323;332;app_open;15/02/2026 08:14;
1324;332;signup_completed;15/02/2026 08:15;
1325;333;app_open;25/03/2026 20:53;
1326;333;signup_completed;25/03/2026 20:54;
1327;333;onboarding_completed;25/03/2026 20:56;
1328;333;lesson_start;25/03/2026 20:57;101.0
1329;333;quiz_completed;25/03/2026 21:00;101.0
1330;333;streak_extended;26/03/2026 22:00;102.0
1331;333;streak_extended;28/03/2026 22:00;104.0
1332;333;streak_extended;30/03/2026 22:00;106.0
1333;334;app_open;12/03/2026 18:52;
1334;334;signup_completed;12/03/2026 18:54;
1335;334;onboarding_completed;12/03/2026 18:57;
1336;334;lesson_start;12/03/2026 18:58;101.0
1337;335;app_open;06/01/2026 06:13;
1338;335;signup_completed;06/01/2026 06:15;
1339;336;app_open;07/03/2026 09:03;
1340;336;signup_completed;07/03/2026 09:04;
1341;336;onboarding_completed;07/03/2026 09:06;
1342;337;app_open;05/03/2026 10:39;
1343;338;app_open;04/03/2026 17:42;
1344;338;signup_completed;04/03/2026 17:43;
1345;338;onboarding_completed;04/03/2026 17:47;
1346;339;app_open;10/01/2026 13:19;
1347;339;signup_completed;10/01/2026 13:20;
1348;340;app_open;06/01/2026 21:14;
1349;340;signup_completed;06/01/2026 21:16;
1350;340;onboarding_completed;06/01/2026 21:18;
1351;340;lesson_start;06/01/2026 21:20;101.0
1352;341;app_open;09/02/2026 02:10;
1353;341;signup_completed;09/02/2026 02:11;
1354;341;onboarding_completed;09/02/2026 02:12;
1355;341;lesson_start;09/02/2026 02:13;101.0
1356;341;quiz_completed;09/02/2026 02:20;101.0
1357;341;streak_extended;11/02/2026 02:20;103.0
1358;341;streak_extended;14/02/2026 00:20;106.0
1359;341;streak_extended;11/03/2026 04:20;131.0
1360;342;app_open;12/03/2026 16:51;
1361;342;signup_completed;12/03/2026 16:52;
1362;342;onboarding_completed;12/03/2026 16:55;
1363;342;lesson_start;12/03/2026 16:56;101.0
1364;342;quiz_completed;12/03/2026 17:03;101.0
1365;342;streak_extended;13/03/2026 18:03;102.0
1366;342;streak_extended;14/03/2026 17:03;103.0
1367;342;streak_extended;15/03/2026 19:03;104.0
1368;343;app_open;02/02/2026 22:37;
1369;343;signup_completed;02/02/2026 22:38;
1370;343;onboarding_completed;02/02/2026 22:40;
1371;344;app_open;19/03/2026 17:30;
1372;344;signup_completed;19/03/2026 17:32;
1373;344;onboarding_completed;19/03/2026 17:36;
1374;344;lesson_start;19/03/2026 17:37;101.0
1375;344;quiz_completed;19/03/2026 17:44;101.0
1376;344;streak_extended;20/03/2026 18:44;102.0
1377;344;streak_extended;21/03/2026 15:44;103.0
1378;345;app_open;25/03/2026 15:50;
1379;345;signup_completed;25/03/2026 15:51;
1380;346;app_open;11/01/2026 14:36;
1381;346;signup_completed;11/01/2026 14:38;
1382;347;app_open;25/01/2026 03:24;
1383;347;signup_completed;25/01/2026 03:26;
1384;347;onboarding_completed;25/01/2026 03:29;
1385;347;lesson_start;25/01/2026 03:31;101.0
1386;347;quiz_completed;25/01/2026 03:35;101.0
1387;347;streak_extended;26/01/2026 03:35;102.0
1388;347;streak_extended;27/01/2026 03:35;103.0
1389;348;app_open;19/01/2026 14:26;
1390;348;signup_completed;19/01/2026 14:28;
1391;349;app_open;19/01/2026 11:13;
1392;349;signup_completed;19/01/2026 11:13;
1393;350;app_open;22/02/2026 01:38;
1394;350;signup_completed;22/02/2026 01:39;
1395;351;app_open;13/02/2026 13:20;
1396;351;signup_completed;13/02/2026 13:22;
1397;352;app_open;14/01/2026 14:38;
1398;352;signup_completed;14/01/2026 14:40;
1399;353;app_open;10/02/2026 23:03;
1400;353;signup_completed;10/02/2026 23:05;
1401;353;onboarding_completed;10/02/2026 23:08;
1402;353;lesson_start;10/02/2026 23:09;101.0
1403;353;quiz_completed;10/02/2026 23:16;101.0
1404;353;streak_extended;11/02/2026 22:16;102.0
1405;353;streak_extended;14/02/2026 00:16;104.0
1406;354;app_open;18/01/2026 19:33;
1407;354;signup_completed;18/01/2026 19:34;
1408;354;onboarding_completed;18/01/2026 19:35;
1409;355;app_open;28/01/2026 01:03;
1410;355;signup_completed;28/01/2026 01:04;
1411;355;onboarding_completed;28/01/2026 01:06;
1412;355;lesson_start;28/01/2026 01:08;101.0
1413;356;app_open;14/02/2026 22:00;
1414;356;signup_completed;14/02/2026 22:02;
1415;356;onboarding_completed;14/02/2026 22:04;
1416;357;app_open;25/01/2026 06:05;
1417;357;signup_completed;25/01/2026 06:06;
1418;357;onboarding_completed;25/01/2026 06:09;
1419;357;lesson_start;25/01/2026 06:10;101.0
1420;357;quiz_completed;25/01/2026 06:13;101.0
1421;357;streak_extended;26/01/2026 05:13;102.0
1422;357;streak_extended;28/01/2026 08:13;104.0
1423;357;streak_extended;01/02/2026 04:13;108.0
1424;358;app_open;26/03/2026 21:41;
1425;358;signup_completed;26/03/2026 21:43;
1426;359;app_open;08/01/2026 07:39;
1427;359;signup_completed;08/01/2026 07:41;
1428;360;app_open;13/02/2026 00:34;
1429;361;app_open;20/03/2026 10:49;
1430;361;signup_completed;20/03/2026 10:51;
1431;361;onboarding_completed;20/03/2026 10:54;
1432;362;app_open;25/03/2026 15:05;
1433;362;signup_completed;25/03/2026 15:06;
1434;362;onboarding_completed;25/03/2026 15:10;
1435;363;app_open;25/03/2026 02:32;
1436;363;signup_completed;25/03/2026 02:34;
1437;363;onboarding_completed;25/03/2026 02:38;
1438;363;lesson_start;25/03/2026 02:38;101.0
1439;364;app_open;23/02/2026 10:21;
1440;364;signup_completed;23/02/2026 10:21;
1441;364;onboarding_completed;23/02/2026 10:24;
1442;365;app_open;10/01/2026 12:08;
1443;365;signup_completed;10/01/2026 12:09;
1444;365;onboarding_completed;10/01/2026 12:14;
1445;365;lesson_start;10/01/2026 12:14;101.0
1446;365;quiz_completed;10/01/2026 12:20;101.0
1447;365;streak_extended;13/01/2026 13:20;104.0
1448;366;app_open;05/01/2026 21:52;
1449;366;signup_completed;05/01/2026 21:53;
1450;366;onboarding_completed;05/01/2026 21:54;
1451;366;lesson_start;05/01/2026 21:54;101.0
1452;367;app_open;05/03/2026 07:36;
1453;367;signup_completed;05/03/2026 07:37;
1454;367;onboarding_completed;05/03/2026 07:39;
1455;368;app_open;22/02/2026 11:39;
1456;368;signup_completed;22/02/2026 11:40;
1457;368;onboarding_completed;22/02/2026 11:45;
1458;368;lesson_start;22/02/2026 11:45;101.0
1459;368;quiz_completed;22/02/2026 11:51;101.0
1460;368;streak_extended;24/02/2026 10:51;103.0
1461;368;streak_extended;24/03/2026 10:51;131.0
1462;369;app_open;23/03/2026 04:05;
1463;369;signup_completed;23/03/2026 04:05;
1464;370;app_open;02/01/2026 10:23;
1465;370;signup_completed;02/01/2026 10:24;
1466;371;app_open;10/01/2026 01:19;
1467;371;signup_completed;10/01/2026 01:20;
1468;371;onboarding_completed;10/01/2026 01:22;
1469;371;lesson_start;10/01/2026 01:23;101.0
1470;372;app_open;15/03/2026 03:56;
1471;372;signup_completed;15/03/2026 03:57;
1472;373;app_open;24/03/2026 09:36;
1473;373;signup_completed;24/03/2026 09:37;
1474;373;onboarding_completed;24/03/2026 09:40;
1475;373;lesson_start;24/03/2026 09:41;101.0
1476;374;app_open;23/01/2026 22:48;
1477;375;app_open;17/01/2026 03:31;
1478;375;signup_completed;17/01/2026 03:33;
1479;375;onboarding_completed;17/01/2026 03:36;
1480;375;lesson_start;17/01/2026 03:38;101.0
1481;376;app_open;09/02/2026 11:00;
1482;376;signup_completed;09/02/2026 11:02;
1483;376;onboarding_completed;09/02/2026 11:04;
1484;377;app_open;17/02/2026 03:37;
1485;377;signup_completed;17/02/2026 03:38;
1486;377;onboarding_completed;17/02/2026 03:41;
1487;378;app_open;16/02/2026 17:38;
1488;379;app_open;21/01/2026 18:04;
1489;379;signup_completed;21/01/2026 18:05;
1490;380;app_open;25/03/2026 22:46;
1491;380;signup_completed;25/03/2026 22:47;
1492;381;app_open;08/02/2026 22:29;
1493;381;signup_completed;08/02/2026 22:31;
1494;381;onboarding_completed;08/02/2026 22:35;
1495;382;app_open;29/03/2026 14:50;
1496;382;signup_completed;29/03/2026 14:52;
1497;382;onboarding_completed;29/03/2026 14:54;
1498;382;lesson_start;29/03/2026 14:56;101.0
1499;382;quiz_completed;29/03/2026 15:00;101.0
1500;382;streak_extended;30/03/2026 13:00;102.0
1501;382;streak_extended;03/04/2026 13:00;106.0
1502;383;app_open;06/01/2026 16:37;
1503;383;signup_completed;06/01/2026 16:38;
1504;383;onboarding_completed;06/01/2026 16:39;
1505;384;app_open;16/01/2026 23:37;
1506;384;signup_completed;16/01/2026 23:39;
1507;384;onboarding_completed;16/01/2026 23:44;
1508;384;lesson_start;16/01/2026 23:45;101.0
1509;384;quiz_completed;16/01/2026 23:49;101.0
1510;384;streak_extended;18/01/2026 01:49;102.0
1511;384;streak_extended;19/01/2026 01:49;103.0
1512;384;streak_extended;21/01/2026 21:49;106.0
1513;385;app_open;06/02/2026 19:04;
1514;386;app_open;01/01/2026 05:01;
1515;386;signup_completed;01/01/2026 05:02;
1516;387;app_open;07/02/2026 21:44;
1517;387;signup_completed;07/02/2026 21:46;
1518;388;app_open;26/01/2026 17:58;
1519;388;signup_completed;26/01/2026 17:58;
1520;389;app_open;18/03/2026 03:01;
1521;389;signup_completed;18/03/2026 03:01;
1522;389;onboarding_completed;18/03/2026 03:04;
1523;390;app_open;18/03/2026 05:29;
1524;390;signup_completed;18/03/2026 05:30;
1525;390;onboarding_completed;18/03/2026 05:31;
1526;390;lesson_start;18/03/2026 05:31;101.0
1527;390;quiz_completed;18/03/2026 05:36;101.0
1528;390;streak_extended;20/03/2026 07:36;103.0
1529;390;streak_extended;23/03/2026 03:36;106.0
1530;390;streak_extended;17/04/2026 03:36;131.0
1531;391;app_open;14/02/2026 04:14;
1532;391;signup_completed;14/02/2026 04:15;
1533;392;app_open;28/01/2026 16:40;
1534;392;signup_completed;28/01/2026 16:42;
1535;392;onboarding_completed;28/01/2026 16:45;
1536;392;lesson_start;28/01/2026 16:46;101.0
1537;392;quiz_completed;28/01/2026 16:51;101.0
1538;392;streak_extended;29/01/2026 16:51;102.0
1539;393;app_open;11/02/2026 01:40;
1540;393;signup_completed;11/02/2026 01:41;
1541;393;onboarding_completed;11/02/2026 01:42;
1542;393;lesson_start;11/02/2026 01:43;101.0
1543;394;app_open;09/03/2026 15:10;
1544;394;signup_completed;09/03/2026 15:12;
1545;394;onboarding_completed;09/03/2026 15:14;
1546;394;lesson_start;09/03/2026 15:15;101.0
1547;394;quiz_completed;09/03/2026 15:19;101.0
1548;394;streak_extended;10/03/2026 15:19;102.0
1549;394;streak_extended;11/03/2026 16:19;103.0
1550;394;streak_extended;16/03/2026 17:19;108.0
1551;394;streak_extended;23/03/2026 16:19;115.0
1552;395;app_open;12/03/2026 22:12;
1553;395;signup_completed;12/03/2026 22:13;
1554;396;app_open;18/03/2026 01:21;
1555;396;signup_completed;18/03/2026 01:23;
1556;396;onboarding_completed;18/03/2026 01:27;
1557;397;app_open;23/02/2026 23:02;
1558;397;signup_completed;23/02/2026 23:02;
1559;397;onboarding_completed;23/02/2026 23:03;
1560;398;app_open;06/03/2026 06:16;
1561;398;signup_completed;06/03/2026 06:17;
1562;398;onboarding_completed;06/03/2026 06:22;
1563;398;lesson_start;06/03/2026 06:23;101.0
1564;398;quiz_completed;06/03/2026 06:29;101.0
1565;398;streak_extended;08/03/2026 06:29;103.0
1566;398;streak_extended;09/03/2026 04:29;104.0
1567;398;streak_extended;13/03/2026 08:29;108.0
1568;399;app_open;11/03/2026 18:00;
1569;399;signup_completed;11/03/2026 18:01;
1570;399;onboarding_completed;11/03/2026 18:03;
1571;400;app_open;17/02/2026 06:01;
1572;400;signup_completed;17/02/2026 06:02;
1573;400;onboarding_completed;17/02/2026 06:03;
1574;400;lesson_start;17/02/2026 06:04;101.0
1575;400;quiz_completed;17/02/2026 06:09;101.0
1576;400;streak_extended;18/02/2026 04:09;102.0
1577;400;streak_extended;22/02/2026 08:09;106.0
1578;400;streak_extended;24/02/2026 08:09;108.0
1579;400;streak_extended;03/03/2026 04:09;115.0
1580;401;app_open;16/01/2026 00:42;
1581;401;signup_completed;16/01/2026 00:43;
1582;401;onboarding_completed;16/01/2026 00:48;
1583;401;lesson_start;16/01/2026 00:49;101.0
1584;402;app_open;19/01/2026 10:29;
1585;403;app_open;29/01/2026 19:22;
1586;403;signup_completed;29/01/2026 19:23;
1587;403;onboarding_completed;29/01/2026 19:27;
1588;403;lesson_start;29/01/2026 19:28;101.0
1589;403;quiz_completed;29/01/2026 19:33;101.0
1590;403;streak_extended;01/02/2026 17:33;104.0
1591;404;app_open;22/01/2026 03:16;
1592;404;signup_completed;22/01/2026 03:17;
1593;405;app_open;06/01/2026 16:16;
1594;405;signup_completed;06/01/2026 16:17;
1595;406;app_open;26/02/2026 05:35;
1596;406;signup_completed;26/02/2026 05:36;
1597;407;app_open;13/03/2026 10:23;
1598;407;signup_completed;13/03/2026 10:25;
1599;407;onboarding_completed;13/03/2026 10:26;
1600;407;lesson_start;13/03/2026 10:26;101.0
1601;408;app_open;22/02/2026 15:24;
1602;408;signup_completed;22/02/2026 15:25;
1603;408;onboarding_completed;22/02/2026 15:29;
1604;409;app_open;06/01/2026 22:02;
1605;409;signup_completed;06/01/2026 22:03;
1606;409;onboarding_completed;06/01/2026 22:06;
1607;409;lesson_start;06/01/2026 22:08;101.0
1608;409;quiz_completed;06/01/2026 22:12;101.0
1609;409;streak_extended;08/01/2026 21:12;103.0
1610;409;streak_extended;13/01/2026 22:12;108.0
1611;409;streak_extended;05/02/2026 21:12;131.0
1612;410;app_open;14/03/2026 14:54;
1613;410;signup_completed;14/03/2026 14:56;
1614;411;app_open;31/01/2026 10:45;
1615;411;signup_completed;31/01/2026 10:46;
1616;411;onboarding_completed;31/01/2026 10:49;
1617;412;app_open;06/01/2026 13:12;
1618;412;signup_completed;06/01/2026 13:13;
1619;412;onboarding_completed;06/01/2026 13:14;
1620;413;app_open;05/01/2026 20:50;
1621;413;signup_completed;05/01/2026 20:51;
1622;413;onboarding_completed;05/01/2026 20:53;
1623;414;app_open;26/02/2026 17:13;
1624;414;signup_completed;26/02/2026 17:15;
1625;414;onboarding_completed;26/02/2026 17:17;
1626;414;lesson_start;26/02/2026 17:18;101.0
1627;414;quiz_completed;26/02/2026 17:25;101.0
1628;414;streak_extended;27/02/2026 15:25;102.0
1629;414;streak_extended;01/03/2026 15:25;104.0
1630;414;streak_extended;05/03/2026 16:25;108.0
1631;415;app_open;16/02/2026 06:59;
1632;415;signup_completed;16/02/2026 07:00;
1633;415;onboarding_completed;16/02/2026 07:05;
1634;415;lesson_start;16/02/2026 07:07;101.0
1635;415;quiz_completed;16/02/2026 07:12;101.0
1636;415;streak_extended;17/02/2026 08:12;102.0
1637;415;streak_extended;21/02/2026 08:12;106.0
1638;415;streak_extended;02/03/2026 08:12;115.0
1639;416;app_open;18/02/2026 19:43;
1640;417;app_open;24/03/2026 18:58;
1641;417;signup_completed;24/03/2026 19:00;
1642;417;onboarding_completed;24/03/2026 19:03;
1643;418;app_open;21/02/2026 13:36;
1644;418;signup_completed;21/02/2026 13:37;
1645;418;onboarding_completed;21/02/2026 13:39;
1646;418;lesson_start;21/02/2026 13:40;101.0
1647;418;quiz_completed;21/02/2026 13:44;101.0
1648;418;streak_extended;22/02/2026 14:44;102.0
1649;418;streak_extended;24/02/2026 13:44;104.0
1650;418;streak_extended;26/02/2026 13:44;106.0
1651;419;app_open;16/01/2026 06:50;
1652;419;signup_completed;16/01/2026 06:51;
1653;419;onboarding_completed;16/01/2026 06:54;
1654;420;app_open;06/01/2026 12:32;
1655;420;signup_completed;06/01/2026 12:33;
1656;420;onboarding_completed;06/01/2026 12:35;
1657;420;lesson_start;06/01/2026 12:37;101.0
1658;420;quiz_completed;06/01/2026 12:40;101.0
1659;420;streak_extended;09/01/2026 12:40;104.0
1660;420;streak_extended;13/01/2026 14:40;108.0
1661;421;app_open;19/02/2026 07:19;
1662;421;signup_completed;19/02/2026 07:20;
1663;422;app_open;08/01/2026 18:40;
1664;422;signup_completed;08/01/2026 18:41;
1665;422;onboarding_completed;08/01/2026 18:45;
1666;422;lesson_start;08/01/2026 18:46;101.0
1667;422;quiz_completed;08/01/2026 18:50;101.0
1668;422;streak_extended;09/01/2026 17:50;102.0
1669;422;streak_extended;10/01/2026 16:50;103.0
1670;422;streak_extended;15/01/2026 18:50;108.0
1671;423;app_open;24/03/2026 15:46;
1672;423;signup_completed;24/03/2026 15:47;
1673;423;onboarding_completed;24/03/2026 15:49;
1674;424;app_open;19/01/2026 01:00;
1675;424;signup_completed;19/01/2026 01:01;
1676;424;onboarding_completed;19/01/2026 01:04;
1677;424;lesson_start;19/01/2026 01:05;101.0
1678;425;app_open;07/01/2026 15:39;
1679;425;signup_completed;07/01/2026 15:41;
1680;425;onboarding_completed;07/01/2026 15:45;
1681;426;app_open;27/02/2026 18:31;
1682;426;signup_completed;27/02/2026 18:32;
1683;426;onboarding_completed;27/02/2026 18:36;
1684;426;lesson_start;27/02/2026 18:36;101.0
1685;426;quiz_completed;27/02/2026 18:42;101.0
1686;426;streak_extended;04/03/2026 16:42;106.0
1687;427;app_open;07/01/2026 14:21;
1688;427;signup_completed;07/01/2026 14:23;
1689;427;onboarding_completed;07/01/2026 14:24;
1690;427;lesson_start;07/01/2026 14:25;101.0
1691;427;quiz_completed;07/01/2026 14:29;101.0
1692;427;streak_extended;08/01/2026 13:29;102.0
1693;427;streak_extended;21/01/2026 14:29;115.0
1694;428;app_open;07/03/2026 13:21;
1695;428;signup_completed;07/03/2026 13:23;
1696;428;onboarding_completed;07/03/2026 13:27;
1697;428;lesson_start;07/03/2026 13:28;101.0
1698;428;quiz_completed;07/03/2026 13:33;101.0
1699;428;streak_extended;08/03/2026 13:33;102.0
1700;428;streak_extended;12/03/2026 13:33;106.0
1701;429;app_open;25/03/2026 16:11;
1702;429;signup_completed;25/03/2026 16:13;
1703;429;onboarding_completed;25/03/2026 16:17;
1704;429;lesson_start;25/03/2026 16:18;101.0
1705;429;quiz_completed;25/03/2026 16:24;101.0
1706;429;streak_extended;01/04/2026 17:24;108.0
1707;429;streak_extended;08/04/2026 17:24;115.0
1708;430;app_open;23/01/2026 20:03;
1709;430;signup_completed;23/01/2026 20:04;
1710;430;onboarding_completed;23/01/2026 20:06;
1711;430;lesson_start;23/01/2026 20:07;101.0
1712;430;quiz_completed;23/01/2026 20:11;101.0
1713;430;streak_extended;24/01/2026 18:11;102.0
1714;430;streak_extended;25/01/2026 22:11;103.0
1715;430;streak_extended;22/02/2026 19:11;131.0
1716;431;app_open;09/02/2026 04:51;
1717;431;signup_completed;09/02/2026 04:52;
1718;432;app_open;12/01/2026 15:21;
1719;432;signup_completed;12/01/2026 15:22;
1720;432;onboarding_completed;12/01/2026 15:25;
1721;433;app_open;28/03/2026 10:31;
1722;433;signup_completed;28/03/2026 10:32;
1723;433;onboarding_completed;28/03/2026 10:36;
1724;433;lesson_start;28/03/2026 10:38;101.0
1725;433;quiz_completed;28/03/2026 10:43;101.0
1726;433;streak_extended;29/03/2026 10:43;102.0
1727;433;streak_extended;30/03/2026 10:43;103.0
1728;433;streak_extended;31/03/2026 10:43;104.0
1729;433;streak_extended;11/04/2026 10:43;115.0
1730;434;app_open;25/02/2026 07:26;
1731;435;app_open;24/01/2026 21:43;
1732;435;signup_completed;24/01/2026 21:44;
1733;435;onboarding_completed;24/01/2026 21:46;
1734;435;lesson_start;24/01/2026 21:46;101.0
1735;436;app_open;26/02/2026 04:58;
1736;436;signup_completed;26/02/2026 05:00;
1737;437;app_open;27/02/2026 17:19;
1738;437;signup_completed;27/02/2026 17:20;
1739;437;onboarding_completed;27/02/2026 17:22;
1740;437;lesson_start;27/02/2026 17:23;101.0
1741;437;quiz_completed;27/02/2026 17:28;101.0
1742;437;streak_extended;28/02/2026 15:28;102.0
1743;437;streak_extended;04/03/2026 18:28;106.0
1744;438;app_open;04/01/2026 20:36;
1745;439;app_open;02/03/2026 03:15;
1746;439;signup_completed;02/03/2026 03:17;
1747;440;app_open;08/01/2026 23:02;
1748;441;app_open;10/02/2026 16:51;
1749;442;app_open;05/03/2026 19:47;
1750;442;signup_completed;05/03/2026 19:49;
1751;443;app_open;26/02/2026 16:03;
1752;443;signup_completed;26/02/2026 16:05;
1753;443;onboarding_completed;26/02/2026 16:10;
1754;443;lesson_start;26/02/2026 16:11;101.0
1755;444;app_open;24/02/2026 21:04;
1756;444;signup_completed;24/02/2026 21:05;
1757;445;app_open;20/02/2026 18:10;
1758;445;signup_completed;20/02/2026 18:11;
1759;445;onboarding_completed;20/02/2026 18:13;
1760;446;app_open;31/01/2026 17:11;
1761;447;app_open;26/01/2026 07:37;
1762;447;signup_completed;26/01/2026 07:39;
1763;447;onboarding_completed;26/01/2026 07:40;
1764;447;lesson_start;26/01/2026 07:42;101.0
1765;447;quiz_completed;26/01/2026 07:48;101.0
1766;447;streak_extended;27/01/2026 05:48;102.0
1767;447;streak_extended;29/01/2026 09:48;104.0
1768;447;streak_extended;31/01/2026 07:48;106.0
1769;447;streak_extended;02/02/2026 05:48;108.0
1770;448;app_open;20/01/2026 19:57;
1771;448;signup_completed;20/01/2026 19:58;
1772;449;app_open;07/03/2026 00:34;
1773;449;signup_completed;07/03/2026 00:36;
1774;449;onboarding_completed;07/03/2026 00:39;
1775;449;lesson_start;07/03/2026 00:39;101.0
1776;450;app_open;11/03/2026 12:50;
1777;450;signup_completed;11/03/2026 12:51;
1778;450;onboarding_completed;11/03/2026 12:54;
1779;450;lesson_start;11/03/2026 12:55;101.0
1780;450;quiz_completed;11/03/2026 13:01;101.0
1781;450;streak_extended;12/03/2026 14:01;102.0
1782;450;streak_extended;14/03/2026 14:01;104.0
1783;451;app_open;31/01/2026 12:06;
1784;451;signup_completed;31/01/2026 12:07;
1785;451;onboarding_completed;31/01/2026 12:10;
1786;451;lesson_start;31/01/2026 12:11;101.0
1787;451;quiz_completed;31/01/2026 12:15;101.0
1788;451;streak_extended;01/02/2026 13:15;102.0
1789;452;app_open;24/01/2026 04:10;
1790;452;signup_completed;24/01/2026 04:12;
1791;453;app_open;26/01/2026 18:55;
1792;453;signup_completed;26/01/2026 18:57;
1793;453;onboarding_completed;26/01/2026 19:00;
1794;454;app_open;08/02/2026 10:14;
1795;454;signup_completed;08/02/2026 10:15;
1796;455;app_open;13/01/2026 16:58;
1797;455;signup_completed;13/01/2026 16:59;
1798;455;onboarding_completed;13/01/2026 17:04;
1799;455;lesson_start;13/01/2026 17:05;101.0
1800;455;quiz_completed;13/01/2026 17:13;101.0
1801;455;streak_extended;15/01/2026 15:13;103.0
1802;455;streak_extended;16/01/2026 17:13;104.0
1803;456;app_open;07/03/2026 05:09;
1804;456;signup_completed;07/03/2026 05:10;
1805;456;onboarding_completed;07/03/2026 05:15;
1806;457;app_open;04/03/2026 16:07;
1807;457;signup_completed;04/03/2026 16:08;
1808;458;app_open;30/01/2026 03:02;
1809;458;signup_completed;30/01/2026 03:03;
1810;458;onboarding_completed;30/01/2026 03:05;
1811;458;lesson_start;30/01/2026 03:07;101.0
1812;458;quiz_completed;30/01/2026 03:12;101.0
1813;458;streak_extended;04/02/2026 05:12;106.0
1814;458;streak_extended;13/02/2026 03:12;115.0
1815;459;app_open;14/02/2026 09:24;
1816;459;signup_completed;14/02/2026 09:25;
1817;459;onboarding_completed;14/02/2026 09:29;
1818;459;lesson_start;14/02/2026 09:30;101.0
1819;459;quiz_completed;14/02/2026 09:36;101.0
1820;459;streak_extended;15/02/2026 09:36;102.0
1821;459;streak_extended;16/02/2026 09:36;103.0
1822;460;app_open;31/01/2026 16:44;
1823;460;signup_completed;31/01/2026 16:45;
1824;460;onboarding_completed;31/01/2026 16:50;
1825;460;lesson_start;31/01/2026 16:52;101.0
1826;460;quiz_completed;31/01/2026 16:57;101.0
1827;460;streak_extended;01/02/2026 16:57;102.0
1828;460;streak_extended;02/02/2026 18:57;103.0
1829;460;streak_extended;05/02/2026 15:57;106.0
1830;461;app_open;14/03/2026 23:58;
1831;461;signup_completed;14/03/2026 23:59;
1832;461;onboarding_completed;15/03/2026 00:00;
1833;461;lesson_start;15/03/2026 00:02;101.0
1834;461;quiz_completed;15/03/2026 00:10;101.0
1835;462;app_open;08/01/2026 01:02;
1836;462;signup_completed;08/01/2026 01:02;
1837;462;onboarding_completed;08/01/2026 01:04;
1838;463;app_open;01/01/2026 21:42;
1839;463;signup_completed;01/01/2026 21:43;
1840;463;onboarding_completed;01/01/2026 21:45;
1841;464;app_open;14/02/2026 11:52;
1842;464;signup_completed;14/02/2026 11:54;
1843;464;onboarding_completed;14/02/2026 11:57;
1844;464;lesson_start;14/02/2026 11:57;101.0
1845;464;quiz_completed;14/02/2026 12:01;101.0
1846;464;streak_extended;15/02/2026 11:01;102.0
1847;464;streak_extended;17/02/2026 11:01;104.0
1848;464;streak_extended;19/02/2026 10:01;106.0
1849;465;app_open;02/03/2026 07:24;
1850;465;signup_completed;02/03/2026 07:25;
1851;466;app_open;24/02/2026 15:52;
1852;466;signup_completed;24/02/2026 15:52;
1853;466;onboarding_completed;24/02/2026 15:56;
1854;466;lesson_start;24/02/2026 15:57;101.0
1855;466;quiz_completed;24/02/2026 16:02;101.0
1856;466;streak_extended;25/02/2026 16:02;102.0
1857;467;app_open;10/01/2026 16:58;
1858;467;signup_completed;10/01/2026 16:59;
1859;467;onboarding_completed;10/01/2026 17:01;
1860;468;app_open;08/01/2026 02:42;
1861;469;app_open;22/02/2026 04:46;
1862;470;app_open;21/01/2026 16:41;
1863;470;signup_completed;21/01/2026 16:41;
1864;471;app_open;19/02/2026 02:47;
1865;471;signup_completed;19/02/2026 02:49;
1866;471;onboarding_completed;19/02/2026 02:53;
1867;471;lesson_start;19/02/2026 02:54;101.0
1868;471;quiz_completed;19/02/2026 02:58;101.0
1869;471;streak_extended;20/02/2026 01:58;102.0
1870;471;streak_extended;22/02/2026 04:58;104.0
1871;471;streak_extended;24/02/2026 00:58;106.0
1872;472;app_open;26/01/2026 17:57;
1873;472;signup_completed;26/01/2026 17:59;
1874;472;onboarding_completed;26/01/2026 18:02;
1875;473;app_open;13/01/2026 20:38;
1876;473;signup_completed;13/01/2026 20:40;
1877;474;app_open;03/02/2026 21:14;
1878;474;signup_completed;03/02/2026 21:16;
1879;474;onboarding_completed;03/02/2026 21:18;
1880;475;app_open;27/03/2026 12:33;
1881;475;signup_completed;27/03/2026 12:35;
1882;475;onboarding_completed;27/03/2026 12:36;
1883;475;lesson_start;27/03/2026 12:37;101.0
1884;476;app_open;07/01/2026 16:17;
1885;476;signup_completed;07/01/2026 16:18;
1886;476;onboarding_completed;07/01/2026 16:21;
1887;476;lesson_start;07/01/2026 16:22;101.0
1888;476;quiz_completed;07/01/2026 16:27;101.0
1889;476;streak_extended;10/01/2026 17:27;104.0
1890;476;streak_extended;06/02/2026 17:27;131.0
1891;477;app_open;27/03/2026 08:50;
1892;478;app_open;24/01/2026 17:13;
1893;478;signup_completed;24/01/2026 17:13;
1894;479;app_open;05/02/2026 21:03;
1895;479;signup_completed;05/02/2026 21:04;
1896;479;onboarding_completed;05/02/2026 21:07;
1897;480;app_open;28/01/2026 16:04;
1898;480;signup_completed;28/01/2026 16:04;
1899;480;onboarding_completed;28/01/2026 16:08;
1900;480;lesson_start;28/01/2026 16:09;101.0
1901;481;app_open;16/01/2026 07:34;
1902;481;signup_completed;16/01/2026 07:35;
1903;481;onboarding_completed;16/01/2026 07:37;
1904;481;lesson_start;16/01/2026 07:38;101.0
1905;482;app_open;12/02/2026 13:02;
1906;482;signup_completed;12/02/2026 13:03;
1907;483;app_open;22/03/2026 22:45;
1908;483;signup_completed;22/03/2026 22:47;
1909;484;app_open;22/02/2026 17:47;
1910;484;signup_completed;22/02/2026 17:49;
1911;484;onboarding_completed;22/02/2026 17:53;
1912;485;app_open;10/03/2026 07:22;
1913;486;app_open;30/01/2026 08:54;
1914;486;signup_completed;30/01/2026 08:56;
1915;486;onboarding_completed;30/01/2026 08:59;
1916;487;app_open;01/03/2026 09:18;
1917;487;signup_completed;01/03/2026 09:19;
1918;488;app_open;20/03/2026 08:40;
1919;488;signup_completed;20/03/2026 08:41;
1920;488;onboarding_completed;20/03/2026 08:43;
1921;489;app_open;05/03/2026 11:52;
1922;489;signup_completed;05/03/2026 11:53;
1923;489;onboarding_completed;05/03/2026 11:57;
1924;489;lesson_start;05/03/2026 11:59;101.0
1925;489;quiz_completed;05/03/2026 12:03;101.0
1926;489;streak_extended;06/03/2026 12:03;102.0
1927;489;streak_extended;07/03/2026 14:03;103.0
1928;490;app_open;21/02/2026 08:31;
1929;490;signup_completed;21/02/2026 08:32;
1930;490;onboarding_completed;21/02/2026 08:35;
1931;490;lesson_start;21/02/2026 08:36;101.0
1932;490;quiz_completed;21/02/2026 08:44;101.0
1933;490;streak_extended;22/02/2026 06:44;102.0
1934;490;streak_extended;26/02/2026 09:44;106.0
1935;491;app_open;01/01/2026 18:13;
1936;491;signup_completed;01/01/2026 18:15;
1937;491;onboarding_completed;01/01/2026 18:19;
1938;491;lesson_start;01/01/2026 18:21;101.0
1939;491;quiz_completed;01/01/2026 18:28;101.0
1940;491;streak_extended;02/01/2026 19:28;102.0
1941;491;streak_extended;04/01/2026 19:28;104.0
1942;492;app_open;06/03/2026 20:14;
1943;492;signup_completed;06/03/2026 20:15;
1944;492;onboarding_completed;06/03/2026 20:17;
1945;492;lesson_start;06/03/2026 20:18;101.0
1946;492;quiz_completed;06/03/2026 20:24;101.0
1947;492;streak_extended;08/03/2026 18:24;103.0
1948;492;streak_extended;09/03/2026 18:24;104.0
1949;492;streak_extended;11/03/2026 20:24;106.0
1950;492;streak_extended;05/04/2026 20:24;131.0
1951;493;app_open;21/03/2026 07:59;
1952;493;signup_completed;21/03/2026 08:00;
1953;493;onboarding_completed;21/03/2026 08:03;
1954;493;lesson_start;21/03/2026 08:03;101.0
1955;493;quiz_completed;21/03/2026 08:08;101.0
1956;493;streak_extended;22/03/2026 08:08;102.0
1957;493;streak_extended;26/03/2026 08:08;106.0
1958;493;streak_extended;28/03/2026 07:08;108.0
1959;493;streak_extended;04/04/2026 08:08;115.0
1960;493;streak_extended;20/04/2026 09:08;131.0
1961;494;app_open;23/02/2026 20:19;
1962;494;signup_completed;23/02/2026 20:20;
1963;494;onboarding_completed;23/02/2026 20:24;
1964;494;lesson_start;23/02/2026 20:24;101.0
1965;495;app_open;30/01/2026 01:36;
1966;495;signup_completed;30/01/2026 01:37;
1967;495;onboarding_completed;30/01/2026 01:38;
1968;496;app_open;06/03/2026 09:48;
1969;496;signup_completed;06/03/2026 09:50;
1970;496;onboarding_completed;06/03/2026 09:53;
1971;496;lesson_start;06/03/2026 09:55;101.0
1972;496;quiz_completed;06/03/2026 09:59;101.0
1973;496;streak_extended;08/03/2026 10:59;103.0
1974;496;streak_extended;09/03/2026 07:59;104.0
1975;496;streak_extended;05/04/2026 11:59;131.0
1976;497;app_open;11/01/2026 01:22;
1977;497;signup_completed;11/01/2026 01:23;
1978;497;onboarding_completed;11/01/2026 01:24;
1979;498;app_open;27/03/2026 06:11;
1980;498;signup_completed;27/03/2026 06:12;
1981;498;onboarding_completed;27/03/2026 06:14;
1982;498;lesson_start;27/03/2026 06:15;101.0
1983;498;quiz_completed;27/03/2026 06:20;101.0
1984;498;streak_extended;28/03/2026 04:20;102.0
1985;498;streak_extended;30/03/2026 06:20;104.0
1986;499;app_open;14/01/2026 00:55;
1987;499;signup_completed;14/01/2026 00:56;
1988;499;onboarding_completed;14/01/2026 01:00;
1989;499;lesson_start;14/01/2026 01:00;101.0
1990;499;quiz_completed;14/01/2026 01:07;101.0
1991;499;streak_extended;17/01/2026 02:07;104.0
1992;499;streak_extended;19/01/2026 03:07;106.0
1993;500;app_open;26/01/2026 16:15;
1994;501;app_open;12/01/2026 04:58;
1995;501;signup_completed;12/01/2026 04:58;
1996;501;onboarding_completed;12/01/2026 05:01;
1997;501;lesson_start;12/01/2026 05:01;101.0
1998;501;quiz_completed;12/01/2026 05:07;101.0
1999;501;streak_extended;14/01/2026 03:07;103.0
2000;502;app_open;28/03/2026 09:10;
2001;502;signup_completed;28/03/2026 09:11;
2002;502;onboarding_completed;28/03/2026 09:13;
2003;502;lesson_start;28/03/2026 09:13;101.0
2004;502;quiz_completed;28/03/2026 09:19;101.0
2005;502;streak_extended;29/03/2026 11:19;102.0
2006;502;streak_extended;04/04/2026 09:19;108.0
2007;502;streak_extended;11/04/2026 09:19;115.0
2008;503;app_open;11/01/2026 09:24;
2009;503;signup_completed;11/01/2026 09:26;
2010;503;onboarding_completed;11/01/2026 09:31;
2011;503;lesson_start;11/01/2026 09:32;101.0
2012;503;quiz_completed;11/01/2026 09:35;101.0
2013;503;streak_extended;12/01/2026 07:35;102.0
2014;503;streak_extended;13/01/2026 09:35;103.0
2015;504;app_open;14/03/2026 01:57;
2016;504;signup_completed;14/03/2026 01:58;
2017;504;onboarding_completed;14/03/2026 02:01;
2018;505;app_open;23/02/2026 17:06;
2019;506;app_open;16/01/2026 02:13;
2020;506;signup_completed;16/01/2026 02:14;
2021;507;app_open;27/01/2026 10:37;
2022;508;app_open;28/01/2026 08:32;
2023;508;signup_completed;28/01/2026 08:33;
2024;508;onboarding_completed;28/01/2026 08:34;
2025;509;app_open;28/02/2026 17:21;
2026;509;signup_completed;28/02/2026 17:23;
2027;509;onboarding_completed;28/02/2026 17:27;
2028;510;app_open;21/01/2026 10:48;
2029;510;signup_completed;21/01/2026 10:49;
2030;510;onboarding_completed;21/01/2026 10:51;
2031;510;lesson_start;21/01/2026 10:51;101.0
2032;510;quiz_completed;21/01/2026 10:56;101.0
2033;510;streak_extended;23/01/2026 12:56;103.0
2034;511;app_open;11/03/2026 16:09;
2035;512;app_open;03/02/2026 06:58;
2036;512;signup_completed;03/02/2026 06:58;
2037;512;onboarding_completed;03/02/2026 07:02;
2038;512;lesson_start;03/02/2026 07:03;101.0
2039;512;quiz_completed;03/02/2026 07:07;101.0
2040;513;app_open;20/01/2026 18:24;
2041;513;signup_completed;20/01/2026 18:26;
2042;513;onboarding_completed;20/01/2026 18:31;
2043;514;app_open;08/03/2026 17:59;
2044;514;signup_completed;08/03/2026 18:00;
2045;515;app_open;03/03/2026 13:52;
2046;515;signup_completed;03/03/2026 13:54;
2047;516;app_open;24/03/2026 19:25;
2048;517;app_open;26/01/2026 15:07;
2049;517;signup_completed;26/01/2026 15:08;
2050;517;onboarding_completed;26/01/2026 15:13;
2051;518;app_open;19/02/2026 01:41;
2052;519;app_open;17/02/2026 10:21;
2053;519;signup_completed;17/02/2026 10:23;
2054;519;onboarding_completed;17/02/2026 10:24;
2055;519;lesson_start;17/02/2026 10:25;101.0
2056;520;app_open;25/01/2026 09:09;
2057;521;app_open;29/03/2026 21:35;
2058;521;signup_completed;29/03/2026 21:36;
2059;522;app_open;30/03/2026 04:09;
2060;522;signup_completed;30/03/2026 04:11;
2061;523;app_open;24/03/2026 03:33;
2062;523;signup_completed;24/03/2026 03:34;
2063;523;onboarding_completed;24/03/2026 03:37;
2064;523;lesson_start;24/03/2026 03:38;101.0
2065;523;quiz_completed;24/03/2026 03:46;101.0
2066;523;streak_extended;27/03/2026 01:46;104.0
2067;523;streak_extended;31/03/2026 04:46;108.0
2068;524;app_open;05/01/2026 22:22;
2069;524;signup_completed;05/01/2026 22:24;
2070;524;onboarding_completed;05/01/2026 22:27;
2071;524;lesson_start;05/01/2026 22:27;101.0
2072;524;quiz_completed;05/01/2026 22:32;101.0
2073;525;app_open;09/01/2026 23:04;
2074;525;signup_completed;09/01/2026 23:05;
2075;526;app_open;03/03/2026 13:59;
2076;526;signup_completed;03/03/2026 14:00;
2077;526;onboarding_completed;03/03/2026 14:03;
2078;527;app_open;11/02/2026 03:00;
2079;528;app_open;22/03/2026 12:31;
2080;528;signup_completed;22/03/2026 12:32;
2081;528;onboarding_completed;22/03/2026 12:33;
2082;529;app_open;27/01/2026 20:42;
2083;529;signup_completed;27/01/2026 20:44;
2084;529;onboarding_completed;27/01/2026 20:45;
2085;530;app_open;05/01/2026 06:43;
2086;530;signup_completed;05/01/2026 06:45;
2087;531;app_open;01/01/2026 08:15;
2088;531;signup_completed;01/01/2026 08:17;
2089;531;onboarding_completed;01/01/2026 08:19;
2090;531;lesson_start;01/01/2026 08:20;101.0
2091;531;quiz_completed;01/01/2026 08:28;101.0
2092;531;streak_extended;02/01/2026 10:28;102.0
2093;531;streak_extended;15/01/2026 07:28;115.0
2094;532;app_open;02/02/2026 09:14;
2095;532;signup_completed;02/02/2026 09:15;
2096;532;onboarding_completed;02/02/2026 09:18;
2097;532;lesson_start;02/02/2026 09:19;101.0
2098;533;app_open;16/03/2026 20:50;
2099;533;signup_completed;16/03/2026 20:51;
2100;533;onboarding_completed;16/03/2026 20:53;
2101;533;lesson_start;16/03/2026 20:54;101.0
2102;534;app_open;13/01/2026 16:49;
2103;534;signup_completed;13/01/2026 16:50;
2104;534;onboarding_completed;13/01/2026 16:53;
2105;535;app_open;03/03/2026 20:34;
2106;535;signup_completed;03/03/2026 20:36;
2107;535;onboarding_completed;03/03/2026 20:38;
2108;535;lesson_start;03/03/2026 20:38;101.0
2109;536;app_open;26/01/2026 10:24;
2110;537;app_open;16/01/2026 16:30;
2111;537;signup_completed;16/01/2026 16:31;
2112;537;onboarding_completed;16/01/2026 16:35;
2113;537;lesson_start;16/01/2026 16:37;101.0
2114;537;quiz_completed;16/01/2026 16:40;101.0
2115;537;streak_extended;17/01/2026 14:40;102.0
2116;537;streak_extended;18/01/2026 15:40;103.0
2117;538;app_open;13/03/2026 23:11;
2118;538;signup_completed;13/03/2026 23:12;
2119;538;onboarding_completed;13/03/2026 23:15;
2120;539;app_open;12/02/2026 21:33;
2121;539;signup_completed;12/02/2026 21:34;
2122;539;onboarding_completed;12/02/2026 21:35;
2123;540;app_open;23/02/2026 13:30;
2124;540;signup_completed;23/02/2026 13:32;
2125;540;onboarding_completed;23/02/2026 13:33;
2126;540;lesson_start;23/02/2026 13:34;101.0
2127;541;app_open;10/03/2026 12:19;
2128;541;signup_completed;10/03/2026 12:20;
2129;541;onboarding_completed;10/03/2026 12:23;
2130;541;lesson_start;10/03/2026 12:23;101.0
2131;541;quiz_completed;10/03/2026 12:27;101.0
2132;541;streak_extended;11/03/2026 12:27;102.0
2133;542;app_open;11/02/2026 12:34;
2134;542;signup_completed;11/02/2026 12:36;
2135;542;onboarding_completed;11/02/2026 12:37;
2136;542;lesson_start;11/02/2026 12:39;101.0
2137;543;app_open;24/02/2026 11:00;
2138;543;signup_completed;24/02/2026 11:02;
2139;543;onboarding_completed;24/02/2026 11:05;
2140;543;lesson_start;24/02/2026 11:05;101.0
2141;543;quiz_completed;24/02/2026 11:10;101.0
2142;543;streak_extended;25/02/2026 11:10;102.0
2143;543;streak_extended;26/02/2026 12:10;103.0
2144;543;streak_extended;10/03/2026 11:10;115.0
2145;544;app_open;01/01/2026 22:31;
2146;544;signup_completed;01/01/2026 22:33;
2147;544;onboarding_completed;01/01/2026 22:37;
2148;545;app_open;11/01/2026 20:41;
2149;545;signup_completed;11/01/2026 20:42;
2150;545;onboarding_completed;11/01/2026 20:47;
2151;545;lesson_start;11/01/2026 20:48;101.0
2152;545;quiz_completed;11/01/2026 20:56;101.0
2153;545;streak_extended;16/01/2026 18:56;106.0
2154;546;app_open;08/01/2026 07:19;
2155;546;signup_completed;08/01/2026 07:21;
2156;546;onboarding_completed;08/01/2026 07:26;
2157;546;lesson_start;08/01/2026 07:26;101.0
2158;546;quiz_completed;08/01/2026 07:30;101.0
2159;546;streak_extended;09/01/2026 09:30;102.0
2160;546;streak_extended;11/01/2026 07:30;104.0
2161;546;streak_extended;13/01/2026 05:30;106.0
2162;547;app_open;27/03/2026 17:47;
2163;547;signup_completed;27/03/2026 17:48;
2164;547;onboarding_completed;27/03/2026 17:49;
2165;547;lesson_start;27/03/2026 17:49;101.0
2166;547;quiz_completed;27/03/2026 17:56;101.0
2167;547;streak_extended;28/03/2026 19:56;102.0
2168;547;streak_extended;29/03/2026 15:56;103.0
2169;548;app_open;09/03/2026 02:11;
2170;548;signup_completed;09/03/2026 02:12;
2171;548;onboarding_completed;09/03/2026 02:13;
2172;548;lesson_start;09/03/2026 02:15;101.0
2173;549;app_open;29/03/2026 18:18;
2174;549;signup_completed;29/03/2026 18:19;
2175;549;onboarding_completed;29/03/2026 18:23;
2176;549;lesson_start;29/03/2026 18:25;101.0
2177;550;app_open;15/01/2026 11:19;
2178;550;signup_completed;15/01/2026 11:20;
2179;550;onboarding_completed;15/01/2026 11:24;
2180;550;lesson_start;15/01/2026 11:26;101.0
2181;551;app_open;22/02/2026 23:19;
2182;552;app_open;04/01/2026 11:57;
2183;552;signup_completed;04/01/2026 11:58;
2184;552;onboarding_completed;04/01/2026 12:02;
2185;552;lesson_start;04/01/2026 12:03;101.0
2186;552;quiz_completed;04/01/2026 12:09;101.0
2187;552;streak_extended;05/01/2026 14:09;102.0
2188;552;streak_extended;07/01/2026 13:09;104.0
2189;553;app_open;23/03/2026 00:44;
2190;553;signup_completed;23/03/2026 00:46;
2191;554;app_open;05/02/2026 20:20;
2192;554;signup_completed;05/02/2026 20:22;
2193;554;onboarding_completed;05/02/2026 20:23;
2194;555;app_open;26/02/2026 13:20;
2195;555;signup_completed;26/02/2026 13:22;
2196;555;onboarding_completed;26/02/2026 13:24;
2197;555;lesson_start;26/02/2026 13:25;101.0
2198;556;app_open;23/02/2026 15:28;
2199;556;signup_completed;23/02/2026 15:29;
2200;557;app_open;15/01/2026 09:05;
2201;557;signup_completed;15/01/2026 09:06;
2202;558;app_open;11/02/2026 17:28;
2203;558;signup_completed;11/02/2026 17:29;
2204;558;onboarding_completed;11/02/2026 17:33;
2205;558;lesson_start;11/02/2026 17:33;101.0
2206;558;quiz_completed;11/02/2026 17:40;101.0
2207;558;streak_extended;12/02/2026 15:40;102.0
2208;559;app_open;13/01/2026 08:58;
2209;559;signup_completed;13/01/2026 09:00;
2210;559;onboarding_completed;13/01/2026 09:04;
2211;559;lesson_start;13/01/2026 09:05;101.0
2212;559;quiz_completed;13/01/2026 09:11;101.0
2213;559;streak_extended;15/01/2026 11:11;103.0
2214;560;app_open;05/01/2026 01:28;
2215;561;app_open;30/01/2026 22:17;
2216;561;signup_completed;30/01/2026 22:18;
2217;561;onboarding_completed;30/01/2026 22:22;
2218;562;app_open;05/02/2026 09:41;
2219;562;signup_completed;05/02/2026 09:43;
2220;562;onboarding_completed;05/02/2026 09:47;
2221;562;lesson_start;05/02/2026 09:48;101.0
2222;562;quiz_completed;05/02/2026 09:52;101.0
2223;563;app_open;29/03/2026 06:46;
2224;563;signup_completed;29/03/2026 06:48;
2225;563;onboarding_completed;29/03/2026 06:52;
2226;564;app_open;19/03/2026 07:05;
2227;564;signup_completed;19/03/2026 07:07;
2228;564;onboarding_completed;19/03/2026 07:08;
2229;564;lesson_start;19/03/2026 07:09;101.0
2230;565;app_open;25/03/2026 13:34;
2231;565;signup_completed;25/03/2026 13:35;
2232;566;app_open;04/01/2026 20:57;
2233;566;signup_completed;04/01/2026 20:59;
2234;566;onboarding_completed;04/01/2026 21:01;
2235;566;lesson_start;04/01/2026 21:03;101.0
2236;567;app_open;29/03/2026 06:38;
2237;567;signup_completed;29/03/2026 06:39;
2238;567;onboarding_completed;29/03/2026 06:42;
2239;567;lesson_start;29/03/2026 06:43;101.0
2240;567;quiz_completed;29/03/2026 06:47;101.0
2241;567;streak_extended;05/04/2026 07:47;108.0
2242;568;app_open;04/02/2026 17:45;
2243;568;signup_completed;04/02/2026 17:46;
2244;568;onboarding_completed;04/02/2026 17:47;
2245;568;lesson_start;04/02/2026 17:49;101.0
2246;569;app_open;21/01/2026 09:30;
2247;570;app_open;08/03/2026 05:19;
2248;570;signup_completed;08/03/2026 05:21;
2249;570;onboarding_completed;08/03/2026 05:24;
2250;571;app_open;25/01/2026 05:26;
2251;571;signup_completed;25/01/2026 05:28;
2252;571;onboarding_completed;25/01/2026 05:31;
2253;572;app_open;06/03/2026 18:04;
2254;573;app_open;10/01/2026 23:31;
2255;574;app_open;04/02/2026 08:07;
2256;574;signup_completed;04/02/2026 08:08;
2257;574;onboarding_completed;04/02/2026 08:12;
2258;574;lesson_start;04/02/2026 08:13;101.0
2259;574;quiz_completed;04/02/2026 08:17;101.0
2260;574;streak_extended;05/02/2026 09:17;102.0
2261;574;streak_extended;07/02/2026 10:17;104.0
2262;574;streak_extended;06/03/2026 08:17;131.0
2263;575;app_open;17/03/2026 17:48;
2264;575;signup_completed;17/03/2026 17:49;
2265;575;onboarding_completed;17/03/2026 17:51;
2266;575;lesson_start;17/03/2026 17:53;101.0
2267;576;app_open;24/02/2026 08:37;
2268;576;signup_completed;24/02/2026 08:39;
2269;577;app_open;27/03/2026 20:10;
2270;577;signup_completed;27/03/2026 20:12;
2271;577;onboarding_completed;27/03/2026 20:14;
2272;578;app_open;26/03/2026 22:13;
2273;578;signup_completed;26/03/2026 22:15;
2274;579;app_open;09/02/2026 10:55;
2275;579;signup_completed;09/02/2026 10:56;
2276;580;app_open;02/03/2026 06:14;
2277;580;signup_completed;02/03/2026 06:15;
2278;580;onboarding_completed;02/03/2026 06:17;
2279;581;app_open;14/03/2026 18:24;
2280;581;signup_completed;14/03/2026 18:26;
2281;581;onboarding_completed;14/03/2026 18:27;
2282;581;lesson_start;14/03/2026 18:29;101.0
2283;581;quiz_completed;14/03/2026 18:35;101.0
2284;581;streak_extended;17/03/2026 20:35;104.0
2285;581;streak_extended;19/03/2026 16:35;106.0
2286;582;app_open;16/01/2026 00:08;
2287;582;signup_completed;16/01/2026 00:09;
2288;582;onboarding_completed;16/01/2026 00:10;
2289;582;lesson_start;16/01/2026 00:11;101.0
2290;582;quiz_completed;16/01/2026 00:15;101.0
2291;582;streak_extended;17/01/2026 01:15;102.0
2292;582;streak_extended;18/01/2026 00:15;103.0
2293;583;app_open;23/01/2026 23:38;
2294;583;signup_completed;23/01/2026 23:39;
2295;583;onboarding_completed;23/01/2026 23:41;
2296;584;app_open;25/03/2026 22:40;
2297;585;app_open;16/01/2026 18:39;
2298;585;signup_completed;16/01/2026 18:40;
2299;586;app_open;19/03/2026 15:52;
2300;586;signup_completed;19/03/2026 15:53;
2301;587;app_open;20/03/2026 17:14;
2302;587;signup_completed;20/03/2026 17:14;
2303;588;app_open;18/01/2026 04:33;
2304;588;signup_completed;18/01/2026 04:34;
2305;588;onboarding_completed;18/01/2026 04:35;
2306;589;app_open;27/03/2026 13:50;
2307;590;app_open;10/02/2026 00:42;
2308;590;signup_completed;10/02/2026 00:44;
2309;590;onboarding_completed;10/02/2026 00:48;
2310;590;lesson_start;10/02/2026 00:50;101.0
2311;591;app_open;03/01/2026 09:45;
2312;591;signup_completed;03/01/2026 09:46;
2313;591;onboarding_completed;03/01/2026 09:48;
2314;591;lesson_start;03/01/2026 09:48;101.0
2315;591;quiz_completed;03/01/2026 09:55;101.0
2316;591;streak_extended;05/01/2026 10:55;103.0
2317;591;streak_extended;06/01/2026 11:55;104.0
2318;591;streak_extended;08/01/2026 09:55;106.0
2319;592;app_open;18/01/2026 09:56;
2320;592;signup_completed;18/01/2026 09:57;
2321;593;app_open;13/03/2026 12:19;
2322;593;signup_completed;13/03/2026 12:20;
2323;593;onboarding_completed;13/03/2026 12:22;
2324;593;lesson_start;13/03/2026 12:24;101.0
2325;594;app_open;02/02/2026 06:02;
2326;595;app_open;17/03/2026 23:05;
2327;595;signup_completed;17/03/2026 23:07;
2328;595;onboarding_completed;17/03/2026 23:08;
2329;595;lesson_start;17/03/2026 23:10;101.0
2330;595;quiz_completed;17/03/2026 23:17;101.0
2331;595;streak_extended;19/03/2026 23:17;103.0
2332;595;streak_extended;16/04/2026 22:17;131.0
2333;596;app_open;09/02/2026 23:21;
2334;597;app_open;19/03/2026 21:20;
2335;597;signup_completed;19/03/2026 21:22;
2336;598;app_open;07/03/2026 00:59;
2337;598;signup_completed;07/03/2026 01:01;
2338;599;app_open;25/03/2026 21:24;
2339;599;signup_completed;25/03/2026 21:26;
2340;599;onboarding_completed;25/03/2026 21:31;
2341;599;lesson_start;25/03/2026 21:33;101.0
2342;599;quiz_completed;25/03/2026 21:39;101.0
2343;599;streak_extended;26/03/2026 21:39;102.0
2344;599;streak_extended;30/03/2026 22:39;106.0
2345;600;app_open;13/03/2026 08:48;
2346;600;signup_completed;13/03/2026 08:50;
2347;600;onboarding_completed;13/03/2026 08:52;
2348;601;app_open;20/03/2026 17:10;
2349;601;signup_completed;20/03/2026 17:12;
2350;602;app_open;25/01/2026 02:16;
2351;602;signup_completed;25/01/2026 02:16;
2352;602;onboarding_completed;25/01/2026 02:19;
2353;602;lesson_start;25/01/2026 02:21;101.0
2354;603;app_open;26/01/2026 21:42;
2355;603;signup_completed;26/01/2026 21:43;
2356;603;onboarding_completed;26/01/2026 21:45;
2357;603;lesson_start;26/01/2026 21:45;101.0
2358;603;quiz_completed;26/01/2026 21:50;101.0
2359;603;streak_extended;27/01/2026 23:50;102.0
2360;603;streak_extended;29/01/2026 21:50;104.0
2361;603;streak_extended;09/02/2026 19:50;115.0
2362;604;app_open;16/01/2026 10:57;
2363;604;signup_completed;16/01/2026 10:59;
2364;604;onboarding_completed;16/01/2026 11:00;
2365;605;app_open;18/03/2026 10:42;
2366;606;app_open;10/03/2026 02:05;
2367;606;signup_completed;10/03/2026 02:07;
2368;606;onboarding_completed;10/03/2026 02:10;
2369;606;lesson_start;10/03/2026 02:11;101.0
2370;607;app_open;11/01/2026 11:52;
2371;608;app_open;07/02/2026 03:23;
2372;608;signup_completed;07/02/2026 03:25;
2373;608;onboarding_completed;07/02/2026 03:29;
2374;608;lesson_start;07/02/2026 03:30;101.0
2375;608;quiz_completed;07/02/2026 03:38;101.0
2376;608;streak_extended;12/02/2026 03:38;106.0
2377;609;app_open;26/03/2026 16:17;
2378;609;signup_completed;26/03/2026 16:18;
2379;609;onboarding_completed;26/03/2026 16:23;
2380;609;lesson_start;26/03/2026 16:23;101.0
2381;609;quiz_completed;26/03/2026 16:27;101.0
2382;609;streak_extended;27/03/2026 17:27;102.0
2383;609;streak_extended;28/03/2026 18:27;103.0
2384;610;app_open;04/01/2026 18:14;
2385;610;signup_completed;04/01/2026 18:15;
2386;610;onboarding_completed;04/01/2026 18:18;
2387;611;app_open;25/03/2026 08:40;
2388;611;signup_completed;25/03/2026 08:40;
2389;611;onboarding_completed;25/03/2026 08:42;
2390;611;lesson_start;25/03/2026 08:43;101.0
2391;611;quiz_completed;25/03/2026 08:50;101.0
2392;611;streak_extended;27/03/2026 07:50;103.0
2393;611;streak_extended;30/03/2026 07:50;106.0
2394;612;app_open;15/02/2026 16:47;
2395;612;signup_completed;15/02/2026 16:48;
2396;612;onboarding_completed;15/02/2026 16:51;
2397;612;lesson_start;15/02/2026 16:51;101.0
2398;612;quiz_completed;15/02/2026 16:55;101.0
2399;612;streak_extended;16/02/2026 16:55;102.0
2400;612;streak_extended;17/02/2026 17:55;103.0
2401;612;streak_extended;18/02/2026 15:55;104.0
2402;612;streak_extended;20/02/2026 18:55;106.0
2403;613;app_open;22/01/2026 14:18;
2404;613;signup_completed;22/01/2026 14:19;
2405;614;app_open;20/01/2026 09:02;
2406;614;signup_completed;20/01/2026 09:03;
2407;614;onboarding_completed;20/01/2026 09:04;
2408;615;app_open;21/03/2026 06:47;
2409;615;signup_completed;21/03/2026 06:48;
2410;615;onboarding_completed;21/03/2026 06:51;
2411;616;app_open;14/02/2026 16:35;
2412;616;signup_completed;14/02/2026 16:36;
2413;617;app_open;03/02/2026 22:45;
2414;617;signup_completed;03/02/2026 22:46;
2415;618;app_open;30/01/2026 15:08;
2416;618;signup_completed;30/01/2026 15:10;
2417;619;app_open;21/03/2026 15:59;
2418;619;signup_completed;21/03/2026 16:00;
2419;620;app_open;19/03/2026 05:17;
2420;620;signup_completed;19/03/2026 05:19;
2421;620;onboarding_completed;19/03/2026 05:21;
2422;620;lesson_start;19/03/2026 05:22;101.0
2423;620;quiz_completed;19/03/2026 05:26;101.0
2424;621;app_open;26/03/2026 14:19;
2425;621;signup_completed;26/03/2026 14:21;
2426;621;onboarding_completed;26/03/2026 14:25;
2427;621;lesson_start;26/03/2026 14:26;101.0
2428;621;quiz_completed;26/03/2026 14:34;101.0
2429;621;streak_extended;27/03/2026 12:34;102.0
2430;621;streak_extended;09/04/2026 16:34;115.0
2431;622;app_open;23/01/2026 02:20;
2432;622;signup_completed;23/01/2026 02:21;
2433;622;onboarding_completed;23/01/2026 02:25;
2434;623;app_open;22/01/2026 15:26;
2435;623;signup_completed;22/01/2026 15:27;
2436;624;app_open;03/01/2026 07:08;
2437;624;signup_completed;03/01/2026 07:09;
2438;624;onboarding_completed;03/01/2026 07:12;
2439;625;app_open;06/03/2026 01:59;
2440;625;signup_completed;06/03/2026 02:00;
2441;625;onboarding_completed;06/03/2026 02:01;
2442;626;app_open;19/01/2026 18:01;
2443;626;signup_completed;19/01/2026 18:02;
2444;626;onboarding_completed;19/01/2026 18:03;
2445;626;lesson_start;19/01/2026 18:04;101.0
2446;626;quiz_completed;19/01/2026 18:09;101.0
2447;626;streak_extended;21/01/2026 19:09;103.0
2448;626;streak_extended;24/01/2026 18:09;106.0
2449;626;streak_extended;26/01/2026 16:09;108.0
2450;626;streak_extended;18/02/2026 17:09;131.0
2451;627;app_open;08/02/2026 16:29;
2452;627;signup_completed;08/02/2026 16:30;
2453;627;onboarding_completed;08/02/2026 16:35;
2454;628;app_open;01/02/2026 20:54;
2455;628;signup_completed;01/02/2026 20:55;
2456;629;app_open;28/01/2026 01:11;
2457;629;signup_completed;28/01/2026 01:13;
2458;629;onboarding_completed;28/01/2026 01:16;
2459;629;lesson_start;28/01/2026 01:16;101.0
2460;629;quiz_completed;28/01/2026 01:22;101.0
2461;629;streak_extended;29/01/2026 02:22;102.0
2462;629;streak_extended;29/01/2026 23:22;103.0
2463;629;streak_extended;01/02/2026 23:22;106.0
2464;630;app_open;25/03/2026 22:05;
2465;630;signup_completed;25/03/2026 22:06;
2466;630;onboarding_completed;25/03/2026 22:08;
2467;630;lesson_start;25/03/2026 22:09;101.0
2468;630;quiz_completed;25/03/2026 22:16;101.0
2469;630;streak_extended;26/03/2026 21:16;102.0
2470;630;streak_extended;27/03/2026 21:16;103.0
2471;631;app_open;07/01/2026 17:45;
2472;631;signup_completed;07/01/2026 17:47;
2473;632;app_open;17/03/2026 01:58;
2474;632;signup_completed;17/03/2026 02:00;
2475;633;app_open;28/01/2026 02:24;
2476;633;signup_completed;28/01/2026 02:26;
2477;633;onboarding_completed;28/01/2026 02:28;
2478;634;app_open;04/02/2026 02:13;
2479;634;signup_completed;04/02/2026 02:15;
2480;635;app_open;04/03/2026 06:45;
2481;635;signup_completed;04/03/2026 06:47;
2482;635;onboarding_completed;04/03/2026 06:48;
2483;636;app_open;19/02/2026 11:00;
2484;636;signup_completed;19/02/2026 11:01;
2485;636;onboarding_completed;19/02/2026 11:05;
2486;636;lesson_start;19/02/2026 11:05;101.0
2487;637;app_open;08/02/2026 19:19;
2488;638;app_open;07/03/2026 23:23;
2489;638;signup_completed;07/03/2026 23:24;
2490;638;onboarding_completed;07/03/2026 23:28;
2491;638;lesson_start;07/03/2026 23:30;101.0
2492;639;app_open;23/03/2026 21:52;
2493;639;signup_completed;23/03/2026 21:54;
2494;639;onboarding_completed;23/03/2026 21:56;
2495;640;app_open;22/02/2026 01:28;
2496;640;signup_completed;22/02/2026 01:29;
2497;640;onboarding_completed;22/02/2026 01:32;
2498;640;lesson_start;22/02/2026 01:34;101.0
2499;640;quiz_completed;22/02/2026 01:37;101.0
2500;640;streak_extended;23/02/2026 23:37;103.0
2501;641;app_open;02/02/2026 03:38;
2502;641;signup_completed;02/02/2026 03:39;
2503;641;onboarding_completed;02/02/2026 03:43;
2504;641;lesson_start;02/02/2026 03:45;101.0
2505;642;app_open;03/01/2026 16:18;
2506;642;signup_completed;03/01/2026 16:19;
2507;642;onboarding_completed;03/01/2026 16:24;
2508;642;lesson_start;03/01/2026 16:25;101.0
2509;642;quiz_completed;03/01/2026 16:29;101.0
2510;642;streak_extended;08/01/2026 16:29;106.0
2511;643;app_open;12/01/2026 04:45;
2512;643;signup_completed;12/01/2026 04:47;
2513;643;onboarding_completed;12/01/2026 04:51;
2514;643;lesson_start;12/01/2026 04:51;101.0
2515;644;app_open;27/03/2026 03:38;
2516;644;signup_completed;27/03/2026 03:39;
2517;644;onboarding_completed;27/03/2026 03:42;
2518;645;app_open;26/01/2026 08:40;
2519;645;signup_completed;26/01/2026 08:42;
2520;646;app_open;18/01/2026 08:05;
2521;646;signup_completed;18/01/2026 08:06;
2522;646;onboarding_completed;18/01/2026 08:11;
2523;647;app_open;26/02/2026 08:52;
2524;647;signup_completed;26/02/2026 08:53;
2525;647;onboarding_completed;26/02/2026 08:56;
2526;647;lesson_start;26/02/2026 08:57;101.0
2527;647;quiz_completed;26/02/2026 09:04;101.0
2528;647;streak_extended;01/03/2026 11:04;104.0
2529;647;streak_extended;03/03/2026 07:04;106.0
2530;647;streak_extended;05/03/2026 11:04;108.0
2531;648;app_open;26/01/2026 18:34;
2532;648;signup_completed;26/01/2026 18:35;
2533;648;onboarding_completed;26/01/2026 18:39;
2534;648;lesson_start;26/01/2026 18:41;101.0
2535;648;quiz_completed;26/01/2026 18:46;101.0
2536;648;streak_extended;29/01/2026 19:46;104.0
2537;648;streak_extended;09/02/2026 18:46;115.0
2538;649;app_open;04/01/2026 17:08;
2539;650;app_open;11/01/2026 12:35;
2540;650;signup_completed;11/01/2026 12:37;
2541;650;onboarding_completed;11/01/2026 12:40;
2542;650;lesson_start;11/01/2026 12:42;101.0
2543;650;quiz_completed;11/01/2026 12:47;101.0
2544;650;streak_extended;12/01/2026 13:47;102.0
2545;650;streak_extended;14/01/2026 13:47;104.0
2546;650;streak_extended;16/01/2026 10:47;106.0
2547;651;app_open;27/02/2026 22:06;
2548;651;signup_completed;27/02/2026 22:08;
2549;651;onboarding_completed;27/02/2026 22:09;
2550;652;app_open;12/02/2026 04:36;
2551;652;signup_completed;12/02/2026 04:37;
2552;652;onboarding_completed;12/02/2026 04:41;
2553;653;app_open;03/02/2026 13:30;
2554;653;signup_completed;03/02/2026 13:31;
2555;654;app_open;12/03/2026 17:37;
2556;654;signup_completed;12/03/2026 17:39;
2557;655;app_open;18/03/2026 08:30;
2558;655;signup_completed;18/03/2026 08:31;
2559;655;onboarding_completed;18/03/2026 08:33;
2560;656;app_open;31/01/2026 10:55;
2561;656;signup_completed;31/01/2026 10:56;
2562;656;onboarding_completed;31/01/2026 10:58;
2563;657;app_open;12/02/2026 08:52;
2564;657;signup_completed;12/02/2026 08:54;
2565;657;onboarding_completed;12/02/2026 08:55;
2566;658;app_open;28/02/2026 20:34;
2567;658;signup_completed;28/02/2026 20:34;
2568;659;app_open;19/02/2026 15:42;
2569;660;app_open;12/01/2026 05:28;
2570;660;signup_completed;12/01/2026 05:30;
2571;660;onboarding_completed;12/01/2026 05:31;
2572;660;lesson_start;12/01/2026 05:33;101.0
2573;660;quiz_completed;12/01/2026 05:39;101.0
2574;660;streak_extended;15/01/2026 03:39;104.0
2575;660;streak_extended;11/02/2026 06:39;131.0
2576;661;app_open;07/02/2026 09:34;
2577;661;signup_completed;07/02/2026 09:35;
2578;662;app_open;29/03/2026 07:59;
2579;662;signup_completed;29/03/2026 08:01;
2580;662;onboarding_completed;29/03/2026 08:05;
2581;662;lesson_start;29/03/2026 08:07;101.0
2582;662;quiz_completed;29/03/2026 08:13;101.0
2583;662;streak_extended;01/04/2026 10:13;104.0
2584;662;streak_extended;05/04/2026 06:13;108.0
2585;662;streak_extended;12/04/2026 06:13;115.0
2586;663;app_open;25/02/2026 23:32;
2587;663;signup_completed;25/02/2026 23:34;
2588;663;onboarding_completed;25/02/2026 23:37;
2589;663;lesson_start;25/02/2026 23:38;101.0
2590;663;quiz_completed;25/02/2026 23:45;101.0
2591;663;streak_extended;26/02/2026 22:45;102.0
2592;663;streak_extended;28/02/2026 23:45;104.0
2593;664;app_open;19/01/2026 10:54;
2594;664;signup_completed;19/01/2026 10:56;
2595;665;app_open;25/01/2026 17:32;
2596;665;signup_completed;25/01/2026 17:33;
2597;665;onboarding_completed;25/01/2026 17:36;
2598;665;lesson_start;25/01/2026 17:36;101.0
2599;665;quiz_completed;25/01/2026 17:40;101.0
2600;665;streak_extended;26/01/2026 19:40;102.0
2601;665;streak_extended;30/01/2026 17:40;106.0
2602;665;streak_extended;01/02/2026 16:40;108.0
2603;666;app_open;05/01/2026 07:25;
2604;666;signup_completed;05/01/2026 07:26;
2605;666;onboarding_completed;05/01/2026 07:30;
2606;667;app_open;10/03/2026 19:35;
2607;667;signup_completed;10/03/2026 19:37;
2608;667;onboarding_completed;10/03/2026 19:40;
2609;667;lesson_start;10/03/2026 19:41;101.0
2610;667;quiz_completed;10/03/2026 19:48;101.0
2611;667;streak_extended;11/03/2026 17:48;102.0
2612;667;streak_extended;15/03/2026 18:48;106.0
2613;668;app_open;12/02/2026 08:05;
2614;668;signup_completed;12/02/2026 08:06;
2615;668;onboarding_completed;12/02/2026 08:10;
2616;669;app_open;01/01/2026 03:56;
2617;669;signup_completed;01/01/2026 03:57;
2618;669;onboarding_completed;01/01/2026 03:59;
2619;670;app_open;20/02/2026 11:30;
2620;670;signup_completed;20/02/2026 11:30;
2621;670;onboarding_completed;20/02/2026 11:31;
2622;670;lesson_start;20/02/2026 11:32;101.0
2623;670;quiz_completed;20/02/2026 11:36;101.0
2624;670;streak_extended;27/02/2026 11:36;108.0
2625;671;app_open;20/03/2026 07:18;
2626;671;signup_completed;20/03/2026 07:19;
2627;672;app_open;22/02/2026 06:41;
2628;672;signup_completed;22/02/2026 06:41;
2629;672;onboarding_completed;22/02/2026 06:46;
2630;672;lesson_start;22/02/2026 06:46;101.0
2631;672;quiz_completed;22/02/2026 06:51;101.0
2632;672;streak_extended;23/02/2026 04:51;102.0
2633;672;streak_extended;24/02/2026 05:51;103.0
2634;672;streak_extended;25/02/2026 05:51;104.0
2635;673;app_open;08/03/2026 16:29;
2636;673;signup_completed;08/03/2026 16:31;
2637;674;app_open;11/03/2026 20:23;
2638;674;signup_completed;11/03/2026 20:24;
2639;674;onboarding_completed;11/03/2026 20:28;
2640;675;app_open;14/03/2026 00:52;
2641;675;signup_completed;14/03/2026 00:53;
2642;675;onboarding_completed;14/03/2026 00:56;
2643;675;lesson_start;14/03/2026 00:58;101.0
2644;675;quiz_completed;14/03/2026 01:03;101.0
2645;675;streak_extended;28/03/2026 00:03;115.0
2646;675;streak_extended;13/04/2026 01:03;131.0
2647;676;app_open;13/03/2026 13:25;
2648;676;signup_completed;13/03/2026 13:26;
2649;677;app_open;07/03/2026 02:40;
2650;677;signup_completed;07/03/2026 02:41;
2651;677;onboarding_completed;07/03/2026 02:45;
2652;677;lesson_start;07/03/2026 02:47;101.0
2653;677;quiz_completed;07/03/2026 02:51;101.0
2654;677;streak_extended;08/03/2026 04:51;102.0
2655;677;streak_extended;09/03/2026 04:51;103.0
2656;678;app_open;20/01/2026 03:07;
2657;678;signup_completed;20/01/2026 03:08;
2658;678;onboarding_completed;20/01/2026 03:12;
2659;679;app_open;05/02/2026 08:41;
2660;679;signup_completed;05/02/2026 08:42;
2661;679;onboarding_completed;05/02/2026 08:47;
2662;679;lesson_start;05/02/2026 08:49;101.0
2663;679;quiz_completed;05/02/2026 08:54;101.0
2664;679;streak_extended;06/02/2026 09:54;102.0
2665;679;streak_extended;19/02/2026 06:54;115.0
2666;680;app_open;11/02/2026 20:59;
2667;680;signup_completed;11/02/2026 21:00;
2668;680;onboarding_completed;11/02/2026 21:03;
2669;680;lesson_start;11/02/2026 21:04;101.0
2670;680;quiz_completed;11/02/2026 21:11;101.0
2671;680;streak_extended;12/02/2026 21:11;102.0
2672;680;streak_extended;14/02/2026 22:11;104.0
2673;680;streak_extended;16/02/2026 22:11;106.0
2674;681;app_open;07/01/2026 19:03;
2675;681;signup_completed;07/01/2026 19:04;
2676;681;onboarding_completed;07/01/2026 19:08;
2677;681;lesson_start;07/01/2026 19:09;101.0
2678;682;app_open;06/03/2026 11:47;
2679;682;signup_completed;06/03/2026 11:47;
2680;682;onboarding_completed;06/03/2026 11:51;
2681;682;lesson_start;06/03/2026 11:51;101.0
2682;682;quiz_completed;06/03/2026 11:56;101.0
2683;682;streak_extended;07/03/2026 11:56;102.0
2684;682;streak_extended;08/03/2026 13:56;103.0
2685;683;app_open;02/02/2026 01:25;
2686;683;signup_completed;02/02/2026 01:26;
2687;683;onboarding_completed;02/02/2026 01:28;
2688;684;app_open;02/03/2026 12:03;
2689;684;signup_completed;02/03/2026 12:04;
2690;685;app_open;31/01/2026 11:28;
2691;685;signup_completed;31/01/2026 11:29;
2692;685;onboarding_completed;31/01/2026 11:32;
2693;686;app_open;06/03/2026 09:48;
2694;687;app_open;24/03/2026 08:01;
2695;687;signup_completed;24/03/2026 08:02;
2696;687;onboarding_completed;24/03/2026 08:06;
2697;687;lesson_start;24/03/2026 08:06;101.0
2698;687;quiz_completed;24/03/2026 08:14;101.0
2699;688;app_open;13/01/2026 02:23;
2700;688;signup_completed;13/01/2026 02:24;
2701;688;onboarding_completed;13/01/2026 02:29;
2702;688;lesson_start;13/01/2026 02:30;101.0
2703;688;quiz_completed;13/01/2026 02:34;101.0
2704;688;streak_extended;14/01/2026 00:34;102.0
2705;688;streak_extended;20/01/2026 03:34;108.0
2706;689;app_open;11/03/2026 21:08;
2707;689;signup_completed;11/03/2026 21:10;
2708;689;onboarding_completed;11/03/2026 21:14;
2709;689;lesson_start;11/03/2026 21:15;101.0
2710;689;quiz_completed;11/03/2026 21:20;101.0
2711;689;streak_extended;12/03/2026 21:20;102.0
2712;690;app_open;29/03/2026 09:15;
2713;691;app_open;30/01/2026 03:48;
2714;691;signup_completed;30/01/2026 03:49;
2715;691;onboarding_completed;30/01/2026 03:50;
2716;691;lesson_start;30/01/2026 03:51;101.0
2717;691;quiz_completed;30/01/2026 03:57;101.0
2718;691;streak_extended;31/01/2026 01:57;102.0
2719;691;streak_extended;02/02/2026 05:57;104.0
2720;691;streak_extended;06/02/2026 01:57;108.0
2721;692;app_open;19/02/2026 05:40;
2722;692;signup_completed;19/02/2026 05:41;
2723;692;onboarding_completed;19/02/2026 05:43;
2724;692;lesson_start;19/02/2026 05:44;101.0
2725;692;quiz_completed;19/02/2026 05:48;101.0
2726;692;streak_extended;20/02/2026 06:48;102.0
2727;692;streak_extended;21/02/2026 03:48;103.0
2728;692;streak_extended;22/02/2026 06:48;104.0
2729;692;streak_extended;26/02/2026 04:48;108.0
2730;692;streak_extended;05/03/2026 04:48;115.0
2731;693;app_open;31/01/2026 00:41;
2732;693;signup_completed;31/01/2026 00:43;
2733;693;onboarding_completed;31/01/2026 00:46;
2734;693;lesson_start;31/01/2026 00:47;101.0
2735;693;quiz_completed;31/01/2026 00:54;101.0
2736;693;streak_extended;02/02/2026 23:54;104.0
2737;694;app_open;06/03/2026 17:58;
2738;694;signup_completed;06/03/2026 18:00;
2739;695;app_open;09/02/2026 15:37;
2740;695;signup_completed;09/02/2026 15:39;
2741;695;onboarding_completed;09/02/2026 15:40;
2742;695;lesson_start;09/02/2026 15:41;101.0
2743;695;quiz_completed;09/02/2026 15:47;101.0
2744;695;streak_extended;10/02/2026 14:47;102.0
2745;695;streak_extended;11/02/2026 14:47;103.0
2746;696;app_open;01/02/2026 16:03;
2747;696;signup_completed;01/02/2026 16:05;
2748;696;onboarding_completed;01/02/2026 16:06;
2749;696;lesson_start;01/02/2026 16:06;101.0
2750;696;quiz_completed;01/02/2026 16:14;101.0
2751;696;streak_extended;02/02/2026 14:14;102.0
2752;696;streak_extended;06/02/2026 17:14;106.0
2753;697;app_open;09/02/2026 01:39;
2754;697;signup_completed;09/02/2026 01:40;
2755;697;onboarding_completed;09/02/2026 01:44;
2756;697;lesson_start;09/02/2026 01:45;101.0
2757;697;quiz_completed;09/02/2026 01:50;101.0
2758;697;streak_extended;10/02/2026 02:50;102.0
2759;697;streak_extended;11/02/2026 02:50;103.0
2760;697;streak_extended;10/03/2026 23:50;131.0
2761;698;app_open;09/03/2026 16:36;
2762;698;signup_completed;09/03/2026 16:37;
2763;698;onboarding_completed;09/03/2026 16:41;
2764;698;lesson_start;09/03/2026 16:42;101.0
2765;698;quiz_completed;09/03/2026 16:50;101.0
2766;699;app_open;29/01/2026 16:55;
2767;699;signup_completed;29/01/2026 16:56;
2768;699;onboarding_completed;29/01/2026 16:59;
2769;700;app_open;23/02/2026 19:52;
2770;700;signup_completed;23/02/2026 19:54;
2771;701;app_open;13/01/2026 08:36;
2772;701;signup_completed;13/01/2026 08:36;
2773;701;onboarding_completed;13/01/2026 08:38;
2774;701;lesson_start;13/01/2026 08:38;101.0
2775;702;app_open;19/01/2026 15:01;
2776;702;signup_completed;19/01/2026 15:02;
2777;702;onboarding_completed;19/01/2026 15:07;
2778;703;app_open;10/02/2026 19:42;
2779;703;signup_completed;10/02/2026 19:44;
2780;703;onboarding_completed;10/02/2026 19:49;
2781;703;lesson_start;10/02/2026 19:51;101.0
2782;703;quiz_completed;10/02/2026 19:54;101.0
2783;703;streak_extended;11/02/2026 17:54;102.0
2784;703;streak_extended;12/03/2026 20:54;131.0
2785;704;app_open;06/03/2026 13:23;
2786;704;signup_completed;06/03/2026 13:24;
2787;704;onboarding_completed;06/03/2026 13:26;
2788;705;app_open;06/02/2026 19:28;
2789;705;signup_completed;06/02/2026 19:29;
2790;706;app_open;07/03/2026 18:15;
2791;706;signup_completed;07/03/2026 18:16;
2792;706;onboarding_completed;07/03/2026 18:17;
2793;706;lesson_start;07/03/2026 18:18;101.0
2794;707;app_open;14/03/2026 15:16;
2795;707;signup_completed;14/03/2026 15:18;
2796;707;onboarding_completed;14/03/2026 15:20;
2797;708;app_open;29/03/2026 15:41;
2798;708;signup_completed;29/03/2026 15:42;
2799;708;onboarding_completed;29/03/2026 15:44;
2800;708;lesson_start;29/03/2026 15:45;101.0
2801;708;quiz_completed;29/03/2026 15:51;101.0
2802;708;streak_extended;31/03/2026 14:51;103.0
2803;708;streak_extended;03/04/2026 15:51;106.0
2804;708;streak_extended;28/04/2026 14:51;131.0
2805;709;app_open;17/01/2026 21:30;
2806;709;signup_completed;17/01/2026 21:32;
2807;709;onboarding_completed;17/01/2026 21:33;
2808;710;app_open;01/03/2026 18:15;
2809;710;signup_completed;01/03/2026 18:16;
2810;710;onboarding_completed;01/03/2026 18:18;
2811;710;lesson_start;01/03/2026 18:19;101.0
2812;710;quiz_completed;01/03/2026 18:23;101.0
2813;710;streak_extended;02/03/2026 18:23;102.0
2814;710;streak_extended;06/03/2026 16:23;106.0
2815;711;app_open;25/02/2026 06:06;
2816;711;signup_completed;25/02/2026 06:07;
2817;711;onboarding_completed;25/02/2026 06:11;
2818;712;app_open;30/01/2026 05:15;
2819;712;signup_completed;30/01/2026 05:17;
2820;713;app_open;09/02/2026 10:13;
2821;713;signup_completed;09/02/2026 10:14;
2822;713;onboarding_completed;09/02/2026 10:18;
2823;713;lesson_start;09/02/2026 10:18;101.0
2824;713;quiz_completed;09/02/2026 10:25;101.0
2825;713;streak_extended;10/02/2026 09:25;102.0
2826;713;streak_extended;11/02/2026 09:25;103.0
2827;713;streak_extended;14/02/2026 12:25;106.0
2828;714;app_open;23/02/2026 04:47;
2829;714;signup_completed;23/02/2026 04:48;
2830;714;onboarding_completed;23/02/2026 04:52;
2831;714;lesson_start;23/02/2026 04:54;101.0
2832;715;app_open;22/03/2026 22:43;
2833;715;signup_completed;22/03/2026 22:44;
2834;716;app_open;01/01/2026 00:56;
2835;716;signup_completed;01/01/2026 00:57;
2836;716;onboarding_completed;01/01/2026 00:59;
2837;716;lesson_start;01/01/2026 01:01;101.0
2838;717;app_open;30/01/2026 12:04;
2839;717;signup_completed;30/01/2026 12:06;
2840;717;onboarding_completed;30/01/2026 12:10;
2841;718;app_open;28/01/2026 20:33;
2842;718;signup_completed;28/01/2026 20:34;
2843;718;onboarding_completed;28/01/2026 20:35;
2844;718;lesson_start;28/01/2026 20:36;101.0
2845;718;quiz_completed;28/01/2026 20:41;101.0
2846;718;streak_extended;29/01/2026 19:41;102.0
2847;718;streak_extended;31/01/2026 19:41;104.0
2848;719;app_open;21/01/2026 09:45;
2849;719;signup_completed;21/01/2026 09:47;
2850;719;onboarding_completed;21/01/2026 09:51;
2851;719;lesson_start;21/01/2026 09:52;101.0
2852;719;quiz_completed;21/01/2026 09:57;101.0
2853;719;streak_extended;22/01/2026 11:57;102.0
2854;719;streak_extended;04/02/2026 09:57;115.0
2855;720;app_open;11/02/2026 17:42;
2856;720;signup_completed;11/02/2026 17:44;
2857;720;onboarding_completed;11/02/2026 17:47;
2858;721;app_open;18/03/2026 06:57;
2859;721;signup_completed;18/03/2026 06:58;
2860;721;onboarding_completed;18/03/2026 07:01;
2861;721;lesson_start;18/03/2026 07:01;101.0
2862;722;app_open;26/02/2026 07:27;
2863;723;app_open;28/02/2026 21:37;
2864;723;signup_completed;28/02/2026 21:38;
2865;723;onboarding_completed;28/02/2026 21:39;
2866;723;lesson_start;28/02/2026 21:41;101.0
2867;723;quiz_completed;28/02/2026 21:46;101.0
2868;723;streak_extended;01/03/2026 23:46;102.0
2869;723;streak_extended;03/03/2026 22:46;104.0
2870;723;streak_extended;05/03/2026 20:46;106.0
2871;723;streak_extended;07/03/2026 23:46;108.0
2872;724;app_open;05/03/2026 13:34;
2873;724;signup_completed;05/03/2026 13:35;
2874;725;app_open;01/02/2026 06:53;
2875;726;app_open;15/02/2026 03:30;
2876;726;signup_completed;15/02/2026 03:31;
2877;726;onboarding_completed;15/02/2026 03:35;
2878;726;lesson_start;15/02/2026 03:35;101.0
2879;727;app_open;12/02/2026 21:26;
2880;727;signup_completed;12/02/2026 21:27;
2881;727;onboarding_completed;12/02/2026 21:32;
2882;727;lesson_start;12/02/2026 21:32;101.0
2883;728;app_open;12/02/2026 22:18;
2884;728;signup_completed;12/02/2026 22:19;
2885;728;onboarding_completed;12/02/2026 22:22;
2886;729;app_open;07/03/2026 14:19;
2887;729;signup_completed;07/03/2026 14:20;
2888;729;onboarding_completed;07/03/2026 14:25;
2889;729;lesson_start;07/03/2026 14:25;101.0
2890;729;quiz_completed;07/03/2026 14:29;101.0
2891;729;streak_extended;09/03/2026 12:29;103.0
2892;730;app_open;21/01/2026 17:57;
2893;730;signup_completed;21/01/2026 17:59;
2894;730;onboarding_completed;21/01/2026 18:03;
2895;731;app_open;19/02/2026 15:07;
2896;731;signup_completed;19/02/2026 15:07;
2897;731;onboarding_completed;19/02/2026 15:12;
2898;731;lesson_start;19/02/2026 15:14;101.0
2899;731;quiz_completed;19/02/2026 15:18;101.0
2900;731;streak_extended;20/02/2026 14:18;102.0
2901;731;streak_extended;22/02/2026 16:18;104.0
2902;731;streak_extended;24/02/2026 15:18;106.0
2903;732;app_open;15/02/2026 22:36;
2904;732;signup_completed;15/02/2026 22:37;
2905;733;app_open;19/03/2026 01:32;
2906;734;app_open;29/03/2026 11:54;
2907;734;signup_completed;29/03/2026 11:54;
2908;734;onboarding_completed;29/03/2026 11:59;
2909;735;app_open;19/03/2026 06:52;
2910;735;signup_completed;19/03/2026 06:53;
2911;735;onboarding_completed;19/03/2026 06:58;
2912;736;app_open;13/03/2026 10:54;
2913;736;signup_completed;13/03/2026 10:55;
2914;737;app_open;17/01/2026 11:24;
2915;737;signup_completed;17/01/2026 11:25;
2916;737;onboarding_completed;17/01/2026 11:29;
2917;738;app_open;05/03/2026 23:14;
2918;738;signup_completed;05/03/2026 23:15;
2919;738;onboarding_completed;05/03/2026 23:18;
2920;738;lesson_start;05/03/2026 23:19;101.0
2921;738;quiz_completed;05/03/2026 23:23;101.0
2922;738;streak_extended;06/03/2026 22:23;102.0
2923;738;streak_extended;09/03/2026 01:23;104.0
2924;738;streak_extended;12/03/2026 21:23;108.0
2925;739;app_open;09/01/2026 05:35;
2926;739;signup_completed;09/01/2026 05:36;
2927;739;onboarding_completed;09/01/2026 05:41;
2928;740;app_open;28/01/2026 13:16;
2929;740;signup_completed;28/01/2026 13:17;
2930;740;onboarding_completed;28/01/2026 13:18;
2931;740;lesson_start;28/01/2026 13:19;101.0
2932;740;quiz_completed;28/01/2026 13:22;101.0
2933;740;streak_extended;29/01/2026 14:22;102.0
2934;740;streak_extended;02/02/2026 13:22;106.0
2935;740;streak_extended;11/02/2026 15:22;115.0
2936;741;app_open;20/02/2026 01:05;
2937;741;signup_completed;20/02/2026 01:06;
2938;741;onboarding_completed;20/02/2026 01:07;
2939;741;lesson_start;20/02/2026 01:08;101.0
2940;742;app_open;06/03/2026 10:53;
2941;742;signup_completed;06/03/2026 10:55;
2942;742;onboarding_completed;06/03/2026 10:57;
2943;743;app_open;03/03/2026 10:51;
2944;743;signup_completed;03/03/2026 10:53;
2945;744;app_open;02/03/2026 02:58;
2946;745;app_open;02/02/2026 13:02;
2947;745;signup_completed;02/02/2026 13:03;
2948;745;onboarding_completed;02/02/2026 13:06;
2949;746;app_open;10/01/2026 01:36;
2950;747;app_open;21/03/2026 11:03;
2951;747;signup_completed;21/03/2026 11:04;
2952;747;onboarding_completed;21/03/2026 11:09;
2953;748;app_open;14/03/2026 22:16;
2954;748;signup_completed;14/03/2026 22:17;
2955;748;onboarding_completed;14/03/2026 22:19;
2956;749;app_open;23/01/2026 19:17;
2957;749;signup_completed;23/01/2026 19:18;
2958;750;app_open;07/03/2026 07:43;
2959;750;signup_completed;07/03/2026 07:45;
2960;750;onboarding_completed;07/03/2026 07:48;
2961;751;app_open;31/01/2026 03:19;
2962;751;signup_completed;31/01/2026 03:21;
2963;751;onboarding_completed;31/01/2026 03:25;
2964;752;app_open;22/01/2026 19:27;
2965;752;signup_completed;22/01/2026 19:27;
2966;752;onboarding_completed;22/01/2026 19:32;
2967;752;lesson_start;22/01/2026 19:34;101.0
2968;753;app_open;20/03/2026 07:25;
2969;753;signup_completed;20/03/2026 07:26;
2970;753;onboarding_completed;20/03/2026 07:29;
2971;754;app_open;20/01/2026 08:00;
2972;754;signup_completed;20/01/2026 08:01;
2973;754;onboarding_completed;20/01/2026 08:06;
2974;755;app_open;15/01/2026 07:21;
2975;755;signup_completed;15/01/2026 07:23;
2976;756;app_open;03/01/2026 08:54;
2977;757;app_open;05/01/2026 11:41;
2978;757;signup_completed;05/01/2026 11:42;
2979;757;onboarding_completed;05/01/2026 11:46;
2980;757;lesson_start;05/01/2026 11:47;101.0
2981;758;app_open;24/01/2026 18:31;
2982;758;signup_completed;24/01/2026 18:33;
2983;758;onboarding_completed;24/01/2026 18:36;
2984;759;app_open;16/02/2026 03:08;
2985;759;signup_completed;16/02/2026 03:10;
2986;760;app_open;01/03/2026 08:22;
2987;761;app_open;24/03/2026 12:01;
2988;761;signup_completed;24/03/2026 12:03;
2989;762;app_open;16/03/2026 14:42;
2990;762;signup_completed;16/03/2026 14:44;
2991;762;onboarding_completed;16/03/2026 14:46;
2992;762;lesson_start;16/03/2026 14:47;101.0
2993;762;quiz_completed;16/03/2026 14:51;101.0
2994;762;streak_extended;17/03/2026 12:51;102.0
2995;762;streak_extended;18/03/2026 14:51;103.0
2996;762;streak_extended;23/03/2026 14:51;108.0
2997;763;app_open;08/01/2026 01:42;
2998;763;signup_completed;08/01/2026 01:44;
2999;763;onboarding_completed;08/01/2026 01:47;
3000;764;app_open;14/02/2026 05:11;
3001;764;signup_completed;14/02/2026 05:13;
3002;764;onboarding_completed;14/02/2026 05:15;
3003;765;app_open;10/02/2026 05:43;
3004;765;signup_completed;10/02/2026 05:44;
3005;765;onboarding_completed;10/02/2026 05:47;
3006;765;lesson_start;10/02/2026 05:48;101.0
3007;766;app_open;28/03/2026 00:50;
3008;766;signup_completed;28/03/2026 00:52;
3009;766;onboarding_completed;28/03/2026 00:56;
3010;767;app_open;03/03/2026 03:27;
3011;767;signup_completed;03/03/2026 03:28;
3012;767;onboarding_completed;03/03/2026 03:30;
3013;767;lesson_start;03/03/2026 03:30;101.0
3014;767;quiz_completed;03/03/2026 03:35;101.0
3015;767;streak_extended;05/03/2026 03:35;103.0
3016;767;streak_extended;06/03/2026 03:35;104.0
3017;767;streak_extended;17/03/2026 01:35;115.0
3018;768;app_open;25/02/2026 21:24;
3019;768;signup_completed;25/02/2026 21:25;
3020;769;app_open;19/01/2026 21:04;
3021;769;signup_completed;19/01/2026 21:05;
3022;770;app_open;11/03/2026 17:52;
3023;771;app_open;09/03/2026 14:37;
3024;771;signup_completed;09/03/2026 14:39;
3025;771;onboarding_completed;09/03/2026 14:41;
3026;771;lesson_start;09/03/2026 14:41;101.0
3027;771;quiz_completed;09/03/2026 14:48;101.0
3028;771;streak_extended;10/03/2026 14:48;102.0
3029;771;streak_extended;23/03/2026 12:48;115.0
3030;772;app_open;07/02/2026 06:44;
3031;772;signup_completed;07/02/2026 06:46;
3032;772;onboarding_completed;07/02/2026 06:50;
3033;773;app_open;17/02/2026 23:58;
3034;773;signup_completed;17/02/2026 23:59;
3035;773;onboarding_completed;18/02/2026 00:03;
3036;774;app_open;08/02/2026 19:15;
3037;774;signup_completed;08/02/2026 19:16;
3038;774;onboarding_completed;08/02/2026 19:20;
3039;774;lesson_start;08/02/2026 19:22;101.0
3040;775;app_open;24/01/2026 16:31;
3041;775;signup_completed;24/01/2026 16:32;
3042;776;app_open;15/01/2026 07:51;
3043;776;signup_completed;15/01/2026 07:53;
3044;776;onboarding_completed;15/01/2026 07:55;
3045;777;app_open;05/03/2026 16:43;
3046;777;signup_completed;05/03/2026 16:44;
3047;778;app_open;08/03/2026 18:16;
3048;778;signup_completed;08/03/2026 18:17;
3049;778;onboarding_completed;08/03/2026 18:20;
3050;779;app_open;01/01/2026 12:55;
3051;779;signup_completed;01/01/2026 12:56;
3052;779;onboarding_completed;01/01/2026 13:00;
3053;779;lesson_start;01/01/2026 13:02;101.0
3054;780;app_open;28/03/2026 16:02;
3055;780;signup_completed;28/03/2026 16:04;
3056;780;onboarding_completed;28/03/2026 16:06;
3057;780;lesson_start;28/03/2026 16:07;101.0
3058;780;quiz_completed;28/03/2026 16:11;101.0
3059;780;streak_extended;02/04/2026 15:11;106.0
3060;781;app_open;14/03/2026 21:52;
3061;781;signup_completed;14/03/2026 21:53;
3062;781;onboarding_completed;14/03/2026 21:54;
3063;781;lesson_start;14/03/2026 21:56;101.0
3064;781;quiz_completed;14/03/2026 22:00;101.0
3065;781;streak_extended;15/03/2026 23:00;102.0
3066;781;streak_extended;17/03/2026 20:00;104.0
3067;781;streak_extended;19/03/2026 23:00;106.0
3068;781;streak_extended;21/03/2026 20:00;108.0
3069;781;streak_extended;29/03/2026 00:00;115.0
3070;782;app_open;25/03/2026 12:58;
3071;782;signup_completed;25/03/2026 12:59;
3072;782;onboarding_completed;25/03/2026 13:01;
3073;782;lesson_start;25/03/2026 13:02;101.0
3074;782;quiz_completed;25/03/2026 13:09;101.0
3075;782;streak_extended;26/03/2026 15:09;102.0
3076;783;app_open;16/03/2026 18:20;
3077;783;signup_completed;16/03/2026 18:22;
3078;783;onboarding_completed;16/03/2026 18:25;
3079;784;app_open;27/03/2026 23:17;
3080;784;signup_completed;27/03/2026 23:17;
3081;784;onboarding_completed;27/03/2026 23:19;
3082;784;lesson_start;27/03/2026 23:20;101.0
3083;785;app_open;11/01/2026 08:21;
3084;785;signup_completed;11/01/2026 08:23;
3085;785;onboarding_completed;11/01/2026 08:27;
3086;785;lesson_start;11/01/2026 08:28;101.0
3087;786;app_open;17/03/2026 13:51;
3088;786;signup_completed;17/03/2026 13:51;
3089;786;onboarding_completed;17/03/2026 13:55;
3090;787;app_open;11/02/2026 06:39;
3091;787;signup_completed;11/02/2026 06:40;
3092;787;onboarding_completed;11/02/2026 06:41;
3093;788;app_open;22/01/2026 05:56;
3094;788;signup_completed;22/01/2026 05:57;
3095;788;onboarding_completed;22/01/2026 06:02;
3096;789;app_open;18/01/2026 01:50;
3097;789;signup_completed;18/01/2026 01:52;
3098;790;app_open;20/03/2026 01:42;
3099;790;signup_completed;20/03/2026 01:43;
3100;790;onboarding_completed;20/03/2026 01:46;
3101;790;lesson_start;20/03/2026 01:48;101.0
3102;791;app_open;09/03/2026 13:35;
3103;791;signup_completed;09/03/2026 13:36;
3104;792;app_open;20/02/2026 06:55;
3105;792;signup_completed;20/02/2026 06:56;
3106;793;app_open;15/02/2026 02:28;
3107;793;signup_completed;15/02/2026 02:29;
3108;793;onboarding_completed;15/02/2026 02:33;
3109;793;lesson_start;15/02/2026 02:33;101.0
3110;793;quiz_completed;15/02/2026 02:38;101.0
3111;793;streak_extended;17/02/2026 02:38;103.0
3112;793;streak_extended;20/02/2026 00:38;106.0
3113;794;app_open;05/01/2026 21:01;
3114;794;signup_completed;05/01/2026 21:02;
3115;794;onboarding_completed;05/01/2026 21:05;
3116;794;lesson_start;05/01/2026 21:06;101.0
3117;795;app_open;24/02/2026 02:50;
3118;795;signup_completed;24/02/2026 02:52;
3119;795;onboarding_completed;24/02/2026 02:56;
3120;795;lesson_start;24/02/2026 02:56;101.0
3121;795;quiz_completed;24/02/2026 03:02;101.0
3122;795;streak_extended;03/03/2026 01:02;108.0
3123;796;app_open;25/01/2026 04:40;
3124;796;signup_completed;25/01/2026 04:41;
3125;796;onboarding_completed;25/01/2026 04:43;
3126;796;lesson_start;25/01/2026 04:43;101.0
3127;796;quiz_completed;25/01/2026 04:50;101.0
3128;796;streak_extended;26/01/2026 04:50;102.0
3129;796;streak_extended;27/01/2026 03:50;103.0
3130;796;streak_extended;30/01/2026 04:50;106.0
3131;797;app_open;24/03/2026 08:46;
3132;797;signup_completed;24/03/2026 08:47;
3133;797;onboarding_completed;24/03/2026 08:51;
3134;798;app_open;12/01/2026 18:47;
3135;798;signup_completed;12/01/2026 18:48;
3136;798;onboarding_completed;12/01/2026 18:52;
3137;799;app_open;14/02/2026 07:37;
3138;799;signup_completed;14/02/2026 07:39;
3139;800;app_open;13/01/2026 22:42;
3140;800;signup_completed;13/01/2026 22:43;
3141;800;onboarding_completed;13/01/2026 22:47;
3142;800;lesson_start;13/01/2026 22:47;101.0
3143;800;quiz_completed;13/01/2026 22:51;101.0
3144;800;streak_extended;15/01/2026 22:51;103.0
3145;801;app_open;19/03/2026 19:26;
3146;801;signup_completed;19/03/2026 19:26;
3147;801;onboarding_completed;19/03/2026 19:28;
3148;801;lesson_start;19/03/2026 19:28;101.0
3149;802;app_open;15/02/2026 02:41;
3150;802;signup_completed;15/02/2026 02:43;
3151;802;onboarding_completed;15/02/2026 02:45;
3152;802;lesson_start;15/02/2026 02:47;101.0
3153;802;quiz_completed;15/02/2026 02:55;101.0
3154;802;streak_extended;16/02/2026 04:55;102.0
3155;803;app_open;06/03/2026 19:34;
3156;803;signup_completed;06/03/2026 19:35;
3157;804;app_open;21/02/2026 13:37;
3158;804;signup_completed;21/02/2026 13:39;
3159;804;onboarding_completed;21/02/2026 13:44;
3160;805;app_open;24/02/2026 06:23;
3161;805;signup_completed;24/02/2026 06:24;
3162;805;onboarding_completed;24/02/2026 06:28;
3163;805;lesson_start;24/02/2026 06:28;101.0
3164;805;quiz_completed;24/02/2026 06:32;101.0
3165;805;streak_extended;25/02/2026 06:32;102.0
3166;805;streak_extended;26/02/2026 06:32;103.0
3167;805;streak_extended;01/03/2026 08:32;106.0
3168;806;app_open;27/02/2026 19:30;
3169;806;signup_completed;27/02/2026 19:31;
3170;806;onboarding_completed;27/02/2026 19:33;
3171;807;app_open;31/01/2026 19:21;
3172;807;signup_completed;31/01/2026 19:22;
3173;807;onboarding_completed;31/01/2026 19:27;
3174;807;lesson_start;31/01/2026 19:27;101.0
3175;807;quiz_completed;31/01/2026 19:33;101.0
3176;807;streak_extended;03/02/2026 18:33;104.0
3177;807;streak_extended;07/02/2026 17:33;108.0
3178;807;streak_extended;14/02/2026 19:33;115.0
3179;808;app_open;15/03/2026 07:51;
3180;808;signup_completed;15/03/2026 07:52;
3181;809;app_open;28/03/2026 13:10;
3182;809;signup_completed;28/03/2026 13:11;
3183;810;app_open;12/02/2026 23:16;
3184;810;signup_completed;12/02/2026 23:17;
3185;810;onboarding_completed;12/02/2026 23:21;
3186;811;app_open;01/03/2026 11:35;
3187;811;signup_completed;01/03/2026 11:36;
3188;811;onboarding_completed;01/03/2026 11:38;
3189;812;app_open;21/03/2026 03:06;
3190;812;signup_completed;21/03/2026 03:07;
3191;812;onboarding_completed;21/03/2026 03:11;
3192;812;lesson_start;21/03/2026 03:13;101.0
3193;812;quiz_completed;21/03/2026 03:20;101.0
3194;812;streak_extended;23/03/2026 04:20;103.0
3195;813;app_open;11/03/2026 20:01;
3196;813;signup_completed;11/03/2026 20:02;
3197;813;onboarding_completed;11/03/2026 20:03;
3198;813;lesson_start;11/03/2026 20:04;101.0
3199;813;quiz_completed;11/03/2026 20:08;101.0
3200;813;streak_extended;12/03/2026 19:08;102.0
3201;814;app_open;28/03/2026 14:33;
3202;814;signup_completed;28/03/2026 14:35;
3203;814;onboarding_completed;28/03/2026 14:37;
3204;815;app_open;19/02/2026 00:13;
3205;816;app_open;11/02/2026 10:22;
3206;817;app_open;22/03/2026 15:21;
3207;817;signup_completed;22/03/2026 15:22;
3208;818;app_open;30/03/2026 01:07;
3209;818;signup_completed;30/03/2026 01:09;
3210;818;onboarding_completed;30/03/2026 01:10;
3211;819;app_open;23/02/2026 04:38;
3212;819;signup_completed;23/02/2026 04:39;
3213;819;onboarding_completed;23/02/2026 04:41;
3214;820;app_open;13/02/2026 07:03;
3215;820;signup_completed;13/02/2026 07:04;
3216;820;onboarding_completed;13/02/2026 07:07;
3217;820;lesson_start;13/02/2026 07:07;101.0
3218;820;quiz_completed;13/02/2026 07:11;101.0
3219;820;streak_extended;14/02/2026 08:11;102.0
3220;820;streak_extended;15/02/2026 07:11;103.0
3221;820;streak_extended;16/02/2026 08:11;104.0
3222;821;app_open;29/03/2026 02:38;
3223;821;signup_completed;29/03/2026 02:40;
3224;821;onboarding_completed;29/03/2026 02:43;
3225;821;lesson_start;29/03/2026 02:44;101.0
3226;822;app_open;16/01/2026 10:51;
3227;822;signup_completed;16/01/2026 10:53;
3228;822;onboarding_completed;16/01/2026 10:55;
3229;822;lesson_start;16/01/2026 10:56;101.0
3230;822;quiz_completed;16/01/2026 11:01;101.0
3231;822;streak_extended;18/01/2026 10:01;103.0
3232;822;streak_extended;30/01/2026 12:01;115.0
3233;823;app_open;14/03/2026 04:50;
3234;823;signup_completed;14/03/2026 04:51;
3235;823;onboarding_completed;14/03/2026 04:55;
3236;824;app_open;25/03/2026 15:25;
3237;824;signup_completed;25/03/2026 15:27;
3238;824;onboarding_completed;25/03/2026 15:28;
3239;825;app_open;16/02/2026 02:04;
3240;825;signup_completed;16/02/2026 02:05;
3241;825;onboarding_completed;16/02/2026 02:09;
3242;826;app_open;13/02/2026 16:44;
3243;826;signup_completed;13/02/2026 16:45;
3244;826;onboarding_completed;13/02/2026 16:49;
3245;827;app_open;26/01/2026 03:57;
3246;827;signup_completed;26/01/2026 03:58;
3247;827;onboarding_completed;26/01/2026 04:00;
3248;828;app_open;14/03/2026 23:46;
3249;828;signup_completed;14/03/2026 23:46;
3250;828;onboarding_completed;14/03/2026 23:48;
3251;828;lesson_start;14/03/2026 23:50;101.0
3252;828;quiz_completed;14/03/2026 23:55;101.0
3253;828;streak_extended;17/03/2026 00:55;103.0
3254;828;streak_extended;17/03/2026 21:55;104.0
3255;829;app_open;25/01/2026 00:06;
3256;829;signup_completed;25/01/2026 00:08;
3257;829;onboarding_completed;25/01/2026 00:09;
3258;829;lesson_start;25/01/2026 00:10;101.0
3259;829;quiz_completed;25/01/2026 00:14;101.0
3260;829;streak_extended;29/01/2026 22:14;106.0
3261;830;app_open;23/03/2026 13:01;
3262;831;app_open;03/03/2026 21:51;
3263;831;signup_completed;03/03/2026 21:52;
3264;831;onboarding_completed;03/03/2026 21:56;
3265;831;lesson_start;03/03/2026 21:56;101.0
3266;831;quiz_completed;03/03/2026 22:01;101.0
3267;831;streak_extended;04/03/2026 22:01;102.0
3268;831;streak_extended;06/03/2026 20:01;104.0
3269;831;streak_extended;08/03/2026 20:01;106.0
3270;831;streak_extended;10/03/2026 22:01;108.0
3271;832;app_open;27/01/2026 22:10;
3272;833;app_open;16/03/2026 08:28;
3273;833;signup_completed;16/03/2026 08:29;
3274;833;onboarding_completed;16/03/2026 08:32;
3275;833;lesson_start;16/03/2026 08:33;101.0
3276;833;quiz_completed;16/03/2026 08:36;101.0
3277;833;streak_extended;19/03/2026 08:36;104.0
3278;834;app_open;17/03/2026 12:06;
3279;834;signup_completed;17/03/2026 12:08;
3280;834;onboarding_completed;17/03/2026 12:12;
3281;834;lesson_start;17/03/2026 12:12;101.0
3282;834;quiz_completed;17/03/2026 12:16;101.0
3283;834;streak_extended;18/03/2026 11:16;102.0
3284;834;streak_extended;19/03/2026 13:16;103.0
3285;834;streak_extended;22/03/2026 14:16;106.0
3286;835;app_open;20/02/2026 14:42;
3287;835;signup_completed;20/02/2026 14:44;
3288;835;onboarding_completed;20/02/2026 14:45;
3289;835;lesson_start;20/02/2026 14:46;101.0
3290;835;quiz_completed;20/02/2026 14:52;101.0
3291;836;app_open;17/02/2026 01:11;
3292;836;signup_completed;17/02/2026 01:12;
3293;836;onboarding_completed;17/02/2026 01:15;
3294;836;lesson_start;17/02/2026 01:17;101.0
3295;837;app_open;02/03/2026 20:25;
3296;837;signup_completed;02/03/2026 20:26;
3297;837;onboarding_completed;02/03/2026 20:28;
3298;837;lesson_start;02/03/2026 20:29;101.0
3299;837;quiz_completed;02/03/2026 20:34;101.0
3300;837;streak_extended;04/03/2026 22:34;103.0
3301;837;streak_extended;09/03/2026 22:34;108.0
3302;838;app_open;24/01/2026 05:28;
3303;838;signup_completed;24/01/2026 05:30;
3304;838;onboarding_completed;24/01/2026 05:31;
3305;838;lesson_start;24/01/2026 05:31;101.0
3306;838;quiz_completed;24/01/2026 05:34;101.0
3307;839;app_open;27/01/2026 15:51;
3308;839;signup_completed;27/01/2026 15:53;
3309;839;onboarding_completed;27/01/2026 15:55;
3310;839;lesson_start;27/01/2026 15:55;101.0
3311;839;quiz_completed;27/01/2026 16:00;101.0
3312;839;streak_extended;29/01/2026 15:00;103.0
3313;839;streak_extended;30/01/2026 14:00;104.0
3314;840;app_open;12/02/2026 16:58;
3315;840;signup_completed;12/02/2026 16:59;
3316;840;onboarding_completed;12/02/2026 17:02;
3317;840;lesson_start;12/02/2026 17:04;101.0
3318;841;app_open;08/01/2026 12:32;
3319;841;signup_completed;08/01/2026 12:33;
3320;841;onboarding_completed;08/01/2026 12:37;
3321;841;lesson_start;08/01/2026 12:37;101.0
3322;841;quiz_completed;08/01/2026 12:40;101.0
3323;841;streak_extended;10/01/2026 12:40;103.0
3324;841;streak_extended;11/01/2026 10:40;104.0
3325;842;app_open;11/03/2026 06:40;
3326;842;signup_completed;11/03/2026 06:42;
3327;842;onboarding_completed;11/03/2026 06:46;
3328;842;lesson_start;11/03/2026 06:48;101.0
3329;842;quiz_completed;11/03/2026 06:55;101.0
3330;842;streak_extended;12/03/2026 07:55;102.0
3331;842;streak_extended;13/03/2026 06:55;103.0
3332;842;streak_extended;14/03/2026 07:55;104.0
3333;842;streak_extended;16/03/2026 05:55;106.0
3334;843;app_open;28/01/2026 17:47;
3335;843;signup_completed;28/01/2026 17:49;
3336;843;onboarding_completed;28/01/2026 17:51;
3337;844;app_open;23/01/2026 18:24;
3338;844;signup_completed;23/01/2026 18:26;
3339;844;onboarding_completed;23/01/2026 18:30;
3340;844;lesson_start;23/01/2026 18:31;101.0
3341;844;quiz_completed;23/01/2026 18:35;101.0
3342;844;streak_extended;28/01/2026 17:35;106.0
3343;844;streak_extended;30/01/2026 17:35;108.0
3344;845;app_open;27/01/2026 09:08;
3345;845;signup_completed;27/01/2026 09:10;
3346;845;onboarding_completed;27/01/2026 09:14;
3347;846;app_open;02/02/2026 14:34;
3348;846;signup_completed;02/02/2026 14:36;
3349;846;onboarding_completed;02/02/2026 14:37;
3350;847;app_open;01/02/2026 00:58;
3351;847;signup_completed;01/02/2026 01:00;
3352;848;app_open;28/03/2026 16:54;
3353;848;signup_completed;28/03/2026 16:54;
3354;848;onboarding_completed;28/03/2026 16:59;
3355;849;app_open;22/02/2026 10:38;
3356;849;signup_completed;22/02/2026 10:39;
3357;850;app_open;08/01/2026 19:45;
3358;850;signup_completed;08/01/2026 19:46;
3359;851;app_open;14/01/2026 10:26;
3360;851;signup_completed;14/01/2026 10:26;
3361;851;onboarding_completed;14/01/2026 10:30;
3362;852;app_open;15/01/2026 15:27;
3363;852;signup_completed;15/01/2026 15:28;
3364;852;onboarding_completed;15/01/2026 15:30;
3365;852;lesson_start;15/01/2026 15:31;101.0
3366;852;quiz_completed;15/01/2026 15:39;101.0
3367;852;streak_extended;16/01/2026 13:39;102.0
3368;852;streak_extended;17/01/2026 15:39;103.0
3369;852;streak_extended;18/01/2026 16:39;104.0
3370;852;streak_extended;20/01/2026 14:39;106.0
3371;852;streak_extended;22/01/2026 16:39;108.0
3372;853;app_open;23/01/2026 10:52;
3373;853;signup_completed;23/01/2026 10:54;
3374;853;onboarding_completed;23/01/2026 10:59;
3375;854;app_open;07/02/2026 04:32;
3376;855;app_open;09/03/2026 09:01;
3377;855;signup_completed;09/03/2026 09:01;
3378;855;onboarding_completed;09/03/2026 09:04;
3379;855;lesson_start;09/03/2026 09:05;101.0
3380;855;quiz_completed;09/03/2026 09:11;101.0
3381;855;streak_extended;16/03/2026 11:11;108.0
3382;856;app_open;15/01/2026 20:03;
3383;856;signup_completed;15/01/2026 20:05;
3384;856;onboarding_completed;15/01/2026 20:09;
3385;857;app_open;10/03/2026 14:04;
3386;857;signup_completed;10/03/2026 14:05;
3387;857;onboarding_completed;10/03/2026 14:08;
3388;858;app_open;21/01/2026 18:32;
3389;859;app_open;07/01/2026 05:39;
3390;859;signup_completed;07/01/2026 05:40;
3391;860;app_open;10/02/2026 06:42;
3392;860;signup_completed;10/02/2026 06:43;
3393;861;app_open;09/02/2026 13:46;
3394;861;signup_completed;09/02/2026 13:47;
3395;861;onboarding_completed;09/02/2026 13:51;
3396;862;app_open;02/02/2026 03:00;
3397;863;app_open;22/02/2026 16:22;
3398;863;signup_completed;22/02/2026 16:23;
3399;863;onboarding_completed;22/02/2026 16:27;
3400;863;lesson_start;22/02/2026 16:27;101.0
3401;863;quiz_completed;22/02/2026 16:31;101.0
3402;863;streak_extended;23/02/2026 17:31;102.0
3403;863;streak_extended;24/02/2026 17:31;103.0
3404;864;app_open;15/02/2026 05:40;
3405;864;signup_completed;15/02/2026 05:42;
3406;865;app_open;10/02/2026 08:49;
3407;865;signup_completed;10/02/2026 08:51;
3408;865;onboarding_completed;10/02/2026 08:54;
3409;865;lesson_start;10/02/2026 08:55;101.0
3410;866;app_open;07/01/2026 01:05;
3411;866;signup_completed;07/01/2026 01:07;
3412;866;onboarding_completed;07/01/2026 01:10;
3413;866;lesson_start;07/01/2026 01:11;101.0
3414;867;app_open;21/01/2026 01:57;
3415;867;signup_completed;21/01/2026 01:58;
3416;867;onboarding_completed;21/01/2026 01:59;
3417;867;lesson_start;21/01/2026 02:01;101.0
3418;867;quiz_completed;21/01/2026 02:08;101.0
3419;867;streak_extended;22/01/2026 01:08;102.0
3420;867;streak_extended;24/01/2026 02:08;104.0
3421;868;app_open;22/03/2026 20:46;
3422;868;signup_completed;22/03/2026 20:48;
3423;869;app_open;10/02/2026 19:00;
3424;870;app_open;07/02/2026 19:32;
3425;870;signup_completed;07/02/2026 19:33;
3426;870;onboarding_completed;07/02/2026 19:35;
3427;870;lesson_start;07/02/2026 19:37;101.0
3428;871;app_open;29/03/2026 20:25;
3429;871;signup_completed;29/03/2026 20:26;
3430;871;onboarding_completed;29/03/2026 20:28;
3431;871;lesson_start;29/03/2026 20:30;101.0
3432;871;quiz_completed;29/03/2026 20:38;101.0
3433;871;streak_extended;30/03/2026 22:38;102.0
3434;871;streak_extended;01/04/2026 20:38;104.0
3435;871;streak_extended;03/04/2026 19:38;106.0
3436;871;streak_extended;05/04/2026 22:38;108.0
3437;872;app_open;16/03/2026 17:45;
3438;872;signup_completed;16/03/2026 17:46;
3439;872;onboarding_completed;16/03/2026 17:50;
3440;872;lesson_start;16/03/2026 17:51;101.0
3441;872;quiz_completed;16/03/2026 17:57;101.0
3442;872;streak_extended;17/03/2026 15:57;102.0
3443;872;streak_extended;18/03/2026 16:57;103.0
3444;872;streak_extended;19/03/2026 15:57;104.0
3445;872;streak_extended;23/03/2026 16:57;108.0
3446;872;streak_extended;30/03/2026 18:57;115.0
3447;873;app_open;26/02/2026 17:00;
3448;873;signup_completed;26/02/2026 17:01;
3449;873;onboarding_completed;26/02/2026 17:03;
3450;874;app_open;09/03/2026 12:41;
3451;874;signup_completed;09/03/2026 12:43;
3452;874;onboarding_completed;09/03/2026 12:48;
3453;874;lesson_start;09/03/2026 12:48;101.0
3454;874;quiz_completed;09/03/2026 12:52;101.0
3455;874;streak_extended;11/03/2026 10:52;103.0
3456;874;streak_extended;12/03/2026 11:52;104.0
3457;874;streak_extended;08/04/2026 13:52;131.0
3458;875;app_open;02/01/2026 21:30;
3459;875;signup_completed;02/01/2026 21:32;
3460;875;onboarding_completed;02/01/2026 21:37;
3461;875;lesson_start;02/01/2026 21:37;101.0
3462;876;app_open;25/03/2026 04:19;
3463;876;signup_completed;25/03/2026 04:20;
3464;876;onboarding_completed;25/03/2026 04:22;
3465;876;lesson_start;25/03/2026 04:23;101.0
3466;877;app_open;27/03/2026 12:04;
3467;877;signup_completed;27/03/2026 12:05;
3468;877;onboarding_completed;27/03/2026 12:09;
3469;877;lesson_start;27/03/2026 12:09;101.0
3470;877;quiz_completed;27/03/2026 12:15;101.0
3471;877;streak_extended;28/03/2026 11:15;102.0
3472;877;streak_extended;30/03/2026 12:15;104.0
3473;877;streak_extended;01/04/2026 14:15;106.0
3474;878;app_open;16/03/2026 07:57;
3475;878;signup_completed;16/03/2026 07:59;
3476;878;onboarding_completed;16/03/2026 08:01;
3477;878;lesson_start;16/03/2026 08:02;101.0
3478;879;app_open;25/02/2026 21:27;
3479;880;app_open;06/02/2026 22:21;
3480;880;signup_completed;06/02/2026 22:22;
3481;881;app_open;16/02/2026 07:26;
3482;881;signup_completed;16/02/2026 07:27;
3483;881;onboarding_completed;16/02/2026 07:28;
3484;881;lesson_start;16/02/2026 07:30;101.0
3485;881;quiz_completed;16/02/2026 07:37;101.0
3486;881;streak_extended;18/02/2026 09:37;103.0
3487;881;streak_extended;02/03/2026 06:37;115.0
3488;882;app_open;01/01/2026 13:44;
3489;882;signup_completed;01/01/2026 13:46;
3490;882;onboarding_completed;01/01/2026 13:50;
3491;882;lesson_start;01/01/2026 13:50;101.0
3492;883;app_open;04/02/2026 03:39;
3493;883;signup_completed;04/02/2026 03:40;
3494;884;app_open;29/01/2026 23:49;
3495;884;signup_completed;29/01/2026 23:50;
3496;884;onboarding_completed;29/01/2026 23:55;
3497;885;app_open;15/03/2026 03:43;
3498;885;signup_completed;15/03/2026 03:44;
3499;885;onboarding_completed;15/03/2026 03:46;
3500;886;app_open;07/02/2026 20:44;
3501;887;app_open;24/03/2026 20:40;
3502;887;signup_completed;24/03/2026 20:42;
3503;887;onboarding_completed;24/03/2026 20:44;
3504;888;app_open;28/03/2026 13:40;
3505;888;signup_completed;28/03/2026 13:41;
3506;888;onboarding_completed;28/03/2026 13:44;
3507;888;lesson_start;28/03/2026 13:44;101.0
3508;888;quiz_completed;28/03/2026 13:50;101.0
3509;888;streak_extended;29/03/2026 11:50;102.0
3510;888;streak_extended;02/04/2026 13:50;106.0
3511;888;streak_extended;04/04/2026 13:50;108.0
3512;889;app_open;23/03/2026 03:23;
3513;889;signup_completed;23/03/2026 03:25;
3514;890;app_open;10/02/2026 16:23;
3515;890;signup_completed;10/02/2026 16:24;
3516;891;app_open;22/02/2026 06:08;
3517;891;signup_completed;22/02/2026 06:10;
3518;891;onboarding_completed;22/02/2026 06:11;
3519;892;app_open;14/03/2026 13:50;
3520;893;app_open;13/03/2026 07:49;
3521;893;signup_completed;13/03/2026 07:50;
3522;894;app_open;23/02/2026 00:34;
3523;894;signup_completed;23/02/2026 00:36;
3524;895;app_open;19/03/2026 15:49;
3525;895;signup_completed;19/03/2026 15:50;
3526;895;onboarding_completed;19/03/2026 15:54;
3527;896;app_open;28/02/2026 13:40;
3528;896;signup_completed;28/02/2026 13:42;
3529;896;onboarding_completed;28/02/2026 13:45;
3530;896;lesson_start;28/02/2026 13:47;101.0
3531;896;quiz_completed;28/02/2026 13:50;101.0
3532;896;streak_extended;02/03/2026 15:50;103.0
3533;896;streak_extended;03/03/2026 11:50;104.0
3534;896;streak_extended;07/03/2026 14:50;108.0
3535;897;app_open;29/03/2026 04:03;
3536;897;signup_completed;29/03/2026 04:05;
3537;897;onboarding_completed;29/03/2026 04:08;
3538;897;lesson_start;29/03/2026 04:09;101.0
3539;898;app_open;22/01/2026 09:53;
3540;898;signup_completed;22/01/2026 09:54;
3541;898;onboarding_completed;22/01/2026 09:55;
3542;899;app_open;17/02/2026 09:39;
3543;900;app_open;22/01/2026 07:17;
3544;900;signup_completed;22/01/2026 07:18;
3545;900;onboarding_completed;22/01/2026 07:19;
3546;900;lesson_start;22/01/2026 07:21;101.0
3547;900;quiz_completed;22/01/2026 07:28;101.0
3548;900;streak_extended;23/01/2026 08:28;102.0
3549;900;streak_extended;24/01/2026 06:28;103.0
3550;900;streak_extended;27/01/2026 06:28;106.0
3551;900;streak_extended;05/02/2026 09:28;115.0
3552;901;app_open;27/01/2026 11:59;
3553;901;signup_completed;27/01/2026 12:00;
3554;902;app_open;12/02/2026 07:34;
3555;903;app_open;17/02/2026 03:37;
3556;903;signup_completed;17/02/2026 03:38;
3557;904;app_open;03/01/2026 19:37;
3558;905;app_open;07/02/2026 18:06;
3559;905;signup_completed;07/02/2026 18:07;
3560;905;onboarding_completed;07/02/2026 18:08;
3561;905;lesson_start;07/02/2026 18:09;101.0
3562;905;quiz_completed;07/02/2026 18:12;101.0
3563;905;streak_extended;08/02/2026 19:12;102.0
3564;905;streak_extended;09/03/2026 19:12;131.0
3565;906;app_open;02/02/2026 15:14;
3566;906;signup_completed;02/02/2026 15:15;
3567;906;onboarding_completed;02/02/2026 15:17;
3568;907;app_open;06/03/2026 22:35;
3569;907;signup_completed;06/03/2026 22:36;
3570;907;onboarding_completed;06/03/2026 22:38;
3571;908;app_open;07/03/2026 22:30;
3572;908;signup_completed;07/03/2026 22:32;
3573;908;onboarding_completed;07/03/2026 22:37;
3574;908;lesson_start;07/03/2026 22:39;101.0
3575;909;app_open;19/03/2026 11:48;
3576;909;signup_completed;19/03/2026 11:50;
3577;909;onboarding_completed;19/03/2026 11:51;
3578;909;lesson_start;19/03/2026 11:53;101.0
3579;910;app_open;09/02/2026 06:07;
3580;910;signup_completed;09/02/2026 06:08;
3581;910;onboarding_completed;09/02/2026 06:13;
3582;910;lesson_start;09/02/2026 06:14;101.0
3583;910;quiz_completed;09/02/2026 06:19;101.0
3584;910;streak_extended;10/02/2026 07:19;102.0
3585;910;streak_extended;11/02/2026 04:19;103.0
3586;911;app_open;12/03/2026 07:27;
3587;911;signup_completed;12/03/2026 07:28;
3588;911;onboarding_completed;12/03/2026 07:30;
3589;911;lesson_start;12/03/2026 07:31;101.0
3590;912;app_open;17/01/2026 00:34;
3591;912;signup_completed;17/01/2026 00:35;
3592;912;onboarding_completed;17/01/2026 00:37;
3593;913;app_open;23/03/2026 14:31;
3594;913;signup_completed;23/03/2026 14:31;
3595;913;onboarding_completed;23/03/2026 14:34;
3596;913;lesson_start;23/03/2026 14:35;101.0
3597;913;quiz_completed;23/03/2026 14:39;101.0
3598;914;app_open;15/02/2026 09:05;
3599;914;signup_completed;15/02/2026 09:06;
3600;915;app_open;13/01/2026 09:23;
3601;915;signup_completed;13/01/2026 09:24;
3602;915;onboarding_completed;13/01/2026 09:28;
3603;915;lesson_start;13/01/2026 09:29;101.0
3604;915;quiz_completed;13/01/2026 09:36;101.0
3605;915;streak_extended;20/01/2026 07:36;108.0
3606;915;streak_extended;12/02/2026 07:36;131.0
3607;916;app_open;02/03/2026 09:57;
3608;916;signup_completed;02/03/2026 09:59;
3609;916;onboarding_completed;02/03/2026 10:03;
3610;917;app_open;21/02/2026 20:35;
3611;918;app_open;03/01/2026 14:50;
3612;918;signup_completed;03/01/2026 14:51;
3613;918;onboarding_completed;03/01/2026 14:56;
3614;918;lesson_start;03/01/2026 14:56;101.0
3615;919;app_open;30/03/2026 01:17;
3616;919;signup_completed;30/03/2026 01:19;
3617;919;onboarding_completed;30/03/2026 01:20;
3618;919;lesson_start;30/03/2026 01:21;101.0
3619;920;app_open;08/02/2026 06:08;
3620;920;signup_completed;08/02/2026 06:09;
3621;920;onboarding_completed;08/02/2026 06:14;
3622;921;app_open;27/02/2026 11:12;
3623;921;signup_completed;27/02/2026 11:13;
3624;921;onboarding_completed;27/02/2026 11:16;
3625;922;app_open;24/02/2026 19:07;
3626;922;signup_completed;24/02/2026 19:08;
3627;923;app_open;06/03/2026 08:54;
3628;923;signup_completed;06/03/2026 08:55;
3629;923;onboarding_completed;06/03/2026 08:56;
3630;924;app_open;03/01/2026 15:09;
3631;924;signup_completed;03/01/2026 15:09;
3632;924;onboarding_completed;03/01/2026 15:14;
3633;924;lesson_start;03/01/2026 15:15;101.0
3634;924;quiz_completed;03/01/2026 15:21;101.0
3635;924;streak_extended;04/01/2026 17:21;102.0
3636;924;streak_extended;06/01/2026 16:21;104.0
3637;924;streak_extended;08/01/2026 16:21;106.0
3638;925;app_open;09/01/2026 03:36;
3639;925;signup_completed;09/01/2026 03:38;
3640;925;onboarding_completed;09/01/2026 03:42;
3641;925;lesson_start;09/01/2026 03:43;101.0
3642;925;quiz_completed;09/01/2026 03:50;101.0
3643;925;streak_extended;10/01/2026 02:50;102.0
3644;926;app_open;04/03/2026 09:42;
3645;926;signup_completed;04/03/2026 09:44;
3646;926;onboarding_completed;04/03/2026 09:45;
3647;926;lesson_start;04/03/2026 09:45;101.0
3648;926;quiz_completed;04/03/2026 09:49;101.0
3649;926;streak_extended;05/03/2026 11:49;102.0
3650;926;streak_extended;07/03/2026 10:49;104.0
3651;926;streak_extended;09/03/2026 08:49;106.0
3652;927;app_open;11/02/2026 14:44;
3653;927;signup_completed;11/02/2026 14:46;
3654;928;app_open;14/01/2026 04:12;
3655;928;signup_completed;14/01/2026 04:13;
3656;929;app_open;26/03/2026 03:54;
3657;929;signup_completed;26/03/2026 03:55;
3658;930;app_open;14/02/2026 19:50;
3659;930;signup_completed;14/02/2026 19:51;
3660;930;onboarding_completed;14/02/2026 19:52;
3661;931;app_open;18/01/2026 15:27;
3662;931;signup_completed;18/01/2026 15:29;
3663;932;app_open;05/01/2026 21:10;
3664;932;signup_completed;05/01/2026 21:12;
3665;932;onboarding_completed;05/01/2026 21:13;
3666;932;lesson_start;05/01/2026 21:14;101.0
3667;932;quiz_completed;05/01/2026 21:21;101.0
3668;932;streak_extended;08/01/2026 19:21;104.0
3669;932;streak_extended;12/01/2026 19:21;108.0
3670;933;app_open;26/01/2026 06:12;
3671;933;signup_completed;26/01/2026 06:13;
3672;933;onboarding_completed;26/01/2026 06:16;
3673;934;app_open;06/02/2026 19:22;
3674;934;signup_completed;06/02/2026 19:23;
3675;934;onboarding_completed;06/02/2026 19:24;
3676;935;app_open;01/02/2026 18:47;
3677;935;signup_completed;01/02/2026 18:49;
3678;935;onboarding_completed;01/02/2026 18:50;
3679;935;lesson_start;01/02/2026 18:51;101.0
3680;936;app_open;21/01/2026 13:12;
3681;936;signup_completed;21/01/2026 13:14;
3682;936;onboarding_completed;21/01/2026 13:15;
3683;936;lesson_start;21/01/2026 13:16;101.0
3684;936;quiz_completed;21/01/2026 13:20;101.0
3685;936;streak_extended;22/01/2026 11:20;102.0
3686;936;streak_extended;28/01/2026 13:20;108.0
3687;936;streak_extended;04/02/2026 12:20;115.0
3688;936;streak_extended;20/02/2026 12:20;131.0
3689;937;app_open;14/02/2026 03:31;
3690;937;signup_completed;14/02/2026 03:33;
3691;938;app_open;01/02/2026 17:36;
3692;938;signup_completed;01/02/2026 17:37;
3693;938;onboarding_completed;01/02/2026 17:39;
3694;938;lesson_start;01/02/2026 17:40;101.0
3695;938;quiz_completed;01/02/2026 17:47;101.0
3696;938;streak_extended;08/02/2026 16:47;108.0
3697;939;app_open;02/02/2026 18:25;
3698;939;signup_completed;02/02/2026 18:27;
3699;939;onboarding_completed;02/02/2026 18:31;
3700;940;app_open;15/03/2026 21:47;
3701;940;signup_completed;15/03/2026 21:48;
3702;941;app_open;27/03/2026 09:42;
3703;941;signup_completed;27/03/2026 09:44;
3704;941;onboarding_completed;27/03/2026 09:48;
3705;941;lesson_start;27/03/2026 09:49;101.0
3706;941;quiz_completed;27/03/2026 09:55;101.0
3707;941;streak_extended;28/03/2026 11:55;102.0
3708;941;streak_extended;29/03/2026 07:55;103.0
3709;942;app_open;06/02/2026 19:25;
3710;942;signup_completed;06/02/2026 19:27;
3711;943;app_open;28/01/2026 00:23;
3712;943;signup_completed;28/01/2026 00:24;
3713;943;onboarding_completed;28/01/2026 00:26;
3714;944;app_open;15/03/2026 00:18;
3715;944;signup_completed;15/03/2026 00:19;
3716;944;onboarding_completed;15/03/2026 00:20;
3717;944;lesson_start;15/03/2026 00:21;101.0
3718;944;quiz_completed;15/03/2026 00:27;101.0
3719;944;streak_extended;16/03/2026 00:27;102.0
3720;944;streak_extended;20/03/2026 02:27;106.0
3721;945;app_open;22/03/2026 18:31;
3722;945;signup_completed;22/03/2026 18:33;
3723;945;onboarding_completed;22/03/2026 18:35;
3724;945;lesson_start;22/03/2026 18:35;101.0
3725;946;app_open;10/02/2026 22:19;
3726;947;app_open;25/01/2026 11:50;
3727;947;signup_completed;25/01/2026 11:52;
3728;947;onboarding_completed;25/01/2026 11:56;
3729;948;app_open;23/03/2026 01:29;
3730;948;signup_completed;23/03/2026 01:30;
3731;948;onboarding_completed;23/03/2026 01:32;
3732;948;lesson_start;23/03/2026 01:33;101.0
3733;949;app_open;08/01/2026 22:51;
3734;949;signup_completed;08/01/2026 22:52;
3735;949;onboarding_completed;08/01/2026 22:53;
3736;949;lesson_start;08/01/2026 22:55;101.0
3737;949;quiz_completed;08/01/2026 23:01;101.0
3738;949;streak_extended;09/01/2026 21:01;102.0
3739;949;streak_extended;11/01/2026 01:01;103.0
3740;950;app_open;15/02/2026 15:53;
3741;950;signup_completed;15/02/2026 15:55;
3742;950;onboarding_completed;15/02/2026 15:59;
3743;950;lesson_start;15/02/2026 16:00;101.0
3744;950;quiz_completed;15/02/2026 16:06;101.0
3745;950;streak_extended;17/02/2026 16:06;103.0
3746;951;app_open;02/01/2026 21:09;
3747;951;signup_completed;02/01/2026 21:11;
3748;951;onboarding_completed;02/01/2026 21:15;
3749;952;app_open;14/03/2026 17:21;
3750;952;signup_completed;14/03/2026 17:22;
3751;953;app_open;22/02/2026 08:56;
3752;953;signup_completed;22/02/2026 08:57;
3753;953;onboarding_completed;22/02/2026 08:58;
3754;953;lesson_start;22/02/2026 08:59;101.0
3755;954;app_open;06/01/2026 01:22;
3756;954;signup_completed;06/01/2026 01:23;
3757;954;onboarding_completed;06/01/2026 01:24;
3758;955;app_open;03/02/2026 23:28;
3759;955;signup_completed;03/02/2026 23:29;
3760;956;app_open;22/01/2026 18:28;
3761;957;app_open;05/03/2026 02:56;
3762;957;signup_completed;05/03/2026 02:57;
3763;958;app_open;07/01/2026 15:53;
3764;958;signup_completed;07/01/2026 15:54;
3765;959;app_open;17/03/2026 20:24;
3766;959;signup_completed;17/03/2026 20:25;
3767;959;onboarding_completed;17/03/2026 20:29;
3768;960;app_open;05/03/2026 06:41;
3769;960;signup_completed;05/03/2026 06:42;
3770;961;app_open;04/01/2026 21:48;
3771;961;signup_completed;04/01/2026 21:49;
3772;961;onboarding_completed;04/01/2026 21:53;
3773;961;lesson_start;04/01/2026 21:55;101.0
3774;962;app_open;15/03/2026 05:29;
3775;963;app_open;04/01/2026 00:18;
3776;963;signup_completed;04/01/2026 00:19;
3777;963;onboarding_completed;04/01/2026 00:22;
3778;963;lesson_start;04/01/2026 00:24;101.0
3779;963;quiz_completed;04/01/2026 00:31;101.0
3780;963;streak_extended;06/01/2026 01:31;103.0
3781;963;streak_extended;07/01/2026 00:31;104.0
3782;964;app_open;25/01/2026 00:12;
3783;964;signup_completed;25/01/2026 00:14;
3784;964;onboarding_completed;25/01/2026 00:16;
3785;965;app_open;20/01/2026 08:32;
3786;965;signup_completed;20/01/2026 08:34;
3787;965;onboarding_completed;20/01/2026 08:35;
3788;966;app_open;23/03/2026 11:32;
3789;966;signup_completed;23/03/2026 11:34;
3790;966;onboarding_completed;23/03/2026 11:35;
3791;966;lesson_start;23/03/2026 11:37;101.0
3792;966;quiz_completed;23/03/2026 11:44;101.0
3793;966;streak_extended;24/03/2026 11:44;102.0
3794;966;streak_extended;26/03/2026 12:44;104.0
3795;966;streak_extended;06/04/2026 10:44;115.0
3796;967;app_open;02/01/2026 23:29;
3797;967;signup_completed;02/01/2026 23:30;
3798;968;app_open;02/03/2026 07:49;
3799;968;signup_completed;02/03/2026 07:50;
3800;968;onboarding_completed;02/03/2026 07:52;
3801;968;lesson_start;02/03/2026 07:54;101.0
3802;968;quiz_completed;02/03/2026 08:02;101.0
3803;968;streak_extended;04/03/2026 06:02;103.0
3804;968;streak_extended;07/03/2026 09:02;106.0
3805;968;streak_extended;09/03/2026 06:02;108.0
3806;969;app_open;15/01/2026 19:04;
3807;969;signup_completed;15/01/2026 19:05;
3808;970;app_open;24/01/2026 03:51;
3809;970;signup_completed;24/01/2026 03:52;
3810;970;onboarding_completed;24/01/2026 03:55;
3811;970;lesson_start;24/01/2026 03:56;101.0
3812;970;quiz_completed;24/01/2026 04:03;101.0
3813;970;streak_extended;25/01/2026 02:03;102.0
3814;970;streak_extended;26/01/2026 05:03;103.0
3815;971;app_open;13/01/2026 06:06;
3816;971;signup_completed;13/01/2026 06:08;
3817;971;onboarding_completed;13/01/2026 06:09;
3818;972;app_open;15/02/2026 23:28;
3819;972;signup_completed;15/02/2026 23:29;
3820;972;onboarding_completed;15/02/2026 23:30;
3821;973;app_open;06/03/2026 23:57;
3822;973;signup_completed;06/03/2026 23:58;
3823;973;onboarding_completed;06/03/2026 23:59;
3824;973;lesson_start;07/03/2026 00:01;101.0
3825;973;quiz_completed;07/03/2026 00:07;101.0
3826;973;streak_extended;07/03/2026 22:07;102.0
3827;973;streak_extended;09/03/2026 00:07;103.0
3828;973;streak_extended;11/03/2026 23:07;106.0
3829;974;app_open;12/01/2026 02:32;
3830;974;signup_completed;12/01/2026 02:33;
3831;974;onboarding_completed;12/01/2026 02:38;
3832;975;app_open;24/02/2026 18:08;
3833;975;signup_completed;24/02/2026 18:09;
3834;976;app_open;22/01/2026 03:53;
3835;976;signup_completed;22/01/2026 03:54;
3836;976;onboarding_completed;22/01/2026 03:55;
3837;976;lesson_start;22/01/2026 03:56;101.0
3838;977;app_open;15/02/2026 03:36;
3839;977;signup_completed;15/02/2026 03:36;
3840;977;onboarding_completed;15/02/2026 03:39;
3841;977;lesson_start;15/02/2026 03:40;101.0
3842;978;app_open;09/03/2026 21:52;
3843;978;signup_completed;09/03/2026 21:53;
3844;978;onboarding_completed;09/03/2026 21:57;
3845;978;lesson_start;09/03/2026 21:58;101.0
3846;979;app_open;25/01/2026 21:05;
3847;979;signup_completed;25/01/2026 21:06;
3848;980;app_open;16/03/2026 11:00;
3849;980;signup_completed;16/03/2026 11:00;
3850;981;app_open;05/02/2026 19:35;
3851;981;signup_completed;05/02/2026 19:36;
3852;982;app_open;17/01/2026 06:58;
3853;982;signup_completed;17/01/2026 06:59;
3854;983;app_open;28/02/2026 19:49;
3855;983;signup_completed;28/02/2026 19:50;
3856;983;onboarding_completed;28/02/2026 19:54;
3857;983;lesson_start;28/02/2026 19:55;101.0
3858;984;app_open;28/02/2026 22:59;
3859;985;app_open;14/03/2026 14:47;
3860;985;signup_completed;14/03/2026 14:49;
3861;985;onboarding_completed;14/03/2026 14:52;
3862;985;lesson_start;14/03/2026 14:52;101.0
3863;985;quiz_completed;14/03/2026 14:58;101.0
3864;985;streak_extended;28/03/2026 16:58;115.0
3865;986;app_open;11/03/2026 17:53;
3866;986;signup_completed;11/03/2026 17:54;
3867;987;app_open;12/01/2026 02:52;
3868;987;signup_completed;12/01/2026 02:53;
3869;987;onboarding_completed;12/01/2026 02:54;
3870;987;lesson_start;12/01/2026 02:56;101.0
3871;987;quiz_completed;12/01/2026 03:03;101.0
3872;987;streak_extended;13/01/2026 01:03;102.0
3873;987;streak_extended;14/01/2026 04:03;103.0
3874;988;app_open;17/03/2026 12:23;
3875;988;signup_completed;17/03/2026 12:24;
3876;988;onboarding_completed;17/03/2026 12:29;
3877;989;app_open;21/03/2026 13:06;
3878;989;signup_completed;21/03/2026 13:07;
3879;989;onboarding_completed;21/03/2026 13:10;
3880;989;lesson_start;21/03/2026 13:10;101.0
3881;989;quiz_completed;21/03/2026 13:16;101.0
3882;989;streak_extended;23/03/2026 14:16;103.0
3883;989;streak_extended;04/04/2026 11:16;115.0
3884;990;app_open;16/01/2026 21:36;
3885;990;signup_completed;16/01/2026 21:37;
3886;990;onboarding_completed;16/01/2026 21:40;
3887;991;app_open;31/01/2026 04:46;
3888;991;signup_completed;31/01/2026 04:48;
3889;991;onboarding_completed;31/01/2026 04:51;
3890;991;lesson_start;31/01/2026 04:53;101.0
3891;991;quiz_completed;31/01/2026 05:00;101.0
3892;991;streak_extended;01/02/2026 05:00;102.0
3893;991;streak_extended;03/02/2026 06:00;104.0
3894;991;streak_extended;02/03/2026 05:00;131.0
3895;992;app_open;11/01/2026 11:53;
3896;992;signup_completed;11/01/2026 11:54;
3897;993;app_open;26/02/2026 04:25;
3898;993;signup_completed;26/02/2026 04:27;
3899;993;onboarding_completed;26/02/2026 04:29;
3900;994;app_open;03/01/2026 11:50;
3901;994;signup_completed;03/01/2026 11:51;
3902;994;onboarding_completed;03/01/2026 11:55;
3903;994;lesson_start;03/01/2026 11:56;101.0
3904;994;quiz_completed;03/01/2026 12:02;101.0
3905;994;streak_extended;04/01/2026 13:02;102.0
3906;994;streak_extended;05/01/2026 10:02;103.0
3907;995;app_open;31/01/2026 06:54;
3908;995;signup_completed;31/01/2026 06:56;
3909;995;onboarding_completed;31/01/2026 07:00;
3910;995;lesson_start;31/01/2026 07:01;101.0
3911;995;quiz_completed;31/01/2026 07:05;101.0
3912;995;streak_extended;01/02/2026 05:05;102.0
3913;995;streak_extended;02/02/2026 08:05;103.0
3914;996;app_open;25/02/2026 21:42;
3915;996;signup_completed;25/02/2026 21:43;
3916;996;onboarding_completed;25/02/2026 21:47;
3917;997;app_open;07/03/2026 18:20;
3918;997;signup_completed;07/03/2026 18:21;
3919;997;onboarding_completed;07/03/2026 18:24;
3920;997;lesson_start;07/03/2026 18:25;101.0
3921;997;quiz_completed;07/03/2026 18:32;101.0
3922;997;streak_extended;08/03/2026 17:32;102.0
3923;997;streak_extended;10/03/2026 17:32;104.0
3924;998;app_open;30/03/2026 03:51;
3925;998;signup_completed;30/03/2026 03:51;
3926;999;app_open;06/02/2026 10:31;
3927;999;signup_completed;06/02/2026 10:33;
3928;999;onboarding_completed;06/02/2026 10:36;
3929;1000;app_open;08/02/2026 12:16;
3930;1000;signup_completed;08/02/2026 12:17;
3931;1001;app_open;11/03/2026 10:06;
3932;1001;signup_completed;11/03/2026 10:07;
3933;1002;app_open;20/01/2026 06:08;
3934;1002;signup_completed;20/01/2026 06:09;
3935;1002;onboarding_completed;20/01/2026 06:14;
3936;1002;lesson_start;20/01/2026 06:15;101.0
3937;1002;quiz_completed;20/01/2026 06:18;101.0
3938;1002;streak_extended;21/01/2026 08:18;102.0
3939;1002;streak_extended;25/01/2026 05:18;106.0
3940;1003;app_open;08/01/2026 09:05;
3941;1003;signup_completed;08/01/2026 09:07;
3942;1003;onboarding_completed;08/01/2026 09:08;
3943;1003;lesson_start;08/01/2026 09:09;101.0
3944;1004;app_open;27/02/2026 11:41;
3945;1005;app_open;09/03/2026 01:14;
3946;1005;signup_completed;09/03/2026 01:16;
3947;1005;onboarding_completed;09/03/2026 01:18;
3948;1005;lesson_start;09/03/2026 01:18;101.0
3949;1005;quiz_completed;09/03/2026 01:22;101.0
3950;1005;streak_extended;10/03/2026 00:22;102.0
3951;1005;streak_extended;11/03/2026 02:22;103.0
3952;1005;streak_extended;12/03/2026 03:22;104.0
3953;1005;streak_extended;15/03/2026 23:22;108.0
3954;1006;app_open;22/03/2026 15:22;
3955;1006;signup_completed;22/03/2026 15:23;
3956;1007;app_open;02/03/2026 21:34;
3957;1007;signup_completed;02/03/2026 21:36;
3958;1007;onboarding_completed;02/03/2026 21:41;
3959;1008;app_open;24/01/2026 13:52;
3960;1008;signup_completed;24/01/2026 13:53;
3961;1008;onboarding_completed;24/01/2026 13:55;
3962;1008;lesson_start;24/01/2026 13:57;101.0
3963;1008;quiz_completed;24/01/2026 14:01;101.0
3964;1008;streak_extended;25/01/2026 16:01;102.0
3965;1008;streak_extended;26/01/2026 15:01;103.0
3966;1008;streak_extended;27/01/2026 12:01;104.0
3967;1009;app_open;10/01/2026 21:26;
3968;1009;signup_completed;10/01/2026 21:27;
3969;1009;onboarding_completed;10/01/2026 21:32;
3970;1009;lesson_start;10/01/2026 21:32;101.0
3971;1009;quiz_completed;10/01/2026 21:36;101.0
3972;1009;streak_extended;11/01/2026 19:36;102.0
3973;1009;streak_extended;13/01/2026 23:36;104.0
3974;1010;app_open;09/03/2026 16:34;
3975;1010;signup_completed;09/03/2026 16:36;
3976;1010;onboarding_completed;09/03/2026 16:37;
3977;1010;lesson_start;09/03/2026 16:39;101.0
3978;1011;app_open;17/03/2026 00:00;
3979;1011;signup_completed;17/03/2026 00:02;
3980;1011;onboarding_completed;17/03/2026 00:05;
3981;1011;lesson_start;17/03/2026 00:07;101.0
3982;1011;quiz_completed;17/03/2026 00:15;101.0
3983;1011;streak_extended;17/03/2026 23:15;102.0
3984;1011;streak_extended;19/03/2026 00:15;103.0
3985;1011;streak_extended;22/03/2026 01:15;106.0
3986;1012;app_open;30/01/2026 06:44;
3987;1012;signup_completed;30/01/2026 06:45;
3988;1013;app_open;24/03/2026 13:19;
3989;1013;signup_completed;24/03/2026 13:20;
3990;1013;onboarding_completed;24/03/2026 13:23;
3991;1014;app_open;08/03/2026 10:26;
3992;1014;signup_completed;08/03/2026 10:28;
3993;1015;app_open;28/02/2026 07:03;
3994;1015;signup_completed;28/02/2026 07:04;
3995;1016;app_open;20/03/2026 05:00;
3996;1016;signup_completed;20/03/2026 05:01;
3997;1016;onboarding_completed;20/03/2026 05:04;
3998;1017;app_open;12/01/2026 18:04;
3999;1017;signup_completed;12/01/2026 18:05;
4000;1018;app_open;19/03/2026 07:20;
4001;1018;signup_completed;19/03/2026 07:21;
4002;1018;onboarding_completed;19/03/2026 07:26;
4003;1018;lesson_start;19/03/2026 07:27;101.0
4004;1019;app_open;24/02/2026 22:43;
4005;1019;signup_completed;24/02/2026 22:43;
4006;1019;onboarding_completed;24/02/2026 22:45;
4007;1019;lesson_start;24/02/2026 22:47;101.0
4008;1020;app_open;17/03/2026 23:40;
4009;1020;signup_completed;17/03/2026 23:41;
4010;1020;onboarding_completed;17/03/2026 23:46;
4011;1020;lesson_start;17/03/2026 23:46;101.0
4012;1020;quiz_completed;17/03/2026 23:53;101.0
4013;1020;streak_extended;19/03/2026 01:53;102.0
4014;1020;streak_extended;21/03/2026 00:53;104.0
4015;1021;app_open;04/01/2026 23:41;
4016;1021;signup_completed;04/01/2026 23:42;
4017;1021;onboarding_completed;04/01/2026 23:43;
4018;1022;app_open;03/02/2026 17:02;
4019;1022;signup_completed;03/02/2026 17:03;
4020;1022;onboarding_completed;03/02/2026 17:05;
4021;1023;app_open;21/02/2026 17:23;
4022;1023;signup_completed;21/02/2026 17:24;
4023;1023;onboarding_completed;21/02/2026 17:29;
4024;1023;lesson_start;21/02/2026 17:29;101.0
4025;1023;quiz_completed;21/02/2026 17:37;101.0
4026;1023;streak_extended;22/02/2026 16:37;102.0
4027;1024;app_open;11/02/2026 14:11;
4028;1024;signup_completed;11/02/2026 14:12;
4029;1024;onboarding_completed;11/02/2026 14:17;
4030;1024;lesson_start;11/02/2026 14:18;101.0
4031;1024;quiz_completed;11/02/2026 14:25;101.0
4032;1024;streak_extended;12/02/2026 12:25;102.0
4033;1024;streak_extended;14/02/2026 16:25;104.0
4034;1024;streak_extended;18/02/2026 14:25;108.0
4035;1025;app_open;06/03/2026 05:27;
4036;1025;signup_completed;06/03/2026 05:28;
4037;1026;app_open;05/02/2026 23:29;
4038;1026;signup_completed;05/02/2026 23:30;
4039;1026;onboarding_completed;05/02/2026 23:34;
4040;1026;lesson_start;05/02/2026 23:35;101.0
4041;1027;app_open;07/01/2026 16:40;
4042;1027;signup_completed;07/01/2026 16:42;
4043;1027;onboarding_completed;07/01/2026 16:45;
4044;1028;app_open;19/02/2026 02:58;
4045;1028;signup_completed;19/02/2026 02:59;
4046;1029;app_open;04/03/2026 20:53;
4047;1030;app_open;03/02/2026 03:07;
4048;1030;signup_completed;03/02/2026 03:08;
4049;1030;onboarding_completed;03/02/2026 03:10;
4050;1030;lesson_start;03/02/2026 03:12;101.0
4051;1030;quiz_completed;03/02/2026 03:16;101.0
4052;1030;streak_extended;04/02/2026 03:16;102.0
4053;1030;streak_extended;17/02/2026 05:16;115.0
4054;1031;app_open;02/01/2026 05:28;
4055;1031;signup_completed;02/01/2026 05:29;
4056;1031;onboarding_completed;02/01/2026 05:30;
4057;1032;app_open;24/03/2026 11:39;
4058;1032;signup_completed;24/03/2026 11:41;
4059;1033;app_open;10/02/2026 18:48;
4060;1033;signup_completed;10/02/2026 18:49;
4061;1034;app_open;21/03/2026 20:10;
4062;1034;signup_completed;21/03/2026 20:10;
4063;1034;onboarding_completed;21/03/2026 20:13;
4064;1034;lesson_start;21/03/2026 20:15;101.0
4065;1034;quiz_completed;21/03/2026 20:22;101.0
4066;1034;streak_extended;22/03/2026 19:22;102.0
4067;1034;streak_extended;23/03/2026 18:22;103.0
4068;1034;streak_extended;24/03/2026 19:22;104.0
4069;1035;app_open;17/02/2026 14:15;
4070;1035;signup_completed;17/02/2026 14:15;
4071;1035;onboarding_completed;17/02/2026 14:18;
4072;1036;app_open;11/01/2026 05:55;
4073;1036;signup_completed;11/01/2026 05:56;
4074;1036;onboarding_completed;11/01/2026 05:58;
4075;1036;lesson_start;11/01/2026 05:59;101.0
4076;1037;app_open;12/02/2026 02:10;
4077;1037;signup_completed;12/02/2026 02:11;
4078;1037;onboarding_completed;12/02/2026 02:16;
4079;1037;lesson_start;12/02/2026 02:17;101.0
4080;1037;quiz_completed;12/02/2026 02:20;101.0
4081;1037;streak_extended;13/02/2026 04:20;102.0
4082;1037;streak_extended;17/02/2026 01:20;106.0
4083;1037;streak_extended;26/02/2026 01:20;115.0
4084;1038;app_open;05/02/2026 03:57;
4085;1038;signup_completed;05/02/2026 03:58;
4086;1038;onboarding_completed;05/02/2026 04:02;
4087;1039;app_open;03/03/2026 17:01;
4088;1040;app_open;28/03/2026 13:31;
4089;1040;signup_completed;28/03/2026 13:32;
4090;1040;onboarding_completed;28/03/2026 13:34;
4091;1041;app_open;22/03/2026 11:01;
4092;1041;signup_completed;22/03/2026 11:03;
4093;1041;onboarding_completed;22/03/2026 11:07;
4094;1042;app_open;14/02/2026 15:16;
4095;1042;signup_completed;14/02/2026 15:17;
4096;1042;onboarding_completed;14/02/2026 15:19;
4097;1043;app_open;10/03/2026 16:08;
4098;1043;signup_completed;10/03/2026 16:10;
4099;1044;app_open;15/01/2026 20:29;
4100;1044;signup_completed;15/01/2026 20:30;
4101;1044;onboarding_completed;15/01/2026 20:34;
4102;1044;lesson_start;15/01/2026 20:34;101.0
4103;1044;quiz_completed;15/01/2026 20:40;101.0
4104;1044;streak_extended;18/01/2026 19:40;104.0
4105;1045;app_open;12/02/2026 06:45;
4106;1045;signup_completed;12/02/2026 06:46;
4107;1045;onboarding_completed;12/02/2026 06:50;
4108;1046;app_open;18/01/2026 02:25;
4109;1046;signup_completed;18/01/2026 02:26;
4110;1046;onboarding_completed;18/01/2026 02:30;
4111;1047;app_open;13/03/2026 05:52;
4112;1048;app_open;20/02/2026 15:45;
4113;1048;signup_completed;20/02/2026 15:46;
4114;1048;onboarding_completed;20/02/2026 15:49;
4115;1048;lesson_start;20/02/2026 15:51;101.0
4116;1049;app_open;05/03/2026 03:40;
4117;1049;signup_completed;05/03/2026 03:42;
4118;1049;onboarding_completed;05/03/2026 03:43;
4119;1050;app_open;27/01/2026 05:20;
4120;1050;signup_completed;27/01/2026 05:20;
4121;1050;onboarding_completed;27/01/2026 05:23;
4122;1050;lesson_start;27/01/2026 05:24;101.0
4123;1050;quiz_completed;27/01/2026 05:30;101.0
4124;1050;streak_extended;28/01/2026 05:30;102.0
4125;1051;app_open;01/03/2026 19:10;
4126;1051;signup_completed;01/03/2026 19:11;
4127;1052;app_open;20/03/2026 11:14;
4128;1052;signup_completed;20/03/2026 11:16;
4129;1052;onboarding_completed;20/03/2026 11:19;
4130;1053;app_open;22/02/2026 06:02;
4131;1054;app_open;17/03/2026 05:02;
4132;1054;signup_completed;17/03/2026 05:03;
4133;1054;onboarding_completed;17/03/2026 05:07;
4134;1055;app_open;16/02/2026 22:37;
4135;1055;signup_completed;16/02/2026 22:39;
4136;1055;onboarding_completed;16/02/2026 22:42;
4137;1056;app_open;15/02/2026 03:14;
4138;1056;signup_completed;15/02/2026 03:15;
4139;1056;onboarding_completed;15/02/2026 03:17;
4140;1056;lesson_start;15/02/2026 03:18;101.0
4141;1056;quiz_completed;15/02/2026 03:21;101.0
4142;1056;streak_extended;16/02/2026 03:21;102.0
4143;1056;streak_extended;17/02/2026 02:21;103.0
4144;1056;streak_extended;01/03/2026 03:21;115.0
4145;1057;app_open;12/02/2026 06:57;
4146;1057;signup_completed;12/02/2026 06:59;
4147;1058;app_open;22/03/2026 04:06;
4148;1058;signup_completed;22/03/2026 04:06;
4149;1058;onboarding_completed;22/03/2026 04:10;
4150;1058;lesson_start;22/03/2026 04:11;101.0
4151;1059;app_open;12/03/2026 23:24;
4152;1059;signup_completed;12/03/2026 23:25;
4153;1059;onboarding_completed;12/03/2026 23:28;
4154;1059;lesson_start;12/03/2026 23:29;101.0
4155;1059;quiz_completed;12/03/2026 23:37;101.0
4156;1059;streak_extended;13/03/2026 21:37;102.0
4157;1059;streak_extended;16/03/2026 01:37;104.0
4158;1060;app_open;27/02/2026 12:33;
4159;1060;signup_completed;27/02/2026 12:35;
4160;1061;app_open;27/01/2026 01:24;
4161;1061;signup_completed;27/01/2026 01:26;
4162;1061;onboarding_completed;27/01/2026 01:30;
4163;1062;app_open;01/02/2026 07:01;
4164;1062;signup_completed;01/02/2026 07:02;
4165;1062;onboarding_completed;01/02/2026 07:03;
4166;1063;app_open;24/03/2026 16:38;
4167;1063;signup_completed;24/03/2026 16:39;
4168;1063;onboarding_completed;24/03/2026 16:43;
4169;1064;app_open;24/01/2026 20:02;
4170;1064;signup_completed;24/01/2026 20:03;
4171;1065;app_open;22/03/2026 15:44;
4172;1065;signup_completed;22/03/2026 15:45;
4173;1065;onboarding_completed;22/03/2026 15:47;
4174;1066;app_open;09/01/2026 09:56;
4175;1066;signup_completed;09/01/2026 09:57;
4176;1066;onboarding_completed;09/01/2026 09:58;
4177;1066;lesson_start;09/01/2026 09:59;101.0
4178;1066;quiz_completed;09/01/2026 10:07;101.0
4179;1066;streak_extended;10/01/2026 11:07;102.0
4180;1066;streak_extended;11/01/2026 11:07;103.0
4181;1066;streak_extended;14/01/2026 10:07;106.0
4182;1067;app_open;28/01/2026 01:56;
4183;1067;signup_completed;28/01/2026 01:58;
4184;1067;onboarding_completed;28/01/2026 02:00;
4185;1068;app_open;27/03/2026 14:20;
4186;1068;signup_completed;27/03/2026 14:21;
4187;1068;onboarding_completed;27/03/2026 14:23;
4188;1069;app_open;13/02/2026 18:26;
4189;1069;signup_completed;13/02/2026 18:28;
4190;1069;onboarding_completed;13/02/2026 18:30;
4191;1069;lesson_start;13/02/2026 18:32;101.0
4192;1070;app_open;24/01/2026 16:14;
4193;1070;signup_completed;24/01/2026 16:15;
4194;1071;app_open;14/03/2026 20:44;
4195;1071;signup_completed;14/03/2026 20:45;
4196;1071;onboarding_completed;14/03/2026 20:50;
4197;1071;lesson_start;14/03/2026 20:51;101.0
4198;1072;app_open;15/02/2026 02:50;
4199;1072;signup_completed;15/02/2026 02:51;
4200;1073;app_open;25/02/2026 07:50;
4201;1074;app_open;01/03/2026 06:10;
4202;1074;signup_completed;01/03/2026 06:12;
4203;1074;onboarding_completed;01/03/2026 06:16;
4204;1074;lesson_start;01/03/2026 06:18;101.0
4205;1074;quiz_completed;01/03/2026 06:25;101.0
4206;1075;app_open;06/03/2026 20:59;
4207;1076;app_open;06/02/2026 19:06;
4208;1076;signup_completed;06/02/2026 19:07;
4209;1076;onboarding_completed;06/02/2026 19:10;
4210;1077;app_open;02/02/2026 15:51;
4211;1077;signup_completed;02/02/2026 15:52;
4212;1077;onboarding_completed;02/02/2026 15:57;
4213;1077;lesson_start;02/02/2026 15:57;101.0
4214;1077;quiz_completed;02/02/2026 16:05;101.0
4215;1077;streak_extended;03/02/2026 16:05;102.0
4216;1078;app_open;03/01/2026 18:52;
4217;1078;signup_completed;03/01/2026 18:54;
4218;1078;onboarding_completed;03/01/2026 18:59;
4219;1078;lesson_start;03/01/2026 19:00;101.0
4220;1078;quiz_completed;03/01/2026 19:05;101.0
4221;1078;streak_extended;05/01/2026 17:05;103.0
4222;1078;streak_extended;06/01/2026 20:05;104.0
4223;1078;streak_extended;10/01/2026 20:05;108.0
4224;1079;app_open;17/02/2026 23:49;
4225;1079;signup_completed;17/02/2026 23:50;
4226;1079;onboarding_completed;17/02/2026 23:52;
4227;1079;lesson_start;17/02/2026 23:53;101.0
4228;1079;quiz_completed;18/02/2026 00:00;101.0
4229;1079;streak_extended;19/02/2026 22:00;103.0
4230;1079;streak_extended;22/02/2026 23:00;106.0
4231;1079;streak_extended;04/03/2026 02:00;115.0
4232;1080;app_open;24/03/2026 14:51;
4233;1081;app_open;01/02/2026 13:20;
4234;1081;signup_completed;01/02/2026 13:21;
4235;1081;onboarding_completed;01/02/2026 13:23;
4236;1082;app_open;18/01/2026 15:43;
4237;1082;signup_completed;18/01/2026 15:44;
4238;1082;onboarding_completed;18/01/2026 15:47;
4239;1082;lesson_start;18/01/2026 15:49;101.0
4240;1082;quiz_completed;18/01/2026 15:55;101.0
4241;1083;app_open;17/02/2026 08:04;
4242;1083;signup_completed;17/02/2026 08:06;
4243;1084;app_open;21/01/2026 14:16;
4244;1085;app_open;04/02/2026 10:48;
4245;1085;signup_completed;04/02/2026 10:48;
4246;1085;onboarding_completed;04/02/2026 10:51;
4247;1086;app_open;19/03/2026 11:05;
4248;1086;signup_completed;19/03/2026 11:06;
4249;1086;onboarding_completed;19/03/2026 11:09;
4250;1087;app_open;26/01/2026 02:00;
4251;1087;signup_completed;26/01/2026 02:00;
4252;1087;onboarding_completed;26/01/2026 02:04;
4253;1087;lesson_start;26/01/2026 02:05;101.0
4254;1087;quiz_completed;26/01/2026 02:12;101.0
4255;1087;streak_extended;27/01/2026 03:12;102.0
4256;1087;streak_extended;28/01/2026 03:12;103.0
4257;1087;streak_extended;29/01/2026 01:12;104.0
4258;1087;streak_extended;02/02/2026 01:12;108.0
4259;1088;app_open;03/02/2026 01:02;
4260;1088;signup_completed;03/02/2026 01:03;
4261;1088;onboarding_completed;03/02/2026 01:06;
4262;1088;lesson_start;03/02/2026 01:06;101.0
4263;1088;quiz_completed;03/02/2026 01:13;101.0
4264;1088;streak_extended;04/02/2026 00:13;102.0
4265;1088;streak_extended;05/02/2026 01:13;103.0
4266;1089;app_open;28/01/2026 03:39;
4267;1089;signup_completed;28/01/2026 03:40;
4268;1090;app_open;27/03/2026 11:17;
4269;1090;signup_completed;27/03/2026 11:18;
4270;1091;app_open;27/02/2026 21:08;
4271;1091;signup_completed;27/02/2026 21:09;
4272;1091;onboarding_completed;27/02/2026 21:13;
4273;1092;app_open;10/03/2026 01:52;
4274;1092;signup_completed;10/03/2026 01:53;
4275;1093;app_open;27/03/2026 10:47;
4276;1093;signup_completed;27/03/2026 10:49;
4277;1093;onboarding_completed;27/03/2026 10:53;
4278;1093;lesson_start;27/03/2026 10:54;101.0
4279;1094;app_open;27/01/2026 19:45;
4280;1095;app_open;23/02/2026 23:05;
4281;1095;signup_completed;23/02/2026 23:06;
4282;1095;onboarding_completed;23/02/2026 23:08;
4283;1096;app_open;01/01/2026 23:39;
4284;1097;app_open;20/02/2026 03:49;
4285;1097;signup_completed;20/02/2026 03:50;
4286;1098;app_open;19/01/2026 13:11;
4287;1098;signup_completed;19/01/2026 13:12;
4288;1098;onboarding_completed;19/01/2026 13:14;
4289;1098;lesson_start;19/01/2026 13:15;101.0
4290;1098;quiz_completed;19/01/2026 13:23;101.0
4291;1098;streak_extended;21/01/2026 13:23;103.0
4292;1098;streak_extended;24/01/2026 11:23;106.0
4293;1099;app_open;09/01/2026 07:29;
4294;1099;signup_completed;09/01/2026 07:31;
4295;1100;app_open;24/01/2026 10:24;
4296;1100;signup_completed;24/01/2026 10:25;
4297;1100;onboarding_completed;24/01/2026 10:27;
4298;1100;lesson_start;24/01/2026 10:28;101.0
4299;1101;app_open;11/03/2026 21:53;
4300;1101;signup_completed;11/03/2026 21:54;
4301;1101;onboarding_completed;11/03/2026 21:56;
4302;1101;lesson_start;11/03/2026 21:56;101.0
4303;1102;app_open;09/02/2026 11:02;
4304;1102;signup_completed;09/02/2026 11:03;
4305;1102;onboarding_completed;09/02/2026 11:05;
4306;1103;app_open;17/02/2026 10:28;
4307;1103;signup_completed;17/02/2026 10:29;
4308;1103;onboarding_completed;17/02/2026 10:30;
4309;1103;lesson_start;17/02/2026 10:31;101.0
4310;1103;quiz_completed;17/02/2026 10:36;101.0
4311;1103;streak_extended;18/02/2026 10:36;102.0
4312;1103;streak_extended;22/02/2026 10:36;106.0
4313;1104;app_open;23/02/2026 21:39;
4314;1104;signup_completed;23/02/2026 21:40;
4315;1105;app_open;15/03/2026 14:39;
4316;1105;signup_completed;15/03/2026 14:40;
4317;1106;app_open;24/01/2026 07:59;
4318;1106;signup_completed;24/01/2026 08:00;
4319;1106;onboarding_completed;24/01/2026 08:03;
4320;1106;lesson_start;24/01/2026 08:03;101.0
4321;1107;app_open;09/03/2026 01:14;
4322;1107;signup_completed;09/03/2026 01:15;
4323;1107;onboarding_completed;09/03/2026 01:18;
4324;1107;lesson_start;09/03/2026 01:19;101.0
4325;1107;quiz_completed;09/03/2026 01:24;101.0
4326;1107;streak_extended;10/03/2026 01:24;102.0
4327;1107;streak_extended;16/03/2026 02:24;108.0
4328;1108;app_open;16/02/2026 05:22;
4329;1108;signup_completed;16/02/2026 05:24;
4330;1108;onboarding_completed;16/02/2026 05:26;
4331;1108;lesson_start;16/02/2026 05:27;101.0
4332;1109;app_open;04/03/2026 17:03;
4333;1109;signup_completed;04/03/2026 17:04;
4334;1109;onboarding_completed;04/03/2026 17:06;
4335;1109;lesson_start;04/03/2026 17:07;101.0
4336;1109;quiz_completed;04/03/2026 17:14;101.0
4337;1109;streak_extended;05/03/2026 17:14;102.0
4338;1109;streak_extended;07/03/2026 16:14;104.0
4339;1110;app_open;11/03/2026 02:42;
4340;1110;signup_completed;11/03/2026 02:43;
4341;1110;onboarding_completed;11/03/2026 02:47;
4342;1111;app_open;17/02/2026 15:41;
4343;1112;app_open;13/02/2026 12:19;
4344;1112;signup_completed;13/02/2026 12:20;
4345;1112;onboarding_completed;13/02/2026 12:23;
4346;1112;lesson_start;13/02/2026 12:25;101.0
4347;1112;quiz_completed;13/02/2026 12:31;101.0
4348;1112;streak_extended;14/02/2026 12:31;102.0
4349;1113;app_open;18/03/2026 23:40;
4350;1113;signup_completed;18/03/2026 23:40;
4351;1114;app_open;02/01/2026 16:10;
4352;1114;signup_completed;02/01/2026 16:11;
4353;1114;onboarding_completed;02/01/2026 16:13;
4354;1115;app_open;10/01/2026 00:49;
4355;1115;signup_completed;10/01/2026 00:50;
4356;1115;onboarding_completed;10/01/2026 00:52;
4357;1116;app_open;29/01/2026 13:37;
4358;1116;signup_completed;29/01/2026 13:37;
4359;1117;app_open;22/01/2026 12:21;
4360;1117;signup_completed;22/01/2026 12:22;
4361;1117;onboarding_completed;22/01/2026 12:26;
4362;1117;lesson_start;22/01/2026 12:26;101.0
4363;1117;quiz_completed;22/01/2026 12:31;101.0
4364;1117;streak_extended;25/01/2026 10:31;104.0
4365;1118;app_open;09/02/2026 06:19;
4366;1118;signup_completed;09/02/2026 06:20;
4367;1118;onboarding_completed;09/02/2026 06:23;
4368;1119;app_open;09/03/2026 03:58;
4369;1119;signup_completed;09/03/2026 04:00;
4370;1119;onboarding_completed;09/03/2026 04:04;
4371;1120;app_open;24/01/2026 14:56;
4372;1120;signup_completed;24/01/2026 14:57;
4373;1120;onboarding_completed;24/01/2026 15:00;
4374;1121;app_open;30/01/2026 17:30;
4375;1121;signup_completed;30/01/2026 17:32;
4376;1122;app_open;06/03/2026 11:08;
4377;1122;signup_completed;06/03/2026 11:09;
4378;1122;onboarding_completed;06/03/2026 11:10;
4379;1122;lesson_start;06/03/2026 11:11;101.0
4380;1122;quiz_completed;06/03/2026 11:17;101.0
4381;1122;streak_extended;13/03/2026 12:17;108.0
4382;1123;app_open;26/02/2026 11:07;
4383;1124;app_open;05/02/2026 19:52;
4384;1124;signup_completed;05/02/2026 19:53;
4385;1124;onboarding_completed;05/02/2026 19:56;
4386;1125;app_open;15/02/2026 22:46;
4387;1126;app_open;23/02/2026 17:41;
4388;1126;signup_completed;23/02/2026 17:41;
4389;1126;onboarding_completed;23/02/2026 17:45;
4390;1127;app_open;21/02/2026 13:08;
4391;1127;signup_completed;21/02/2026 13:09;
4392;1127;onboarding_completed;21/02/2026 13:12;
4393;1127;lesson_start;21/02/2026 13:13;101.0
4394;1127;quiz_completed;21/02/2026 13:18;101.0
4395;1127;streak_extended;24/02/2026 12:18;104.0
4396;1127;streak_extended;26/02/2026 14:18;106.0
4397;1127;streak_extended;07/03/2026 14:18;115.0
4398;1128;app_open;03/02/2026 09:00;
4399;1128;signup_completed;03/02/2026 09:02;
4400;1129;app_open;11/02/2026 07:29;
4401;1129;signup_completed;11/02/2026 07:31;
4402;1129;onboarding_completed;11/02/2026 07:33;
4403;1130;app_open;14/03/2026 10:09;
4404;1130;signup_completed;14/03/2026 10:09;
4405;1130;onboarding_completed;14/03/2026 10:13;
4406;1130;lesson_start;14/03/2026 10:13;101.0
4407;1130;quiz_completed;14/03/2026 10:18;101.0
4408;1131;app_open;23/02/2026 10:29;
4409;1131;signup_completed;23/02/2026 10:30;
4410;1132;app_open;02/02/2026 02:47;
4411;1132;signup_completed;02/02/2026 02:48;
4412;1132;onboarding_completed;02/02/2026 02:52;
4413;1132;lesson_start;02/02/2026 02:54;101.0
4414;1133;app_open;04/02/2026 03:46;
4415;1133;signup_completed;04/02/2026 03:48;
4416;1134;app_open;10/03/2026 05:46;
4417;1134;signup_completed;10/03/2026 05:47;
4418;1134;onboarding_completed;10/03/2026 05:51;
4419;1135;app_open;14/02/2026 01:18;
4420;1135;signup_completed;14/02/2026 01:19;
4421;1135;onboarding_completed;14/02/2026 01:20;
4422;1135;lesson_start;14/02/2026 01:21;101.0
4423;1136;app_open;27/01/2026 07:16;
4424;1136;signup_completed;27/01/2026 07:18;
4425;1136;onboarding_completed;27/01/2026 07:21;
4426;1137;app_open;30/01/2026 18:29;
4427;1137;signup_completed;30/01/2026 18:30;
4428;1137;onboarding_completed;30/01/2026 18:33;
4429;1137;lesson_start;30/01/2026 18:33;101.0
4430;1138;app_open;25/01/2026 09:48;
4431;1139;app_open;23/01/2026 09:11;
4432;1139;signup_completed;23/01/2026 09:13;
4433;1139;onboarding_completed;23/01/2026 09:16;
4434;1139;lesson_start;23/01/2026 09:17;101.0
4435;1140;app_open;12/01/2026 17:08;
4436;1140;signup_completed;12/01/2026 17:09;
4437;1140;onboarding_completed;12/01/2026 17:13;
4438;1141;app_open;12/03/2026 00:42;
4439;1141;signup_completed;12/03/2026 00:44;
4440;1141;onboarding_completed;12/03/2026 00:47;
4441;1141;lesson_start;12/03/2026 00:47;101.0
4442;1141;quiz_completed;12/03/2026 00:52;101.0
4443;1141;streak_extended;12/03/2026 22:52;102.0
4444;1141;streak_extended;14/03/2026 22:52;104.0
4445;1141;streak_extended;26/03/2026 02:52;115.0
4446;1142;app_open;19/01/2026 16:45;
4447;1142;signup_completed;19/01/2026 16:45;
4448;1143;app_open;31/01/2026 15:16;
4449;1143;signup_completed;31/01/2026 15:18;
4450;1143;onboarding_completed;31/01/2026 15:20;
4451;1143;lesson_start;31/01/2026 15:22;101.0
4452;1143;quiz_completed;31/01/2026 15:27;101.0
4453;1143;streak_extended;01/02/2026 14:27;102.0
4454;1143;streak_extended;02/02/2026 14:27;103.0
4455;1143;streak_extended;03/02/2026 14:27;104.0
4456;1143;streak_extended;14/02/2026 17:27;115.0
4457;1144;app_open;12/01/2026 14:34;
4458;1144;signup_completed;12/01/2026 14:36;
4459;1144;onboarding_completed;12/01/2026 14:40;
4460;1144;lesson_start;12/01/2026 14:41;101.0
4461;1145;app_open;14/03/2026 03:02;
4462;1145;signup_completed;14/03/2026 03:04;
4463;1145;onboarding_completed;14/03/2026 03:07;
4464;1145;lesson_start;14/03/2026 03:07;101.0
4465;1146;app_open;22/02/2026 00:39;
4466;1147;app_open;16/03/2026 00:01;
4467;1147;signup_completed;16/03/2026 00:03;
4468;1147;onboarding_completed;16/03/2026 00:05;
4469;1147;lesson_start;16/03/2026 00:05;101.0
4470;1147;quiz_completed;16/03/2026 00:08;101.0
4471;1147;streak_extended;17/03/2026 01:08;102.0
4472;1148;app_open;09/03/2026 00:11;
4473;1148;signup_completed;09/03/2026 00:13;
4474;1148;onboarding_completed;09/03/2026 00:16;
4475;1149;app_open;18/01/2026 23:25;
4476;1149;signup_completed;18/01/2026 23:26;
4477;1150;app_open;19/01/2026 14:19;
4478;1150;signup_completed;19/01/2026 14:20;
4479;1151;app_open;22/01/2026 00:12;
4480;1151;signup_completed;22/01/2026 00:13;
4481;1152;app_open;13/03/2026 17:04;
4482;1152;signup_completed;13/03/2026 17:05;
4483;1152;onboarding_completed;13/03/2026 17:08;
4484;1153;app_open;17/02/2026 00:15;
4485;1153;signup_completed;17/02/2026 00:17;
4486;1153;onboarding_completed;17/02/2026 00:19;
4487;1153;lesson_start;17/02/2026 00:19;101.0
4488;1154;app_open;27/01/2026 20:17;
4489;1154;signup_completed;27/01/2026 20:18;
4490;1154;onboarding_completed;27/01/2026 20:20;
4491;1155;app_open;12/03/2026 08:24;
4492;1155;signup_completed;12/03/2026 08:25;
4493;1155;onboarding_completed;12/03/2026 08:26;
4494;1156;app_open;27/02/2026 05:50;
4495;1157;app_open;15/03/2026 19:24;
4496;1157;signup_completed;15/03/2026 19:26;
4497;1157;onboarding_completed;15/03/2026 19:27;
4498;1157;lesson_start;15/03/2026 19:27;101.0
4499;1157;quiz_completed;15/03/2026 19:34;101.0
4500;1157;streak_extended;18/03/2026 19:34;104.0
4501;1157;streak_extended;20/03/2026 19:34;106.0
4502;1158;app_open;20/02/2026 22:29;
4503;1158;signup_completed;20/02/2026 22:30;
4504;1158;onboarding_completed;20/02/2026 22:34;
4505;1159;app_open;27/02/2026 22:37;
4506;1159;signup_completed;27/02/2026 22:38;
4507;1160;app_open;28/01/2026 11:26;
4508;1160;signup_completed;28/01/2026 11:27;
4509;1160;onboarding_completed;28/01/2026 11:31;
4510;1161;app_open;10/01/2026 18:14;
4511;1161;signup_completed;10/01/2026 18:15;
4512;1161;onboarding_completed;10/01/2026 18:16;
4513;1162;app_open;22/03/2026 20:09;
4514;1162;signup_completed;22/03/2026 20:11;
4515;1162;onboarding_completed;22/03/2026 20:16;
4516;1163;app_open;19/01/2026 20:19;
4517;1163;signup_completed;19/01/2026 20:20;
4518;1163;onboarding_completed;19/01/2026 20:24;
4519;1164;app_open;29/01/2026 18:18;
4520;1164;signup_completed;29/01/2026 18:19;
4521;1164;onboarding_completed;29/01/2026 18:24;
4522;1164;lesson_start;29/01/2026 18:26;101.0
4523;1165;app_open;23/01/2026 02:04;
4524;1165;signup_completed;23/01/2026 02:06;
4525;1166;app_open;05/02/2026 00:54;
4526;1166;signup_completed;05/02/2026 00:56;
4527;1166;onboarding_completed;05/02/2026 01:00;
4528;1167;app_open;18/01/2026 10:07;
4529;1167;signup_completed;18/01/2026 10:08;
4530;1168;app_open;30/01/2026 08:20;
4531;1168;signup_completed;30/01/2026 08:21;
4532;1168;onboarding_completed;30/01/2026 08:23;
4533;1168;lesson_start;30/01/2026 08:25;101.0
4534;1168;quiz_completed;30/01/2026 08:30;101.0
4535;1168;streak_extended;31/01/2026 09:30;102.0
4536;1168;streak_extended;01/02/2026 10:30;103.0
4537;1168;streak_extended;02/02/2026 10:30;104.0
4538;1169;app_open;02/01/2026 08:58;
4539;1169;signup_completed;02/01/2026 08:59;
4540;1169;onboarding_completed;02/01/2026 09:02;
4541;1169;lesson_start;02/01/2026 09:04;101.0
4542;1169;quiz_completed;02/01/2026 09:11;101.0
4543;1169;streak_extended;04/01/2026 07:11;103.0
4544;1169;streak_extended;05/01/2026 07:11;104.0
4545;1169;streak_extended;07/01/2026 11:11;106.0
4546;1169;streak_extended;16/01/2026 08:11;115.0
4547;1170;app_open;10/03/2026 17:48;
4548;1170;signup_completed;10/03/2026 17:49;
4549;1170;onboarding_completed;10/03/2026 17:54;
4550;1171;app_open;21/02/2026 20:37;
4551;1171;signup_completed;21/02/2026 20:39;
4552;1171;onboarding_completed;21/02/2026 20:44;
4553;1172;app_open;13/01/2026 06:57;
4554;1172;signup_completed;13/01/2026 06:58;
4555;1172;onboarding_completed;13/01/2026 07:00;
4556;1173;app_open;27/01/2026 15:11;
4557;1173;signup_completed;27/01/2026 15:12;
4558;1173;onboarding_completed;27/01/2026 15:15;
4559;1173;lesson_start;27/01/2026 15:15;101.0
4560;1173;quiz_completed;27/01/2026 15:20;101.0
4561;1173;streak_extended;28/01/2026 15:20;102.0
4562;1173;streak_extended;29/01/2026 16:20;103.0
4563;1173;streak_extended;30/01/2026 16:20;104.0
4564;1174;app_open;05/01/2026 10:03;
4565;1174;signup_completed;05/01/2026 10:05;
4566;1175;app_open;06/01/2026 07:03;
4567;1175;signup_completed;06/01/2026 07:05;
4568;1175;onboarding_completed;06/01/2026 07:08;
4569;1175;lesson_start;06/01/2026 07:09;101.0
4570;1175;quiz_completed;06/01/2026 07:15;101.0
4571;1175;streak_extended;07/01/2026 09:15;102.0
4572;1176;app_open;23/02/2026 17:25;
4573;1176;signup_completed;23/02/2026 17:25;
4574;1176;onboarding_completed;23/02/2026 17:29;
4575;1176;lesson_start;23/02/2026 17:30;101.0
4576;1176;quiz_completed;23/02/2026 17:35;101.0
4577;1176;streak_extended;24/02/2026 18:35;102.0
4578;1176;streak_extended;02/03/2026 17:35;108.0
4579;1176;streak_extended;25/03/2026 18:35;131.0
4580;1177;app_open;29/01/2026 08:43;
4581;1177;signup_completed;29/01/2026 08:44;
4582;1177;onboarding_completed;29/01/2026 08:46;
4583;1177;lesson_start;29/01/2026 08:47;101.0
4584;1177;quiz_completed;29/01/2026 08:54;101.0
4585;1177;streak_extended;30/01/2026 06:54;102.0
4586;1178;app_open;09/03/2026 17:06;
4587;1178;signup_completed;09/03/2026 17:07;
4588;1178;onboarding_completed;09/03/2026 17:10;
4589;1179;app_open;13/01/2026 06:15;
4590;1179;signup_completed;13/01/2026 06:16;
4591;1180;app_open;03/03/2026 22:20;
4592;1181;app_open;26/03/2026 07:39;
4593;1181;signup_completed;26/03/2026 07:41;
4594;1181;onboarding_completed;26/03/2026 07:43;
4595;1182;app_open;15/03/2026 02:07;
4596;1182;signup_completed;15/03/2026 02:08;
4597;1182;onboarding_completed;15/03/2026 02:10;
4598;1183;app_open;17/02/2026 15:49;
4599;1183;signup_completed;17/02/2026 15:51;
4600;1184;app_open;10/01/2026 23:02;
4601;1184;signup_completed;10/01/2026 23:04;
4602;1185;app_open;26/03/2026 17:35;
4603;1185;signup_completed;26/03/2026 17:36;
4604;1186;app_open;02/01/2026 04:34;
4605;1186;signup_completed;02/01/2026 04:35;
4606;1186;onboarding_completed;02/01/2026 04:39;
4607;1186;lesson_start;02/01/2026 04:40;101.0
4608;1186;quiz_completed;02/01/2026 04:45;101.0
4609;1186;streak_extended;03/01/2026 03:45;102.0
4610;1186;streak_extended;04/01/2026 03:45;103.0
4611;1186;streak_extended;05/01/2026 02:45;104.0
4612;1186;streak_extended;07/01/2026 03:45;106.0
4613;1187;app_open;25/02/2026 17:39;
4614;1187;signup_completed;25/02/2026 17:41;
4615;1187;onboarding_completed;25/02/2026 17:42;
4616;1187;lesson_start;25/02/2026 17:44;101.0
4617;1187;quiz_completed;25/02/2026 17:50;101.0
4618;1187;streak_extended;27/03/2026 16:50;131.0
4619;1188;app_open;28/01/2026 14:33;
4620;1188;signup_completed;28/01/2026 14:34;
4621;1188;onboarding_completed;28/01/2026 14:36;
4622;1189;app_open;15/02/2026 13:46;
4623;1189;signup_completed;15/02/2026 13:47;
4624;1189;onboarding_completed;15/02/2026 13:51;
4625;1189;lesson_start;15/02/2026 13:52;101.0
4626;1189;quiz_completed;15/02/2026 14:00;101.0
4627;1189;streak_extended;16/02/2026 16:00;102.0
4628;1189;streak_extended;17/02/2026 13:00;103.0
4629;1190;app_open;16/02/2026 11:29;
4630;1191;app_open;12/02/2026 18:22;
4631;1191;signup_completed;12/02/2026 18:22;
4632;1191;onboarding_completed;12/02/2026 18:23;
4633;1191;lesson_start;12/02/2026 18:25;101.0
4634;1191;quiz_completed;12/02/2026 18:31;101.0
4635;1191;streak_extended;15/02/2026 19:31;104.0
4636;1192;app_open;03/02/2026 01:54;
4637;1192;signup_completed;03/02/2026 01:55;
4638;1192;onboarding_completed;03/02/2026 02:00;
4639;1192;lesson_start;03/02/2026 02:01;101.0
4640;1192;quiz_completed;03/02/2026 02:05;101.0
4641;1192;streak_extended;05/02/2026 00:05;103.0
4642;1192;streak_extended;06/02/2026 01:05;104.0
4643;1193;app_open;18/01/2026 21:35;
4644;1194;app_open;05/01/2026 23:42;
4645;1194;signup_completed;05/01/2026 23:43;
4646;1194;onboarding_completed;05/01/2026 23:45;
4647;1195;app_open;25/01/2026 12:19;
4648;1195;signup_completed;25/01/2026 12:20;
4649;1195;onboarding_completed;25/01/2026 12:24;
4650;1195;lesson_start;25/01/2026 12:25;101.0
4651;1196;app_open;25/03/2026 15:57;
4652;1197;app_open;16/02/2026 09:11;
4653;1197;signup_completed;16/02/2026 09:12;
4654;1198;app_open;12/01/2026 01:50;
4655;1198;signup_completed;12/01/2026 01:51;
4656;1199;app_open;21/03/2026 19:40;
4657;1199;signup_completed;21/03/2026 19:40;
4658;1199;onboarding_completed;21/03/2026 19:45;
4659;1200;app_open;07/01/2026 08:15;
4660;1200;signup_completed;07/01/2026 08:17;
4661;1201;app_open;08/02/2026 21:42;
4662;1201;signup_completed;08/02/2026 21:44;
4663;1201;onboarding_completed;08/02/2026 21:47;
4664;1201;lesson_start;08/02/2026 21:47;101.0
4665;1202;app_open;17/02/2026 17:51;
4666;1202;signup_completed;17/02/2026 17:51;
4667;1203;app_open;08/01/2026 04:37;
4668;1203;signup_completed;08/01/2026 04:38;
4669;1203;onboarding_completed;08/01/2026 04:42;
4670;1203;lesson_start;08/01/2026 04:44;101.0
4671;1203;quiz_completed;08/01/2026 04:49;101.0
4672;1203;streak_extended;09/01/2026 04:49;102.0
4673;1203;streak_extended;10/01/2026 05:49;103.0
4674;1203;streak_extended;11/01/2026 02:49;104.0
4675;1203;streak_extended;22/01/2026 05:49;115.0
4676;1204;app_open;26/02/2026 00:33;
4677;1204;signup_completed;26/02/2026 00:34;
4678;1204;onboarding_completed;26/02/2026 00:35;
4679;1205;app_open;03/03/2026 02:42;
4680;1205;signup_completed;03/03/2026 02:43;
4681;1205;onboarding_completed;03/03/2026 02:46;
4682;1206;app_open;08/03/2026 15:32;
4683;1206;signup_completed;08/03/2026 15:34;
4684;1206;onboarding_completed;08/03/2026 15:35;
4685;1206;lesson_start;08/03/2026 15:36;101.0
4686;1206;quiz_completed;08/03/2026 15:40;101.0
4687;1206;streak_extended;09/03/2026 13:40;102.0
4688;1206;streak_extended;10/03/2026 15:40;103.0
4689;1206;streak_extended;13/03/2026 15:40;106.0
4690;1206;streak_extended;07/04/2026 16:40;131.0
4691;1207;app_open;06/01/2026 04:55;
4692;1208;app_open;15/01/2026 17:32;
4693;1208;signup_completed;15/01/2026 17:34;
4694;1208;onboarding_completed;15/01/2026 17:36;
4695;1209;app_open;15/01/2026 11:39;
4696;1209;signup_completed;15/01/2026 11:40;
4697;1209;onboarding_completed;15/01/2026 11:41;
4698;1209;lesson_start;15/01/2026 11:42;101.0
4699;1209;quiz_completed;15/01/2026 11:49;101.0
4700;1209;streak_extended;16/01/2026 10:49;102.0
4701;1209;streak_extended;17/01/2026 09:49;103.0
4702;1210;app_open;20/03/2026 18:05;
4703;1210;signup_completed;20/03/2026 18:07;
4704;1210;onboarding_completed;20/03/2026 18:09;
4705;1210;lesson_start;20/03/2026 18:10;101.0
4706;1211;app_open;24/02/2026 15:30;
4707;1211;signup_completed;24/02/2026 15:31;
4708;1211;onboarding_completed;24/02/2026 15:32;
4709;1212;app_open;30/01/2026 11:59;
4710;1212;signup_completed;30/01/2026 12:01;
4711;1212;onboarding_completed;30/01/2026 12:05;
4712;1213;app_open;09/01/2026 06:29;
4713;1213;signup_completed;09/01/2026 06:30;
4714;1213;onboarding_completed;09/01/2026 06:32;
4715;1213;lesson_start;09/01/2026 06:34;101.0
4716;1214;app_open;25/01/2026 02:19;
4717;1214;signup_completed;25/01/2026 02:20;
4718;1214;onboarding_completed;25/01/2026 02:25;
4719;1214;lesson_start;25/01/2026 02:26;101.0
4720;1215;app_open;12/01/2026 12:00;
4721;1215;signup_completed;12/01/2026 12:02;
4722;1215;onboarding_completed;12/01/2026 12:06;
4723;1215;lesson_start;12/01/2026 12:07;101.0
4724;1215;quiz_completed;12/01/2026 12:15;101.0
4725;1215;streak_extended;19/01/2026 14:15;108.0
4726;1216;app_open;24/02/2026 04:24;
4727;1216;signup_completed;24/02/2026 04:26;
4728;1216;onboarding_completed;24/02/2026 04:27;
4729;1217;app_open;16/03/2026 05:16;
4730;1217;signup_completed;16/03/2026 05:18;
4731;1217;onboarding_completed;16/03/2026 05:20;
4732;1218;app_open;10/02/2026 09:45;
4733;1218;signup_completed;10/02/2026 09:46;
4734;1218;onboarding_completed;10/02/2026 09:49;
4735;1219;app_open;28/02/2026 20:49;
4736;1219;signup_completed;28/02/2026 20:50;
4737;1219;onboarding_completed;28/02/2026 20:54;
4738;1220;app_open;27/02/2026 21:04;
4739;1220;signup_completed;27/02/2026 21:05;
4740;1220;onboarding_completed;27/02/2026 21:07;
4741;1220;lesson_start;27/02/2026 21:07;101.0
4742;1221;app_open;18/03/2026 18:33;
4743;1221;signup_completed;18/03/2026 18:34;
4744;1221;onboarding_completed;18/03/2026 18:37;
4745;1222;app_open;02/03/2026 01:01;
4746;1222;signup_completed;02/03/2026 01:02;
4747;1222;onboarding_completed;02/03/2026 01:07;
4748;1222;lesson_start;02/03/2026 01:07;101.0
4749;1222;quiz_completed;02/03/2026 01:13;101.0
4750;1222;streak_extended;03/03/2026 03:13;102.0
4751;1222;streak_extended;04/03/2026 02:13;103.0
4752;1223;app_open;22/01/2026 21:53;
4753;1223;signup_completed;22/01/2026 21:54;
4754;1223;onboarding_completed;22/01/2026 21:58;
4755;1223;lesson_start;22/01/2026 22:00;101.0
4756;1223;quiz_completed;22/01/2026 22:03;101.0
4757;1223;streak_extended;23/01/2026 23:03;102.0
4758;1223;streak_extended;06/02/2026 00:03;115.0
4759;1224;app_open;17/03/2026 07:29;
4760;1224;signup_completed;17/03/2026 07:31;
4761;1224;onboarding_completed;17/03/2026 07:32;
4762;1224;lesson_start;17/03/2026 07:33;101.0
4763;1224;quiz_completed;17/03/2026 07:40;101.0
4764;1224;streak_extended;20/03/2026 09:40;104.0
4765;1225;app_open;20/02/2026 17:40;
4766;1225;signup_completed;20/02/2026 17:41;
4767;1225;onboarding_completed;20/02/2026 17:45;
4768;1226;app_open;06/02/2026 22:20;
4769;1226;signup_completed;06/02/2026 22:21;
4770;1226;onboarding_completed;06/02/2026 22:23;
4771;1226;lesson_start;06/02/2026 22:24;101.0
4772;1226;quiz_completed;06/02/2026 22:31;101.0
4773;1226;streak_extended;08/02/2026 00:31;102.0
4774;1226;streak_extended;09/02/2026 21:31;104.0
4775;1226;streak_extended;21/02/2026 00:31;115.0
4776;1227;app_open;13/02/2026 17:46;
4777;1227;signup_completed;13/02/2026 17:47;
4778;1227;onboarding_completed;13/02/2026 17:51;
4779;1228;app_open;30/03/2026 04:58;
4780;1228;signup_completed;30/03/2026 04:58;
4781;1228;onboarding_completed;30/03/2026 05:01;
4782;1229;app_open;12/02/2026 23:36;
4783;1230;app_open;29/01/2026 20:52;
4784;1230;signup_completed;29/01/2026 20:53;
4785;1231;app_open;25/03/2026 12:20;
4786;1232;app_open;27/02/2026 03:21;
4787;1232;signup_completed;27/02/2026 03:23;
4788;1232;onboarding_completed;27/02/2026 03:27;
4789;1233;app_open;11/02/2026 15:14;
4790;1234;app_open;30/01/2026 15:35;
4791;1234;signup_completed;30/01/2026 15:36;
4792;1234;onboarding_completed;30/01/2026 15:40;
4793;1234;lesson_start;30/01/2026 15:42;101.0
4794;1234;quiz_completed;30/01/2026 15:45;101.0
4795;1234;streak_extended;31/01/2026 17:45;102.0
4796;1234;streak_extended;06/02/2026 15:45;108.0
4797;1235;app_open;25/02/2026 05:00;
4798;1235;signup_completed;25/02/2026 05:01;
4799;1235;onboarding_completed;25/02/2026 05:04;
4800;1235;lesson_start;25/02/2026 05:05;101.0
4801;1236;app_open;02/03/2026 07:05;
4802;1236;signup_completed;02/03/2026 07:06;
4803;1236;onboarding_completed;02/03/2026 07:10;
4804;1236;lesson_start;02/03/2026 07:12;101.0
4805;1236;quiz_completed;02/03/2026 07:17;101.0
4806;1236;streak_extended;04/03/2026 08:17;103.0
4807;1236;streak_extended;05/03/2026 08:17;104.0
4808;1237;app_open;06/01/2026 20:20;
4809;1237;signup_completed;06/01/2026 20:21;
4810;1237;onboarding_completed;06/01/2026 20:26;
4811;1237;lesson_start;06/01/2026 20:27;101.0
4812;1238;app_open;01/03/2026 04:32;
4813;1238;signup_completed;01/03/2026 04:33;
4814;1238;onboarding_completed;01/03/2026 04:35;
4815;1238;lesson_start;01/03/2026 04:36;101.0
4816;1238;quiz_completed;01/03/2026 04:41;101.0
4817;1238;streak_extended;04/03/2026 04:41;104.0
4818;1239;app_open;13/03/2026 20:31;
4819;1239;signup_completed;13/03/2026 20:32;
4820;1239;onboarding_completed;13/03/2026 20:34;
4821;1239;lesson_start;13/03/2026 20:36;101.0
4822;1240;app_open;10/01/2026 15:13;
4823;1241;app_open;16/03/2026 01:18;
4824;1241;signup_completed;16/03/2026 01:20;
4825;1242;app_open;21/01/2026 04:10;
4826;1243;app_open;02/03/2026 17:33;
4827;1243;signup_completed;02/03/2026 17:35;
4828;1244;app_open;21/01/2026 11:43;
4829;1244;signup_completed;21/01/2026 11:44;
4830;1244;onboarding_completed;21/01/2026 11:49;
4831;1244;lesson_start;21/01/2026 11:50;101.0
4832;1245;app_open;26/01/2026 16:40;
4833;1245;signup_completed;26/01/2026 16:41;
4834;1246;app_open;06/03/2026 02:54;
4835;1246;signup_completed;06/03/2026 02:55;
4836;1246;onboarding_completed;06/03/2026 02:57;
4837;1246;lesson_start;06/03/2026 02:57;101.0
4838;1246;quiz_completed;06/03/2026 03:01;101.0
4839;1246;streak_extended;08/03/2026 04:01;103.0
4840;1246;streak_extended;13/03/2026 05:01;108.0
4841;1247;app_open;08/01/2026 21:10;
4842;1247;signup_completed;08/01/2026 21:11;
4843;1247;onboarding_completed;08/01/2026 21:12;
4844;1248;app_open;16/01/2026 05:58;
4845;1248;signup_completed;16/01/2026 05:59;
4846;1248;onboarding_completed;16/01/2026 06:02;
4847;1249;app_open;24/01/2026 06:55;
4848;1249;signup_completed;24/01/2026 06:56;
4849;1250;app_open;17/01/2026 21:00;
4850;1250;signup_completed;17/01/2026 21:02;
4851;1250;onboarding_completed;17/01/2026 21:04;
4852;1250;lesson_start;17/01/2026 21:06;101.0
4853;1250;quiz_completed;17/01/2026 21:11;101.0
4854;1250;streak_extended;18/01/2026 22:11;102.0
4855;1250;streak_extended;19/01/2026 23:11;103.0
4856;1250;streak_extended;20/01/2026 21:11;104.0
4857;1250;streak_extended;22/01/2026 20:11;106.0
4858;1251;app_open;23/02/2026 14:14;
4859;1251;signup_completed;23/02/2026 14:15;
4860;1251;onboarding_completed;23/02/2026 14:17;
4861;1251;lesson_start;23/02/2026 14:18;101.0
4862;1251;quiz_completed;23/02/2026 14:25;101.0
4863;1251;streak_extended;24/02/2026 12:25;102.0
4864;1251;streak_extended;25/02/2026 12:25;103.0
4865;1251;streak_extended;26/02/2026 12:25;104.0
4866;1251;streak_extended;09/03/2026 16:25;115.0
4867;1252;app_open;08/01/2026 06:54;
4868;1252;signup_completed;08/01/2026 06:56;
4869;1252;onboarding_completed;08/01/2026 06:59;
4870;1253;app_open;16/01/2026 04:44;
4871;1253;signup_completed;16/01/2026 04:46;
4872;1254;app_open;01/01/2026 06:14;
4873;1254;signup_completed;01/01/2026 06:15;
4874;1254;onboarding_completed;01/01/2026 06:18;
4875;1255;app_open;09/02/2026 15:54;
4876;1255;signup_completed;09/02/2026 15:56;
4877;1255;onboarding_completed;09/02/2026 15:59;
4878;1256;app_open;13/02/2026 17:44;
4879;1256;signup_completed;13/02/2026 17:46;
4880;1256;onboarding_completed;13/02/2026 17:50;
4881;1256;lesson_start;13/02/2026 17:51;101.0
4882;1256;quiz_completed;13/02/2026 17:56;101.0
4883;1256;streak_extended;18/02/2026 16:56;106.0
4884;1257;app_open;08/03/2026 22:21;
4885;1257;signup_completed;08/03/2026 22:21;
4886;1257;onboarding_completed;08/03/2026 22:26;
4887;1257;lesson_start;08/03/2026 22:26;101.0
4888;1257;quiz_completed;08/03/2026 22:33;101.0
4889;1257;streak_extended;10/03/2026 00:33;102.0
4890;1257;streak_extended;11/03/2026 20:33;104.0
4891;1257;streak_extended;16/03/2026 00:33;108.0
4892;1258;app_open;27/02/2026 15:40;
4893;1258;signup_completed;27/02/2026 15:42;
4894;1258;onboarding_completed;27/02/2026 15:46;
4895;1258;lesson_start;27/02/2026 15:47;101.0
4896;1258;quiz_completed;27/02/2026 15:52;101.0
4897;1258;streak_extended;28/02/2026 16:52;102.0
4898;1258;streak_extended;06/03/2026 17:52;108.0
4899;1259;app_open;15/02/2026 14:58;
4900;1259;signup_completed;15/02/2026 14:59;
4901;1259;onboarding_completed;15/02/2026 15:01;
4902;1259;lesson_start;15/02/2026 15:03;101.0
4903;1260;app_open;29/01/2026 06:41;
4904;1260;signup_completed;29/01/2026 06:42;
4905;1260;onboarding_completed;29/01/2026 06:44;
4906;1261;app_open;04/01/2026 04:03;
4907;1261;signup_completed;04/01/2026 04:04;
4908;1261;onboarding_completed;04/01/2026 04:07;
4909;1262;app_open;23/01/2026 11:22;
4910;1262;signup_completed;23/01/2026 11:24;
4911;1262;onboarding_completed;23/01/2026 11:26;
4912;1262;lesson_start;23/01/2026 11:28;101.0
4913;1262;quiz_completed;23/01/2026 11:35;101.0
4914;1262;streak_extended;25/01/2026 10:35;103.0
4915;1262;streak_extended;26/01/2026 11:35;104.0
4916;1263;app_open;28/01/2026 23:19;
4917;1263;signup_completed;28/01/2026 23:21;
4918;1263;onboarding_completed;28/01/2026 23:26;
4919;1263;lesson_start;28/01/2026 23:27;101.0
4920;1263;quiz_completed;28/01/2026 23:32;101.0
4921;1263;streak_extended;29/01/2026 22:32;102.0
4922;1263;streak_extended;31/01/2026 00:32;103.0
4923;1264;app_open;10/03/2026 15:19;
4924;1264;signup_completed;10/03/2026 15:21;
4925;1264;onboarding_completed;10/03/2026 15:23;
4926;1265;app_open;28/01/2026 10:46;
4927;1265;signup_completed;28/01/2026 10:47;
4928;1265;onboarding_completed;28/01/2026 10:51;
4929;1265;lesson_start;28/01/2026 10:52;101.0
4930;1265;quiz_completed;28/01/2026 10:57;101.0
4931;1265;streak_extended;29/01/2026 09:57;102.0
4932;1265;streak_extended;31/01/2026 11:57;104.0
4933;1266;app_open;10/03/2026 06:04;
4934;1266;signup_completed;10/03/2026 06:06;
4935;1266;onboarding_completed;10/03/2026 06:09;
4936;1266;lesson_start;10/03/2026 06:11;101.0
4937;1266;quiz_completed;10/03/2026 06:18;101.0
4938;1266;streak_extended;13/03/2026 04:18;104.0
4939;1267;app_open;25/03/2026 11:01;
4940;1267;signup_completed;25/03/2026 11:03;
4941;1267;onboarding_completed;25/03/2026 11:05;
4942;1267;lesson_start;25/03/2026 11:06;101.0
4943;1267;quiz_completed;25/03/2026 11:12;101.0
4944;1267;streak_extended;26/03/2026 11:12;102.0
4945;1267;streak_extended;27/03/2026 09:12;103.0
4946;1267;streak_extended;28/03/2026 12:12;104.0
4947;1268;app_open;14/02/2026 01:58;
4948;1268;signup_completed;14/02/2026 01:59;
4949;1268;onboarding_completed;14/02/2026 02:03;
4950;1268;lesson_start;14/02/2026 02:03;101.0
4951;1269;app_open;07/01/2026 21:51;
4952;1269;signup_completed;07/01/2026 21:52;
4953;1270;app_open;08/03/2026 17:43;
4954;1270;signup_completed;08/03/2026 17:45;
4955;1270;onboarding_completed;08/03/2026 17:46;
4956;1271;app_open;23/01/2026 15:55;
4957;1271;signup_completed;23/01/2026 15:56;
4958;1272;app_open;26/01/2026 16:27;
4959;1272;signup_completed;26/01/2026 16:29;
4960;1273;app_open;18/03/2026 11:46;
4961;1273;signup_completed;18/03/2026 11:47;
4962;1273;onboarding_completed;18/03/2026 11:49;
4963;1274;app_open;18/03/2026 19:44;
4964;1274;signup_completed;18/03/2026 19:45;
4965;1275;app_open;02/03/2026 16:29;
4966;1275;signup_completed;02/03/2026 16:30;
4967;1275;onboarding_completed;02/03/2026 16:31;
4968;1275;lesson_start;02/03/2026 16:32;101.0
4969;1275;quiz_completed;02/03/2026 16:40;101.0
4970;1276;app_open;27/02/2026 06:18;
4971;1276;signup_completed;27/02/2026 06:19;
4972;1276;onboarding_completed;27/02/2026 06:21;
4973;1276;lesson_start;27/02/2026 06:23;101.0
4974;1276;quiz_completed;27/02/2026 06:29;101.0
4975;1276;streak_extended;28/02/2026 05:29;102.0
4976;1277;app_open;06/03/2026 04:40;
4977;1277;signup_completed;06/03/2026 04:41;
4978;1277;onboarding_completed;06/03/2026 04:42;
4979;1277;lesson_start;06/03/2026 04:43;101.0
4980;1278;app_open;20/03/2026 01:14;
4981;1278;signup_completed;20/03/2026 01:14;
4982;1278;onboarding_completed;20/03/2026 01:16;
4983;1278;lesson_start;20/03/2026 01:17;101.0
4984;1279;app_open;20/01/2026 04:57;
4985;1279;signup_completed;20/01/2026 04:58;
4986;1279;onboarding_completed;20/01/2026 05:00;
4987;1280;app_open;11/02/2026 06:38;
4988;1280;signup_completed;11/02/2026 06:39;
4989;1281;app_open;12/01/2026 03:26;
4990;1281;signup_completed;12/01/2026 03:28;
4991;1281;onboarding_completed;12/01/2026 03:30;
4992;1281;lesson_start;12/01/2026 03:32;101.0
4993;1282;app_open;22/02/2026 20:55;
4994;1282;signup_completed;22/02/2026 20:55;
4995;1282;onboarding_completed;22/02/2026 20:58;
4996;1282;lesson_start;22/02/2026 21:00;101.0
4997;1282;quiz_completed;22/02/2026 21:04;101.0
4998;1282;streak_extended;23/02/2026 20:04;102.0
4999;1282;streak_extended;01/03/2026 20:04;108.0
5000;1282;streak_extended;08/03/2026 22:04;115.0
5001;1283;app_open;22/01/2026 19:50;
5002;1283;signup_completed;22/01/2026 19:51;
5003;1283;onboarding_completed;22/01/2026 19:53;
5004;1284;app_open;04/03/2026 21:05;
5005;1284;signup_completed;04/03/2026 21:07;
5006;1284;onboarding_completed;04/03/2026 21:10;
5007;1284;lesson_start;04/03/2026 21:11;101.0
5008;1284;quiz_completed;04/03/2026 21:17;101.0
5009;1284;streak_extended;06/03/2026 19:17;103.0
5010;1285;app_open;15/01/2026 11:10;
5011;1285;signup_completed;15/01/2026 11:12;
5012;1285;onboarding_completed;15/01/2026 11:15;
5013;1286;app_open;30/03/2026 04:45;
5014;1286;signup_completed;30/03/2026 04:45;
5015;1287;app_open;26/01/2026 18:58;
5016;1287;signup_completed;26/01/2026 18:59;
5017;1288;app_open;22/03/2026 06:11;
5018;1288;signup_completed;22/03/2026 06:12;
5019;1288;onboarding_completed;22/03/2026 06:13;
5020;1288;lesson_start;22/03/2026 06:13;101.0
5021;1288;quiz_completed;22/03/2026 06:20;101.0
5022;1288;streak_extended;24/03/2026 05:20;103.0
5023;1289;app_open;14/01/2026 19:26;
5024;1289;signup_completed;14/01/2026 19:27;
5025;1290;app_open;07/01/2026 22:23;
5026;1290;signup_completed;07/01/2026 22:25;
5027;1290;onboarding_completed;07/01/2026 22:30;
5028;1291;app_open;06/01/2026 18:58;
5029;1291;signup_completed;06/01/2026 18:58;
5030;1291;onboarding_completed;06/01/2026 19:00;
5031;1291;lesson_start;06/01/2026 19:01;101.0
5032;1292;app_open;17/01/2026 02:37;
5033;1292;signup_completed;17/01/2026 02:38;
5034;1292;onboarding_completed;17/01/2026 02:39;
5035;1292;lesson_start;17/01/2026 02:41;101.0
5036;1292;quiz_completed;17/01/2026 02:45;101.0
5037;1292;streak_extended;19/01/2026 03:45;103.0
5038;1292;streak_extended;24/01/2026 00:45;108.0
5039;1292;streak_extended;31/01/2026 01:45;115.0
5040;1292;streak_extended;16/02/2026 00:45;131.0
5041;1293;app_open;18/03/2026 22:57;
5042;1293;signup_completed;18/03/2026 22:59;
5043;1293;onboarding_completed;18/03/2026 23:01;
5044;1294;app_open;30/01/2026 20:47;
5045;1294;signup_completed;30/01/2026 20:48;
5046;1295;app_open;27/02/2026 18:33;
5047;1295;signup_completed;27/02/2026 18:33;
5048;1295;onboarding_completed;27/02/2026 18:36;
5049;1296;app_open;14/03/2026 17:11;
5050;1296;signup_completed;14/03/2026 17:13;
5051;1296;onboarding_completed;14/03/2026 17:15;
5052;1297;app_open;22/03/2026 00:37;
5053;1297;signup_completed;22/03/2026 00:37;
5054;1297;onboarding_completed;22/03/2026 00:42;
5055;1298;app_open;25/02/2026 06:20;
5056;1298;signup_completed;25/02/2026 06:21;
5057;1298;onboarding_completed;25/02/2026 06:23;
5058;1299;app_open;29/01/2026 00:30;
5059;1299;signup_completed;29/01/2026 00:32;
5060;1299;onboarding_completed;29/01/2026 00:33;
5061;1300;app_open;12/02/2026 15:18;
5062;1300;signup_completed;12/02/2026 15:19;
5063;1300;onboarding_completed;12/02/2026 15:21;
5064;1300;lesson_start;12/02/2026 15:23;101.0
5065;1300;quiz_completed;12/02/2026 15:29;101.0
5066;1301;app_open;13/01/2026 01:45;
5067;1301;signup_completed;13/01/2026 01:47;
5068;1301;onboarding_completed;13/01/2026 01:50;
5069;1302;app_open;15/02/2026 12:08;
5070;1302;signup_completed;15/02/2026 12:10;
5071;1302;onboarding_completed;15/02/2026 12:14;
5072;1302;lesson_start;15/02/2026 12:14;101.0
5073;1302;quiz_completed;15/02/2026 12:18;101.0
5074;1302;streak_extended;17/02/2026 13:18;103.0
5075;1302;streak_extended;18/02/2026 14:18;104.0
5076;1303;app_open;08/03/2026 20:44;
5077;1304;app_open;30/01/2026 12:35;
5078;1304;signup_completed;30/01/2026 12:35;
5079;1304;onboarding_completed;30/01/2026 12:38;
5080;1304;lesson_start;30/01/2026 12:38;101.0
5081;1305;app_open;09/03/2026 22:29;
5082;1305;signup_completed;09/03/2026 22:31;
5083;1306;app_open;09/02/2026 01:54;
5084;1306;signup_completed;09/02/2026 01:55;
5085;1306;onboarding_completed;09/02/2026 02:00;
5086;1307;app_open;27/01/2026 10:22;
5087;1307;signup_completed;27/01/2026 10:24;
5088;1307;onboarding_completed;27/01/2026 10:28;
5089;1308;app_open;18/02/2026 14:11;
5090;1308;signup_completed;18/02/2026 14:12;
5091;1308;onboarding_completed;18/02/2026 14:14;
5092;1308;lesson_start;18/02/2026 14:14;101.0
5093;1309;app_open;22/02/2026 10:14;
5094;1309;signup_completed;22/02/2026 10:15;
5095;1310;app_open;17/02/2026 22:37;
5096;1310;signup_completed;17/02/2026 22:38;
5097;1310;onboarding_completed;17/02/2026 22:40;
5098;1310;lesson_start;17/02/2026 22:41;101.0
5099;1310;quiz_completed;17/02/2026 22:48;101.0
5100;1310;streak_extended;18/02/2026 20:48;102.0
5101;1310;streak_extended;23/02/2026 00:48;106.0
5102;1310;streak_extended;24/02/2026 21:48;108.0
5103;1311;app_open;12/02/2026 12:03;
5104;1311;signup_completed;12/02/2026 12:04;
5105;1311;onboarding_completed;12/02/2026 12:06;
5106;1311;lesson_start;12/02/2026 12:07;101.0
5107;1311;quiz_completed;12/02/2026 12:15;101.0
5108;1311;streak_extended;13/02/2026 11:15;102.0
5109;1311;streak_extended;17/02/2026 11:15;106.0
5110;1311;streak_extended;19/02/2026 11:15;108.0
5111;1312;app_open;08/01/2026 19:26;
5112;1312;signup_completed;08/01/2026 19:27;
5113;1312;onboarding_completed;08/01/2026 19:31;
5114;1312;lesson_start;08/01/2026 19:31;101.0
5115;1312;quiz_completed;08/01/2026 19:38;101.0
5116;1312;streak_extended;09/01/2026 21:38;102.0
5117;1312;streak_extended;15/01/2026 19:38;108.0
5118;1312;streak_extended;22/01/2026 19:38;115.0
5119;1313;app_open;28/02/2026 01:31;
5120;1313;signup_completed;28/02/2026 01:32;
5121;1314;app_open;04/01/2026 20:52;
5122;1314;signup_completed;04/01/2026 20:53;
5123;1314;onboarding_completed;04/01/2026 20:56;
5124;1314;lesson_start;04/01/2026 20:57;101.0
5125;1315;app_open;28/03/2026 08:30;
5126;1315;signup_completed;28/03/2026 08:31;
5127;1315;onboarding_completed;28/03/2026 08:33;
5128;1316;app_open;11/02/2026 22:41;
5129;1316;signup_completed;11/02/2026 22:42;
5130;1316;onboarding_completed;11/02/2026 22:45;
5131;1316;lesson_start;11/02/2026 22:46;101.0
5132;1316;quiz_completed;11/02/2026 22:52;101.0
5133;1316;streak_extended;13/02/2026 00:52;102.0
5134;1316;streak_extended;14/02/2026 23:52;104.0
5135;1316;streak_extended;16/02/2026 22:52;106.0
5136;1316;streak_extended;25/02/2026 20:52;115.0
5137;1317;app_open;13/03/2026 07:35;
5138;1317;signup_completed;13/03/2026 07:37;
5139;1317;onboarding_completed;13/03/2026 07:39;
5140;1318;app_open;01/02/2026 07:03;
5141;1318;signup_completed;01/02/2026 07:04;
5142;1318;onboarding_completed;01/02/2026 07:08;
5143;1318;lesson_start;01/02/2026 07:08;101.0
5144;1319;app_open;28/02/2026 14:45;
5145;1319;signup_completed;28/02/2026 14:46;
5146;1320;app_open;25/01/2026 07:23;
5147;1321;app_open;03/01/2026 12:16;
5148;1321;signup_completed;03/01/2026 12:17;
5149;1321;onboarding_completed;03/01/2026 12:20;
5150;1321;lesson_start;03/01/2026 12:20;101.0
5151;1322;app_open;09/01/2026 20:48;
5152;1322;signup_completed;09/01/2026 20:49;
5153;1323;app_open;23/01/2026 05:25;
5154;1323;signup_completed;23/01/2026 05:26;
5155;1323;onboarding_completed;23/01/2026 05:30;
5156;1324;app_open;07/03/2026 11:13;
5157;1324;signup_completed;07/03/2026 11:15;
5158;1324;onboarding_completed;07/03/2026 11:19;
5159;1325;app_open;23/03/2026 03:55;
5160;1325;signup_completed;23/03/2026 03:56;
5161;1325;onboarding_completed;23/03/2026 04:00;
5162;1325;lesson_start;23/03/2026 04:02;101.0
5163;1325;quiz_completed;23/03/2026 04:07;101.0
5164;1325;streak_extended;26/03/2026 04:07;104.0
5165;1325;streak_extended;30/03/2026 02:07;108.0
5166;1326;app_open;25/03/2026 13:08;
5167;1326;signup_completed;25/03/2026 13:09;
5168;1326;onboarding_completed;25/03/2026 13:13;
5169;1326;lesson_start;25/03/2026 13:15;101.0
5170;1327;app_open;25/02/2026 20:18;
5171;1327;signup_completed;25/02/2026 20:20;
5172;1328;app_open;27/02/2026 00:05;
5173;1328;signup_completed;27/02/2026 00:07;
5174;1329;app_open;03/01/2026 00:20;
5175;1329;signup_completed;03/01/2026 00:21;
5176;1329;onboarding_completed;03/01/2026 00:24;
5177;1330;app_open;16/03/2026 06:01;
5178;1330;signup_completed;16/03/2026 06:01;
5179;1330;onboarding_completed;16/03/2026 06:03;
5180;1331;app_open;07/03/2026 06:31;
5181;1331;signup_completed;07/03/2026 06:33;
5182;1331;onboarding_completed;07/03/2026 06:38;
5183;1332;app_open;21/03/2026 18:03;
5184;1332;signup_completed;21/03/2026 18:03;
5185;1332;onboarding_completed;21/03/2026 18:07;
5186;1332;lesson_start;21/03/2026 18:09;101.0
5187;1332;quiz_completed;21/03/2026 18:16;101.0
5188;1332;streak_extended;22/03/2026 19:16;102.0
5189;1332;streak_extended;04/04/2026 20:16;115.0
5190;1333;app_open;27/01/2026 04:00;
5191;1333;signup_completed;27/01/2026 04:01;
5192;1333;onboarding_completed;27/01/2026 04:06;
5193;1333;lesson_start;27/01/2026 04:06;101.0
5194;1334;app_open;25/02/2026 22:45;
5195;1334;signup_completed;25/02/2026 22:46;
5196;1334;onboarding_completed;25/02/2026 22:50;
5197;1334;lesson_start;25/02/2026 22:50;101.0
5198;1334;quiz_completed;25/02/2026 22:54;101.0
5199;1334;streak_extended;26/02/2026 22:54;102.0
5200;1334;streak_extended;01/03/2026 00:54;104.0
5201;1335;app_open;04/01/2026 21:44;
5202;1335;signup_completed;04/01/2026 21:45;
5203;1336;app_open;16/03/2026 02:10;
5204;1336;signup_completed;16/03/2026 02:11;
5205;1336;onboarding_completed;16/03/2026 02:14;
5206;1337;app_open;15/03/2026 10:14;
5207;1337;signup_completed;15/03/2026 10:15;
5208;1337;onboarding_completed;15/03/2026 10:17;
5209;1337;lesson_start;15/03/2026 10:19;101.0
5210;1337;quiz_completed;15/03/2026 10:25;101.0
5211;1337;streak_extended;16/03/2026 11:25;102.0
5212;1337;streak_extended;20/03/2026 11:25;106.0
5213;1338;app_open;18/01/2026 00:13;
5214;1338;signup_completed;18/01/2026 00:14;
5215;1338;onboarding_completed;18/01/2026 00:15;
5216;1338;lesson_start;18/01/2026 00:16;101.0
5217;1339;app_open;15/02/2026 16:20;
5218;1339;signup_completed;15/02/2026 16:22;
5219;1339;onboarding_completed;15/02/2026 16:25;
5220;1339;lesson_start;15/02/2026 16:26;101.0
5221;1339;quiz_completed;15/02/2026 16:30;101.0
5222;1339;streak_extended;16/02/2026 14:30;102.0
5223;1339;streak_extended;01/03/2026 16:30;115.0
5224;1340;app_open;20/02/2026 09:16;
5225;1340;signup_completed;20/02/2026 09:17;
5226;1340;onboarding_completed;20/02/2026 09:21;
5227;1341;app_open;05/03/2026 06:07;
5228;1341;signup_completed;05/03/2026 06:08;
5229;1341;onboarding_completed;05/03/2026 06:10;
5230;1341;lesson_start;05/03/2026 06:10;101.0
5231;1341;quiz_completed;05/03/2026 06:14;101.0
5232;1341;streak_extended;06/03/2026 05:14;102.0
5233;1341;streak_extended;08/03/2026 07:14;104.0
5234;1341;streak_extended;10/03/2026 05:14;106.0
5235;1342;app_open;12/02/2026 22:28;
5236;1342;signup_completed;12/02/2026 22:28;
5237;1342;onboarding_completed;12/02/2026 22:29;
5238;1343;app_open;30/03/2026 22:36;
5239;1343;signup_completed;30/03/2026 22:37;
5240;1343;onboarding_completed;30/03/2026 22:41;
5241;1344;app_open;28/01/2026 00:09;
5242;1344;signup_completed;28/01/2026 00:09;
5243;1345;app_open;18/01/2026 14:54;
5244;1345;signup_completed;18/01/2026 14:55;
5245;1345;onboarding_completed;18/01/2026 15:00;
5246;1346;app_open;26/02/2026 19:55;
5247;1346;signup_completed;26/02/2026 19:57;
5248;1347;app_open;12/02/2026 07:41;
5249;1347;signup_completed;12/02/2026 07:42;
5250;1347;onboarding_completed;12/02/2026 07:44;
5251;1348;app_open;03/03/2026 15:09;
5252;1349;app_open;21/03/2026 01:19;
5253;1349;signup_completed;21/03/2026 01:20;
5254;1349;onboarding_completed;21/03/2026 01:24;
5255;1349;lesson_start;21/03/2026 01:26;101.0
5256;1350;app_open;17/02/2026 17:48;
5257;1350;signup_completed;17/02/2026 17:49;
5258;1350;onboarding_completed;17/02/2026 17:51;
5259;1351;app_open;09/01/2026 20:36;
5260;1351;signup_completed;09/01/2026 20:38;
5261;1351;onboarding_completed;09/01/2026 20:41;
5262;1351;lesson_start;09/01/2026 20:43;101.0
5263;1352;app_open;15/02/2026 15:12;
5264;1352;signup_completed;15/02/2026 15:13;
5265;1352;onboarding_completed;15/02/2026 15:17;
5266;1353;app_open;03/02/2026 18:48;
5267;1353;signup_completed;03/02/2026 18:49;
5268;1353;onboarding_completed;03/02/2026 18:52;
5269;1354;app_open;09/02/2026 15:31;
5270;1354;signup_completed;09/02/2026 15:32;
5271;1354;onboarding_completed;09/02/2026 15:35;
5272;1354;lesson_start;09/02/2026 15:36;101.0
5273;1354;quiz_completed;09/02/2026 15:42;101.0
5274;1354;streak_extended;10/02/2026 13:42;102.0
5275;1354;streak_extended;16/02/2026 15:42;108.0
5276;1354;streak_extended;23/02/2026 15:42;115.0
5277;1355;app_open;02/02/2026 08:39;
5278;1356;app_open;01/02/2026 04:07;
5279;1356;signup_completed;01/02/2026 04:08;
5280;1356;onboarding_completed;01/02/2026 04:12;
5281;1357;app_open;07/03/2026 01:31;
5282;1357;signup_completed;07/03/2026 01:32;
5283;1357;onboarding_completed;07/03/2026 01:35;
5284;1357;lesson_start;07/03/2026 01:37;101.0
5285;1357;quiz_completed;07/03/2026 01:43;101.0
5286;1357;streak_extended;08/03/2026 03:43;102.0
5287;1357;streak_extended;10/03/2026 03:43;104.0
5288;1358;app_open;11/01/2026 03:44;
5289;1358;signup_completed;11/01/2026 03:45;
5290;1358;onboarding_completed;11/01/2026 03:49;
5291;1359;app_open;25/03/2026 06:39;
5292;1359;signup_completed;25/03/2026 06:41;
5293;1359;onboarding_completed;25/03/2026 06:43;
5294;1360;app_open;16/01/2026 14:44;
5295;1360;signup_completed;16/01/2026 14:46;
5296;1361;app_open;02/02/2026 00:29;
5297;1362;app_open;09/02/2026 23:12;
5298;1362;signup_completed;09/02/2026 23:12;
5299;1362;onboarding_completed;09/02/2026 23:15;
5300;1363;app_open;09/03/2026 08:22;
5301;1363;signup_completed;09/03/2026 08:23;
5302;1364;app_open;18/02/2026 02:31;
5303;1364;signup_completed;18/02/2026 02:33;
5304;1364;onboarding_completed;18/02/2026 02:36;
5305;1364;lesson_start;18/02/2026 02:37;101.0
5306;1364;quiz_completed;18/02/2026 02:43;101.0
5307;1364;streak_extended;19/02/2026 02:43;102.0
5308;1364;streak_extended;20/02/2026 03:43;103.0
5309;1364;streak_extended;25/02/2026 03:43;108.0
5310;1365;app_open;28/01/2026 23:35;
5311;1365;signup_completed;28/01/2026 23:36;
5312;1365;onboarding_completed;28/01/2026 23:40;
5313;1365;lesson_start;28/01/2026 23:41;101.0
5314;1365;quiz_completed;28/01/2026 23:44;101.0
5315;1365;streak_extended;30/01/2026 23:44;103.0
5316;1365;streak_extended;31/01/2026 21:44;104.0
5317;1365;streak_extended;12/02/2026 00:44;115.0
5318;1366;app_open;06/03/2026 07:55;
5319;1366;signup_completed;06/03/2026 07:57;
5320;1366;onboarding_completed;06/03/2026 08:02;
5321;1366;lesson_start;06/03/2026 08:02;101.0
5322;1366;quiz_completed;06/03/2026 08:10;101.0
5323;1366;streak_extended;07/03/2026 07:10;102.0
5324;1366;streak_extended;09/03/2026 07:10;104.0
5325;1367;app_open;08/02/2026 21:07;
5326;1367;signup_completed;08/02/2026 21:08;
5327;1367;onboarding_completed;08/02/2026 21:12;
5328;1368;app_open;20/03/2026 23:44;
5329;1368;signup_completed;20/03/2026 23:45;
5330;1369;app_open;15/03/2026 20:05;
5331;1369;signup_completed;15/03/2026 20:06;
5332;1370;app_open;23/02/2026 09:49;
5333;1370;signup_completed;23/02/2026 09:50;
5334;1370;onboarding_completed;23/02/2026 09:54;
5335;1370;lesson_start;23/02/2026 09:55;101.0
5336;1370;quiz_completed;23/02/2026 09:59;101.0
5337;1370;streak_extended;24/02/2026 11:59;102.0
5338;1370;streak_extended;25/02/2026 11:59;103.0
5339;1371;app_open;04/01/2026 13:30;
5340;1371;signup_completed;04/01/2026 13:31;
5341;1371;onboarding_completed;04/01/2026 13:32;
5342;1371;lesson_start;04/01/2026 13:33;101.0
5343;1371;quiz_completed;04/01/2026 13:40;101.0
5344;1371;streak_extended;05/01/2026 14:40;102.0
5345;1371;streak_extended;06/01/2026 11:40;103.0
5346;1372;app_open;14/02/2026 03:49;
5347;1372;signup_completed;14/02/2026 03:49;
5348;1373;app_open;09/01/2026 13:11;
5349;1373;signup_completed;09/01/2026 13:13;
5350;1373;onboarding_completed;09/01/2026 13:16;
5351;1373;lesson_start;09/01/2026 13:18;101.0
5352;1373;quiz_completed;09/01/2026 13:24;101.0
5353;1373;streak_extended;12/01/2026 12:24;104.0
5354;1373;streak_extended;16/01/2026 14:24;108.0
5355;1374;app_open;31/01/2026 12:52;
5356;1374;signup_completed;31/01/2026 12:54;
5357;1374;onboarding_completed;31/01/2026 12:57;
5358;1374;lesson_start;31/01/2026 12:58;101.0
5359;1374;quiz_completed;31/01/2026 13:04;101.0
5360;1374;streak_extended;05/02/2026 11:04;106.0
5361;1375;app_open;25/01/2026 12:07;
5362;1375;signup_completed;25/01/2026 12:09;
5363;1375;onboarding_completed;25/01/2026 12:10;
5364;1375;lesson_start;25/01/2026 12:11;101.0
5365;1376;app_open;01/02/2026 09:16;
5366;1376;signup_completed;01/02/2026 09:18;
5367;1377;app_open;12/01/2026 06:07;
5368;1377;signup_completed;12/01/2026 06:08;
5369;1378;app_open;17/03/2026 00:10;
5370;1378;signup_completed;17/03/2026 00:11;
5371;1379;app_open;09/02/2026 05:47;
5372;1379;signup_completed;09/02/2026 05:49;
5373;1379;onboarding_completed;09/02/2026 05:54;
5374;1379;lesson_start;09/02/2026 05:55;101.0
5375;1380;app_open;25/03/2026 23:23;
5376;1380;signup_completed;25/03/2026 23:24;
5377;1380;onboarding_completed;25/03/2026 23:26;
5378;1380;lesson_start;25/03/2026 23:27;101.0
5379;1380;quiz_completed;25/03/2026 23:30;101.0
5380;1380;streak_extended;27/03/2026 00:30;102.0
5381;1380;streak_extended;27/03/2026 21:30;103.0
5382;1380;streak_extended;30/03/2026 22:30;106.0
5383;1381;app_open;19/02/2026 23:05;
5384;1381;signup_completed;19/02/2026 23:07;
5385;1382;app_open;22/03/2026 02:13;
5386;1382;signup_completed;22/03/2026 02:14;
5387;1382;onboarding_completed;22/03/2026 02:16;
5388;1382;lesson_start;22/03/2026 02:17;101.0
5389;1382;quiz_completed;22/03/2026 02:24;101.0
5390;1383;app_open;01/01/2026 02:40;
5391;1383;signup_completed;01/01/2026 02:41;
5392;1383;onboarding_completed;01/01/2026 02:44;
5393;1383;lesson_start;01/01/2026 02:46;101.0
5394;1384;app_open;05/03/2026 20:27;
5395;1384;signup_completed;05/03/2026 20:29;
5396;1384;onboarding_completed;05/03/2026 20:30;
5397;1385;app_open;26/03/2026 09:46;
5398;1385;signup_completed;26/03/2026 09:48;
5399;1386;app_open;22/02/2026 16:20;
5400;1386;signup_completed;22/02/2026 16:22;
5401;1386;onboarding_completed;22/02/2026 16:25;
5402;1386;lesson_start;22/02/2026 16:26;101.0
5403;1387;app_open;14/02/2026 20:28;
5404;1387;signup_completed;14/02/2026 20:29;
5405;1387;onboarding_completed;14/02/2026 20:31;
5406;1388;app_open;10/02/2026 02:56;
5407;1388;signup_completed;10/02/2026 02:58;
5408;1388;onboarding_completed;10/02/2026 03:02;
5409;1388;lesson_start;10/02/2026 03:03;101.0
5410;1388;quiz_completed;10/02/2026 03:11;101.0
5411;1388;streak_extended;11/02/2026 01:11;102.0
5412;1388;streak_extended;12/02/2026 02:11;103.0
5413;1388;streak_extended;24/02/2026 01:11;115.0
5414;1389;app_open;06/01/2026 06:18;
5415;1389;signup_completed;06/01/2026 06:19;
5416;1389;onboarding_completed;06/01/2026 06:21;
5417;1389;lesson_start;06/01/2026 06:23;101.0
5418;1389;quiz_completed;06/01/2026 06:27;101.0
5419;1389;streak_extended;07/01/2026 08:27;102.0
5420;1389;streak_extended;08/01/2026 05:27;103.0
5421;1390;app_open;19/01/2026 05:05;
5422;1390;signup_completed;19/01/2026 05:07;
5423;1390;onboarding_completed;19/01/2026 05:08;
5424;1391;app_open;20/02/2026 08:03;
5425;1391;signup_completed;20/02/2026 08:04;
5426;1392;app_open;05/02/2026 03:00;
5427;1392;signup_completed;05/02/2026 03:01;
5428;1393;app_open;02/03/2026 10:50;
5429;1393;signup_completed;02/03/2026 10:51;
5430;1393;onboarding_completed;02/03/2026 10:54;
5431;1393;lesson_start;02/03/2026 10:54;101.0
5432;1393;quiz_completed;02/03/2026 10:59;101.0
5433;1393;streak_extended;03/03/2026 11:59;102.0
5434;1393;streak_extended;04/03/2026 11:59;103.0
5435;1393;streak_extended;05/03/2026 09:59;104.0
5436;1394;app_open;15/03/2026 10:38;
5437;1394;signup_completed;15/03/2026 10:39;
5438;1394;onboarding_completed;15/03/2026 10:41;
5439;1394;lesson_start;15/03/2026 10:42;101.0
5440;1394;quiz_completed;15/03/2026 10:46;101.0
5441;1394;streak_extended;17/03/2026 08:46;103.0
5442;1394;streak_extended;18/03/2026 08:46;104.0
5443;1394;streak_extended;22/03/2026 08:46;108.0
5444;1395;app_open;18/02/2026 09:34;
5445;1395;signup_completed;18/02/2026 09:35;
5446;1396;app_open;02/03/2026 17:18;
5447;1396;signup_completed;02/03/2026 17:19;
5448;1396;onboarding_completed;02/03/2026 17:20;
5449;1396;lesson_start;02/03/2026 17:22;101.0
5450;1397;app_open;12/02/2026 22:01;
5451;1398;app_open;15/03/2026 18:54;
5452;1398;signup_completed;15/03/2026 18:55;
5453;1398;onboarding_completed;15/03/2026 18:58;
5454;1398;lesson_start;15/03/2026 18:59;101.0
5455;1398;quiz_completed;15/03/2026 19:07;101.0
5456;1398;streak_extended;17/03/2026 20:07;103.0
5457;1399;app_open;06/01/2026 00:15;
5458;1399;signup_completed;06/01/2026 00:16;
5459;1400;app_open;20/01/2026 18:19;
5460;1400;signup_completed;20/01/2026 18:20;
5461;1401;app_open;26/01/2026 22:17;
5462;1401;signup_completed;26/01/2026 22:17;
5463;1401;onboarding_completed;26/01/2026 22:19;
5464;1401;lesson_start;26/01/2026 22:21;101.0
5465;1401;quiz_completed;26/01/2026 22:28;101.0
5466;1401;streak_extended;29/01/2026 22:28;104.0
5467;1401;streak_extended;31/01/2026 23:28;106.0
5468;1402;app_open;23/02/2026 07:46;
5469;1402;signup_completed;23/02/2026 07:47;
5470;1402;onboarding_completed;23/02/2026 07:50;
5471;1402;lesson_start;23/02/2026 07:51;101.0
5472;1402;quiz_completed;23/02/2026 07:58;101.0
5473;1402;streak_extended;24/02/2026 06:58;102.0
5474;1403;app_open;13/01/2026 17:16;
5475;1403;signup_completed;13/01/2026 17:18;
5476;1403;onboarding_completed;13/01/2026 17:20;
5477;1403;lesson_start;13/01/2026 17:21;101.0
5478;1403;quiz_completed;13/01/2026 17:28;101.0
5479;1403;streak_extended;15/01/2026 19:28;103.0
5480;1403;streak_extended;18/01/2026 17:28;106.0
5481;1403;streak_extended;27/01/2026 18:28;115.0
5482;1404;app_open;28/01/2026 23:09;
5483;1404;signup_completed;28/01/2026 23:10;
5484;1404;onboarding_completed;28/01/2026 23:12;
5485;1404;lesson_start;28/01/2026 23:14;101.0
5486;1404;quiz_completed;28/01/2026 23:22;101.0
5487;1404;streak_extended;04/02/2026 23:22;108.0
5488;1405;app_open;12/02/2026 12:53;
5489;1405;signup_completed;12/02/2026 12:54;
5490;1405;onboarding_completed;12/02/2026 12:59;
5491;1406;app_open;27/03/2026 12:31;
5492;1406;signup_completed;27/03/2026 12:33;
5493;1407;app_open;09/03/2026 19:02;
5494;1407;signup_completed;09/03/2026 19:03;
5495;1407;onboarding_completed;09/03/2026 19:04;
5496;1408;app_open;17/02/2026 01:27;
5497;1408;signup_completed;17/02/2026 01:28;
5498;1409;app_open;12/01/2026 18:56;
5499;1409;signup_completed;12/01/2026 18:57;
5500;1409;onboarding_completed;12/01/2026 18:59;
5501;1410;app_open;03/01/2026 19:16;
5502;1410;signup_completed;03/01/2026 19:16;
5503;1410;onboarding_completed;03/01/2026 19:21;
5504;1410;lesson_start;03/01/2026 19:23;101.0
5505;1410;quiz_completed;03/01/2026 19:29;101.0
5506;1410;streak_extended;05/01/2026 17:29;103.0
5507;1410;streak_extended;08/01/2026 18:29;106.0
5508;1410;streak_extended;10/01/2026 17:29;108.0
5509;1411;app_open;03/03/2026 04:03;
5510;1411;signup_completed;03/03/2026 04:05;
5511;1411;onboarding_completed;03/03/2026 04:09;
5512;1412;app_open;01/03/2026 02:46;
5513;1412;signup_completed;01/03/2026 02:47;
5514;1413;app_open;19/03/2026 14:32;
5515;1413;signup_completed;19/03/2026 14:32;
5516;1414;app_open;24/01/2026 05:36;
5517;1414;signup_completed;24/01/2026 05:36;
5518;1414;onboarding_completed;24/01/2026 05:39;
5519;1414;lesson_start;24/01/2026 05:40;101.0
5520;1414;quiz_completed;24/01/2026 05:43;101.0
5521;1414;streak_extended;25/01/2026 05:43;102.0
5522;1414;streak_extended;29/01/2026 03:43;106.0
5523;1415;app_open;10/03/2026 21:54;
5524;1415;signup_completed;10/03/2026 21:55;
5525;1416;app_open;16/01/2026 09:02;
5526;1416;signup_completed;16/01/2026 09:03;
5527;1416;onboarding_completed;16/01/2026 09:07;
5528;1416;lesson_start;16/01/2026 09:08;101.0
5529;1416;quiz_completed;16/01/2026 09:12;101.0
5530;1416;streak_extended;18/01/2026 07:12;103.0
5531;1417;app_open;31/01/2026 04:06;
5532;1418;app_open;23/02/2026 11:32;
5533;1418;signup_completed;23/02/2026 11:33;
5534;1418;onboarding_completed;23/02/2026 11:36;
5535;1419;app_open;02/01/2026 07:51;
5536;1420;app_open;23/02/2026 14:50;
5537;1420;signup_completed;23/02/2026 14:51;
5538;1421;app_open;09/02/2026 14:41;
5539;1421;signup_completed;09/02/2026 14:42;
5540;1421;onboarding_completed;09/02/2026 14:44;
5541;1421;lesson_start;09/02/2026 14:45;101.0
5542;1421;quiz_completed;09/02/2026 14:50;101.0
5543;1421;streak_extended;14/02/2026 16:50;106.0
5544;1421;streak_extended;16/02/2026 16:50;108.0
5545;1421;streak_extended;23/02/2026 16:50;115.0
5546;1421;streak_extended;11/03/2026 15:50;131.0
5547;1422;app_open;10/01/2026 01:11;
5548;1422;signup_completed;10/01/2026 01:13;
5549;1422;onboarding_completed;10/01/2026 01:14;
5550;1423;app_open;22/01/2026 19:35;
5551;1423;signup_completed;22/01/2026 19:36;
5552;1423;onboarding_completed;22/01/2026 19:41;
5553;1423;lesson_start;22/01/2026 19:42;101.0
5554;1423;quiz_completed;22/01/2026 19:48;101.0
5555;1423;streak_extended;23/01/2026 19:48;102.0
5556;1424;app_open;23/03/2026 16:37;
5557;1424;signup_completed;23/03/2026 16:38;
5558;1425;app_open;30/03/2026 15:16;
5559;1425;signup_completed;30/03/2026 15:17;
5560;1425;onboarding_completed;30/03/2026 15:19;
5561;1426;app_open;12/01/2026 00:23;
5562;1426;signup_completed;12/01/2026 00:23;
5563;1426;onboarding_completed;12/01/2026 00:24;
5564;1426;lesson_start;12/01/2026 00:26;101.0
5565;1426;quiz_completed;12/01/2026 00:30;101.0
5566;1426;streak_extended;13/01/2026 22:30;103.0
5567;1426;streak_extended;26/01/2026 02:30;115.0
5568;1427;app_open;14/02/2026 19:15;
5569;1427;signup_completed;14/02/2026 19:16;
5570;1427;onboarding_completed;14/02/2026 19:18;
5571;1428;app_open;12/01/2026 09:42;
5572;1428;signup_completed;12/01/2026 09:43;
5573;1428;onboarding_completed;12/01/2026 09:45;
5574;1428;lesson_start;12/01/2026 09:47;101.0
5575;1429;app_open;04/03/2026 21:16;
5576;1429;signup_completed;04/03/2026 21:17;
5577;1429;onboarding_completed;04/03/2026 21:21;
5578;1430;app_open;22/03/2026 19:02;
5579;1430;signup_completed;22/03/2026 19:02;
5580;1430;onboarding_completed;22/03/2026 19:06;
5581;1430;lesson_start;22/03/2026 19:07;101.0
5582;1431;app_open;15/01/2026 22:46;
5583;1431;signup_completed;15/01/2026 22:48;
5584;1431;onboarding_completed;15/01/2026 22:50;
5585;1431;lesson_start;15/01/2026 22:51;101.0
5586;1431;quiz_completed;15/01/2026 22:55;101.0
5587;1431;streak_extended;17/01/2026 00:55;102.0
5588;1431;streak_extended;17/01/2026 21:55;103.0
5589;1431;streak_extended;21/01/2026 00:55;106.0
5590;1432;app_open;18/02/2026 09:17;
5591;1432;signup_completed;18/02/2026 09:18;
5592;1432;onboarding_completed;18/02/2026 09:21;
5593;1433;app_open;11/03/2026 13:48;
5594;1433;signup_completed;11/03/2026 13:49;
5595;1433;onboarding_completed;11/03/2026 13:53;
5596;1433;lesson_start;11/03/2026 13:54;101.0
5597;1433;quiz_completed;11/03/2026 13:59;101.0
5598;1433;streak_extended;12/03/2026 13:59;102.0
5599;1434;app_open;29/01/2026 08:05;
5600;1434;signup_completed;29/01/2026 08:05;
5601;1434;onboarding_completed;29/01/2026 08:08;
5602;1434;lesson_start;29/01/2026 08:10;101.0
5603;1434;quiz_completed;29/01/2026 08:17;101.0
5604;1434;streak_extended;30/01/2026 09:17;102.0
5605;1434;streak_extended;31/01/2026 06:17;103.0
5606;1434;streak_extended;01/02/2026 08:17;104.0
5607;1435;app_open;19/02/2026 09:45;
5608;1435;signup_completed;19/02/2026 09:46;
5609;1435;onboarding_completed;19/02/2026 09:50;
5610;1436;app_open;10/03/2026 11:43;
5611;1436;signup_completed;10/03/2026 11:44;
5612;1437;app_open;27/01/2026 13:07;
5613;1437;signup_completed;27/01/2026 13:08;
5614;1437;onboarding_completed;27/01/2026 13:10;
5615;1437;lesson_start;27/01/2026 13:11;101.0
5616;1437;quiz_completed;27/01/2026 13:18;101.0
5617;1437;streak_extended;28/01/2026 14:18;102.0
5618;1437;streak_extended;03/02/2026 14:18;108.0
5619;1437;streak_extended;26/02/2026 12:18;131.0
5620;1438;app_open;10/02/2026 08:09;
5621;1438;signup_completed;10/02/2026 08:11;
5622;1439;app_open;23/03/2026 01:02;
5623;1439;signup_completed;23/03/2026 01:04;
5624;1439;onboarding_completed;23/03/2026 01:07;
5625;1440;app_open;16/02/2026 20:18;
5626;1440;signup_completed;16/02/2026 20:19;
5627;1440;onboarding_completed;16/02/2026 20:20;
5628;1440;lesson_start;16/02/2026 20:21;101.0
5629;1440;quiz_completed;16/02/2026 20:25;101.0
5630;1440;streak_extended;17/02/2026 19:25;102.0
5631;1440;streak_extended;18/02/2026 21:25;103.0
5632;1440;streak_extended;19/02/2026 22:25;104.0
5633;1440;streak_extended;23/02/2026 22:25;108.0
5634;1441;app_open;15/02/2026 20:21;
5635;1442;app_open;24/01/2026 15:56;
5636;1442;signup_completed;24/01/2026 15:57;
5637;1442;onboarding_completed;24/01/2026 15:59;
5638;1442;lesson_start;24/01/2026 16:00;101.0
5639;1443;app_open;14/02/2026 08:23;
5640;1443;signup_completed;14/02/2026 08:24;
5641;1443;onboarding_completed;14/02/2026 08:27;
5642;1444;app_open;23/02/2026 12:32;
5643;1444;signup_completed;23/02/2026 12:32;
5644;1445;app_open;15/01/2026 01:02;
5645;1445;signup_completed;15/01/2026 01:03;
5646;1445;onboarding_completed;15/01/2026 01:07;
5647;1446;app_open;07/02/2026 05:49;
5648;1446;signup_completed;07/02/2026 05:50;
5649;1446;onboarding_completed;07/02/2026 05:53;
5650;1446;lesson_start;07/02/2026 05:54;101.0
5651;1447;app_open;19/01/2026 12:09;
5652;1447;signup_completed;19/01/2026 12:10;
5653;1447;onboarding_completed;19/01/2026 12:13;
5654;1447;lesson_start;19/01/2026 12:14;101.0
5655;1447;quiz_completed;19/01/2026 12:19;101.0
5656;1447;streak_extended;20/01/2026 12:19;102.0
5657;1448;app_open;28/02/2026 04:39;
5658;1448;signup_completed;28/02/2026 04:40;
5659;1448;onboarding_completed;28/02/2026 04:42;
5660;1449;app_open;19/02/2026 08:17;
5661;1450;app_open;14/03/2026 10:59;
5662;1451;app_open;27/03/2026 08:58;
5663;1451;signup_completed;27/03/2026 09:00;
5664;1452;app_open;14/01/2026 06:05;
5665;1452;signup_completed;14/01/2026 06:06;
5666;1452;onboarding_completed;14/01/2026 06:11;
5667;1453;app_open;25/03/2026 21:19;
5668;1453;signup_completed;25/03/2026 21:21;
5669;1454;app_open;07/01/2026 18:40;
5670;1454;signup_completed;07/01/2026 18:40;
5671;1454;onboarding_completed;07/01/2026 18:42;
5672;1455;app_open;27/01/2026 19:42;
5673;1455;signup_completed;27/01/2026 19:43;
5674;1455;onboarding_completed;27/01/2026 19:48;
5675;1456;app_open;17/03/2026 00:27;
5676;1457;app_open;18/03/2026 16:50;
5677;1457;signup_completed;18/03/2026 16:52;
5678;1457;onboarding_completed;18/03/2026 16:54;
5679;1458;app_open;24/03/2026 22:55;
5680;1458;signup_completed;24/03/2026 22:56;
5681;1458;onboarding_completed;24/03/2026 23:00;
5682;1458;lesson_start;24/03/2026 23:01;101.0
5683;1458;quiz_completed;24/03/2026 23:04;101.0
5684;1458;streak_extended;26/03/2026 01:04;102.0
5685;1458;streak_extended;27/03/2026 23:04;104.0
5686;1459;app_open;10/02/2026 06:53;
5687;1459;signup_completed;10/02/2026 06:55;
5688;1459;onboarding_completed;10/02/2026 06:59;
5689;1459;lesson_start;10/02/2026 07:00;101.0
5690;1459;quiz_completed;10/02/2026 07:03;101.0
5691;1459;streak_extended;12/02/2026 09:03;103.0
5692;1459;streak_extended;13/02/2026 08:03;104.0
5693;1459;streak_extended;24/02/2026 07:03;115.0
5694;1460;app_open;02/02/2026 23:58;
5695;1460;signup_completed;02/02/2026 23:58;
5696;1460;onboarding_completed;03/02/2026 00:02;
5697;1460;lesson_start;03/02/2026 00:03;101.0
5698;1460;quiz_completed;03/02/2026 00:08;101.0
5699;1460;streak_extended;04/02/2026 01:08;102.0
5700;1460;streak_extended;10/02/2026 00:08;108.0
5701;1461;app_open;18/03/2026 11:30;
5702;1461;signup_completed;18/03/2026 11:31;
5703;1461;onboarding_completed;18/03/2026 11:33;
5704;1461;lesson_start;18/03/2026 11:33;101.0
5705;1461;quiz_completed;18/03/2026 11:39;101.0
5706;1461;streak_extended;19/03/2026 11:39;102.0
5707;1461;streak_extended;20/03/2026 12:39;103.0
5708;1462;app_open;19/02/2026 07:06;
5709;1462;signup_completed;19/02/2026 07:07;
5710;1462;onboarding_completed;19/02/2026 07:09;
5711;1462;lesson_start;19/02/2026 07:11;101.0
5712;1462;quiz_completed;19/02/2026 07:18;101.0
5713;1462;streak_extended;20/02/2026 06:18;102.0
5714;1462;streak_extended;24/02/2026 05:18;106.0
5715;1463;app_open;26/01/2026 22:33;
5716;1463;signup_completed;26/01/2026 22:34;
5717;1463;onboarding_completed;26/01/2026 22:37;
5718;1463;lesson_start;26/01/2026 22:37;101.0
5719;1463;quiz_completed;26/01/2026 22:45;101.0
5720;1463;streak_extended;27/01/2026 23:45;102.0
5721;1463;streak_extended;31/01/2026 20:45;106.0
5722;1464;app_open;21/03/2026 16:01;
5723;1465;app_open;01/01/2026 05:58;
5724;1465;signup_completed;01/01/2026 05:59;
5725;1465;onboarding_completed;01/01/2026 06:03;
5726;1465;lesson_start;01/01/2026 06:03;101.0
5727;1465;quiz_completed;01/01/2026 06:08;101.0
5728;1465;streak_extended;02/01/2026 04:08;102.0
5729;1465;streak_extended;03/01/2026 05:08;103.0
5730;1465;streak_extended;08/01/2026 06:08;108.0
5731;1466;app_open;28/01/2026 11:03;
5732;1466;signup_completed;28/01/2026 11:04;
5733;1466;onboarding_completed;28/01/2026 11:06;
5734;1466;lesson_start;28/01/2026 11:08;101.0
5735;1467;app_open;12/03/2026 11:49;
5736;1467;signup_completed;12/03/2026 11:49;
5737;1467;onboarding_completed;12/03/2026 11:53;
5738;1467;lesson_start;12/03/2026 11:54;101.0
5739;1467;quiz_completed;12/03/2026 11:57;101.0
5740;1467;streak_extended;13/03/2026 09:57;102.0
5741;1467;streak_extended;19/03/2026 10:57;108.0
5742;1467;streak_extended;26/03/2026 09:57;115.0
5743;1468;app_open;29/01/2026 23:41;
5744;1468;signup_completed;29/01/2026 23:42;
5745;1468;onboarding_completed;29/01/2026 23:44;
5746;1468;lesson_start;29/01/2026 23:45;101.0
5747;1469;app_open;23/03/2026 07:27;
5748;1469;signup_completed;23/03/2026 07:28;
5749;1469;onboarding_completed;23/03/2026 07:31;
5750;1470;app_open;26/02/2026 23:39;
5751;1470;signup_completed;26/02/2026 23:41;
5752;1470;onboarding_completed;26/02/2026 23:42;
5753;1470;lesson_start;26/02/2026 23:44;101.0
5754;1470;quiz_completed;26/02/2026 23:50;101.0
5755;1470;streak_extended;27/02/2026 21:50;102.0
5756;1470;streak_extended;28/02/2026 21:50;103.0
5757;1470;streak_extended;06/03/2026 01:50;108.0
5758;1471;app_open;26/02/2026 07:19;
5759;1471;signup_completed;26/02/2026 07:20;
5760;1472;app_open;06/03/2026 01:46;
5761;1472;signup_completed;06/03/2026 01:47;
5762;1472;onboarding_completed;06/03/2026 01:51;
5763;1473;app_open;17/02/2026 12:56;
5764;1473;signup_completed;17/02/2026 12:57;
5765;1473;onboarding_completed;17/02/2026 12:58;
5766;1473;lesson_start;17/02/2026 12:59;101.0
5767;1474;app_open;26/03/2026 00:12;
5768;1474;signup_completed;26/03/2026 00:13;
5769;1474;onboarding_completed;26/03/2026 00:17;
5770;1474;lesson_start;26/03/2026 00:18;101.0
5771;1474;quiz_completed;26/03/2026 00:24;101.0
5772;1474;streak_extended;28/03/2026 01:24;103.0
5773;1475;app_open;15/01/2026 10:15;
5774;1475;signup_completed;15/01/2026 10:15;
5775;1476;app_open;13/02/2026 08:31;
5776;1476;signup_completed;13/02/2026 08:33;
5777;1476;onboarding_completed;13/02/2026 08:34;
5778;1477;app_open;22/02/2026 06:59;
5779;1478;app_open;17/02/2026 00:35;
5780;1478;signup_completed;17/02/2026 00:37;
5781;1478;onboarding_completed;17/02/2026 00:38;
5782;1478;lesson_start;17/02/2026 00:39;101.0
5783;1478;quiz_completed;17/02/2026 00:44;101.0
5784;1478;streak_extended;18/03/2026 22:44;131.0
5785;1479;app_open;03/02/2026 12:11;
5786;1479;signup_completed;03/02/2026 12:12;
5787;1479;onboarding_completed;03/02/2026 12:17;
5788;1480;app_open;02/02/2026 06:38;
5789;1480;signup_completed;02/02/2026 06:39;
5790;1480;onboarding_completed;02/02/2026 06:43;
5791;1481;app_open;23/02/2026 14:03;
5792;1481;signup_completed;23/02/2026 14:04;
5793;1482;app_open;16/03/2026 01:37;
5794;1483;app_open;22/02/2026 18:17;
5795;1483;signup_completed;22/02/2026 18:17;
5796;1483;onboarding_completed;22/02/2026 18:19;
5797;1483;lesson_start;22/02/2026 18:21;101.0
5798;1483;quiz_completed;22/02/2026 18:26;101.0
5799;1483;streak_extended;23/02/2026 20:26;102.0
5800;1483;streak_extended;27/02/2026 16:26;106.0
5801;1483;streak_extended;24/03/2026 19:26;131.0
5802;1484;app_open;06/02/2026 14:57;
5803;1484;signup_completed;06/02/2026 14:59;
5804;1484;onboarding_completed;06/02/2026 15:00;
5805;1484;lesson_start;06/02/2026 15:00;101.0
5806;1484;quiz_completed;06/02/2026 15:05;101.0
5807;1484;streak_extended;09/02/2026 15:05;104.0
5808;1484;streak_extended;11/02/2026 15:05;106.0
5809;1485;app_open;14/02/2026 05:01;
5810;1485;signup_completed;14/02/2026 05:03;
5811;1485;onboarding_completed;14/02/2026 05:07;
5812;1486;app_open;01/02/2026 05:47;
5813;1486;signup_completed;01/02/2026 05:49;
5814;1486;onboarding_completed;01/02/2026 05:51;
5815;1487;app_open;26/03/2026 10:19;
5816;1487;signup_completed;26/03/2026 10:20;
5817;1487;onboarding_completed;26/03/2026 10:23;
5818;1487;lesson_start;26/03/2026 10:25;101.0
5819;1487;quiz_completed;26/03/2026 10:30;101.0
5820;1487;streak_extended;27/03/2026 10:30;102.0
5821;1488;app_open;19/01/2026 07:35;
5822;1488;signup_completed;19/01/2026 07:36;
5823;1489;app_open;09/03/2026 17:17;
5824;1489;signup_completed;09/03/2026 17:19;
5825;1490;app_open;24/01/2026 04:27;
5826;1490;signup_completed;24/01/2026 04:29;
5827;1490;onboarding_completed;24/01/2026 04:31;
5828;1490;lesson_start;24/01/2026 04:32;101.0
5829;1491;app_open;25/02/2026 12:23;
5830;1491;signup_completed;25/02/2026 12:24;
5831;1491;onboarding_completed;25/02/2026 12:27;
5832;1492;app_open;07/02/2026 04:23;
5833;1492;signup_completed;07/02/2026 04:24;
5834;1493;app_open;23/01/2026 16:14;
5835;1493;signup_completed;23/01/2026 16:16;
5836;1493;onboarding_completed;23/01/2026 16:18;
5837;1493;lesson_start;23/01/2026 16:20;101.0
5838;1494;app_open;25/03/2026 02:39;
5839;1494;signup_completed;25/03/2026 02:41;
5840;1494;onboarding_completed;25/03/2026 02:45;
5841;1495;app_open;17/03/2026 07:08;
5842;1495;signup_completed;17/03/2026 07:10;
5843;1495;onboarding_completed;17/03/2026 07:13;
5844;1496;app_open;09/02/2026 21:10;
5845;1497;app_open;05/01/2026 05:42;
5846;1497;signup_completed;05/01/2026 05:43;
5847;1497;onboarding_completed;05/01/2026 05:44;
5848;1497;lesson_start;05/01/2026 05:46;101.0
5849;1497;quiz_completed;05/01/2026 05:50;101.0
5850;1498;app_open;31/01/2026 21:24;
5851;1499;app_open;14/03/2026 07:17;
5852;1499;signup_completed;14/03/2026 07:18;
5853;1499;onboarding_completed;14/03/2026 07:21;
5854;1500;app_open;15/02/2026 22:06;
5855;1500;signup_completed;15/02/2026 22:07;
5856;1500;onboarding_completed;15/02/2026 22:11;
5857;1500;lesson_start;15/02/2026 22:13;101.0
5858;1500;quiz_completed;15/02/2026 22:17;101.0
5859;1501;app_open;10/03/2026 11:18;
5860;1501;signup_completed;10/03/2026 11:19;
5861;1501;onboarding_completed;10/03/2026 11:21;
5862;1501;lesson_start;10/03/2026 11:21;101.0
5863;1502;app_open;30/03/2026 16:26;
5864;1502;signup_completed;30/03/2026 16:27;
5865;1502;onboarding_completed;30/03/2026 16:28;
5866;1502;lesson_start;30/03/2026 16:30;101.0
5867;1503;app_open;20/03/2026 18:43;
5868;1503;signup_completed;20/03/2026 18:44;
5869;1503;onboarding_completed;20/03/2026 18:45;
5870;1503;lesson_start;20/03/2026 18:46;101.0
5871;1503;quiz_completed;20/03/2026 18:49;101.0
5872;1503;streak_extended;22/03/2026 19:49;103.0
5873;1504;app_open;07/02/2026 00:19;
5874;1504;signup_completed;07/02/2026 00:21;
5875;1504;onboarding_completed;07/02/2026 00:23;
5876;1504;lesson_start;07/02/2026 00:23;101.0
5877;1504;quiz_completed;07/02/2026 00:30;101.0
5878;1504;streak_extended;09/02/2026 02:30;103.0
5879;1505;app_open;07/02/2026 11:37;
5880;1505;signup_completed;07/02/2026 11:38;
5881;1505;onboarding_completed;07/02/2026 11:41;
5882;1506;app_open;06/03/2026 10:30;
5883;1506;signup_completed;06/03/2026 10:31;
5884;1506;onboarding_completed;06/03/2026 10:32;
5885;1506;lesson_start;06/03/2026 10:34;101.0
5886;1507;app_open;18/03/2026 22:24;
5887;1508;app_open;21/03/2026 16:28;
5888;1508;signup_completed;21/03/2026 16:30;
5889;1508;onboarding_completed;21/03/2026 16:33;
5890;1508;lesson_start;21/03/2026 16:33;101.0
5891;1508;quiz_completed;21/03/2026 16:40;101.0
5892;1508;streak_extended;22/03/2026 17:40;102.0
5893;1508;streak_extended;23/03/2026 15:40;103.0
5894;1508;streak_extended;28/03/2026 18:40;108.0
5895;1509;app_open;05/03/2026 07:18;
5896;1509;signup_completed;05/03/2026 07:20;
5897;1509;onboarding_completed;05/03/2026 07:25;
5898;1510;app_open;15/01/2026 18:25;
5899;1510;signup_completed;15/01/2026 18:26;
5900;1510;onboarding_completed;15/01/2026 18:27;
5901;1511;app_open;18/02/2026 02:11;
5902;1511;signup_completed;18/02/2026 02:13;
5903;1511;onboarding_completed;18/02/2026 02:15;
5904;1511;lesson_start;18/02/2026 02:16;101.0
5905;1511;quiz_completed;18/02/2026 02:20;101.0
5906;1511;streak_extended;21/02/2026 03:20;104.0
5907;1511;streak_extended;25/02/2026 01:20;108.0
5908;1511;streak_extended;20/03/2026 01:20;131.0
5909;1512;app_open;04/01/2026 14:15;
5910;1512;signup_completed;04/01/2026 14:17;
5911;1512;onboarding_completed;04/01/2026 14:20;
5912;1512;lesson_start;04/01/2026 14:21;101.0
5913;1513;app_open;13/01/2026 06:10;
5914;1514;app_open;18/02/2026 18:25;
5915;1514;signup_completed;18/02/2026 18:26;
5916;1514;onboarding_completed;18/02/2026 18:30;
5917;1515;app_open;27/02/2026 07:13;
5918;1515;signup_completed;27/02/2026 07:13;
5919;1515;onboarding_completed;27/02/2026 07:16;
5920;1516;app_open;02/02/2026 05:36;
5921;1516;signup_completed;02/02/2026 05:38;
5922;1516;onboarding_completed;02/02/2026 05:42;
5923;1516;lesson_start;02/02/2026 05:43;101.0
5924;1516;quiz_completed;02/02/2026 05:50;101.0
5925;1516;streak_extended;03/02/2026 06:50;102.0
5926;1516;streak_extended;07/02/2026 05:50;106.0
5927;1517;app_open;26/03/2026 10:32;
5928;1517;signup_completed;26/03/2026 10:33;
5929;1518;app_open;10/01/2026 17:51;
5930;1518;signup_completed;10/01/2026 17:52;
5931;1518;onboarding_completed;10/01/2026 17:54;
5932;1518;lesson_start;10/01/2026 17:55;101.0
5933;1518;quiz_completed;10/01/2026 18:03;101.0
5934;1518;streak_extended;11/01/2026 18:03;102.0
5935;1518;streak_extended;24/01/2026 16:03;115.0
5936;1519;app_open;26/03/2026 21:00;
5937;1519;signup_completed;26/03/2026 21:01;
5938;1519;onboarding_completed;26/03/2026 21:04;
5939;1519;lesson_start;26/03/2026 21:04;101.0
5940;1519;quiz_completed;26/03/2026 21:07;101.0
5941;1519;streak_extended;27/03/2026 21:07;102.0
5942;1519;streak_extended;29/03/2026 20:07;104.0
5943;1520;app_open;24/03/2026 01:05;
5944;1520;signup_completed;24/03/2026 01:06;
5945;1520;onboarding_completed;24/03/2026 01:08;
5946;1520;lesson_start;24/03/2026 01:09;101.0
5947;1520;quiz_completed;24/03/2026 01:16;101.0
5948;1520;streak_extended;26/03/2026 00:16;103.0
5949;1520;streak_extended;28/03/2026 23:16;106.0
5950;1520;streak_extended;23/04/2026 00:16;131.0
5951;1521;app_open;12/02/2026 17:59;
5952;1521;signup_completed;12/02/2026 18:00;
5953;1522;app_open;10/01/2026 16:20;
5954;1522;signup_completed;10/01/2026 16:21;
5955;1523;app_open;21/02/2026 01:33;
5956;1523;signup_completed;21/02/2026 01:34;
5957;1523;onboarding_completed;21/02/2026 01:37;
5958;1524;app_open;30/03/2026 09:28;
5959;1524;signup_completed;30/03/2026 09:30;
5960;1524;onboarding_completed;30/03/2026 09:33;
5961;1524;lesson_start;30/03/2026 09:34;101.0
5962;1525;app_open;14/02/2026 08:43;
5963;1525;signup_completed;14/02/2026 08:43;
5964;1525;onboarding_completed;14/02/2026 08:48;
5965;1525;lesson_start;14/02/2026 08:49;101.0
5966;1525;quiz_completed;14/02/2026 08:53;101.0
5967;1525;streak_extended;15/02/2026 10:53;102.0
5968;1525;streak_extended;16/02/2026 06:53;103.0
5969;1525;streak_extended;19/02/2026 06:53;106.0
5970;1526;app_open;02/01/2026 11:45;
5971;1526;signup_completed;02/01/2026 11:46;
5972;1526;onboarding_completed;02/01/2026 11:48;
5973;1526;lesson_start;02/01/2026 11:50;101.0
5974;1527;app_open;12/03/2026 03:24;
5975;1528;app_open;14/01/2026 23:54;
5976;1528;signup_completed;14/01/2026 23:56;
5977;1528;onboarding_completed;15/01/2026 00:00;
5978;1528;lesson_start;15/01/2026 00:02;101.0
5979;1528;quiz_completed;15/01/2026 00:08;101.0
5980;1529;app_open;09/02/2026 19:19;
5981;1529;signup_completed;09/02/2026 19:20;
5982;1529;onboarding_completed;09/02/2026 19:23;
5983;1530;app_open;26/03/2026 13:25;
5984;1530;signup_completed;26/03/2026 13:27;
5985;1530;onboarding_completed;26/03/2026 13:29;
5986;1531;app_open;05/03/2026 13:45;
5987;1532;app_open;15/01/2026 23:41;
5988;1532;signup_completed;15/01/2026 23:43;
5989;1532;onboarding_completed;15/01/2026 23:45;
5990;1533;app_open;08/01/2026 06:21;
5991;1533;signup_completed;08/01/2026 06:22;
5992;1533;onboarding_completed;08/01/2026 06:25;
5993;1534;app_open;15/02/2026 13:59;
5994;1534;signup_completed;15/02/2026 14:00;
5995;1534;onboarding_completed;15/02/2026 14:03;
5996;1534;lesson_start;15/02/2026 14:04;101.0
5997;1534;quiz_completed;15/02/2026 14:09;101.0
5998;1534;streak_extended;18/02/2026 14:09;104.0
5999;1534;streak_extended;20/02/2026 14:09;106.0
6000;1535;app_open;17/03/2026 21:05;
6001;1535;signup_completed;17/03/2026 21:06;
6002;1535;onboarding_completed;17/03/2026 21:10;
6003;1536;app_open;26/01/2026 17:32;
6004;1536;signup_completed;26/01/2026 17:33;
6005;1536;onboarding_completed;26/01/2026 17:38;
6006;1537;app_open;02/02/2026 20:54;
6007;1537;signup_completed;02/02/2026 20:56;
6008;1538;app_open;02/03/2026 12:17;
6009;1538;signup_completed;02/03/2026 12:19;
6010;1538;onboarding_completed;02/03/2026 12:21;
6011;1539;app_open;09/03/2026 06:07;
6012;1539;signup_completed;09/03/2026 06:08;
6013;1539;onboarding_completed;09/03/2026 06:11;
6014;1539;lesson_start;09/03/2026 06:12;101.0
6015;1540;app_open;08/02/2026 14:12;
6016;1540;signup_completed;08/02/2026 14:13;
6017;1540;onboarding_completed;08/02/2026 14:15;
6018;1541;app_open;05/03/2026 02:13;
6019;1541;signup_completed;05/03/2026 02:15;
6020;1541;onboarding_completed;05/03/2026 02:18;
6021;1541;lesson_start;05/03/2026 02:19;101.0
6022;1541;quiz_completed;05/03/2026 02:25;101.0
6023;1541;streak_extended;06/03/2026 00:25;102.0
6024;1541;streak_extended;12/03/2026 03:25;108.0
6025;1542;app_open;08/01/2026 19:08;
6026;1542;signup_completed;08/01/2026 19:10;
6027;1543;app_open;24/03/2026 16:45;
6028;1544;app_open;01/02/2026 21:36;
6029;1544;signup_completed;01/02/2026 21:37;
6030;1544;onboarding_completed;01/02/2026 21:40;
6031;1544;lesson_start;01/02/2026 21:41;101.0
6032;1545;app_open;24/03/2026 18:05;
6033;1546;app_open;07/03/2026 11:22;
6034;1546;signup_completed;07/03/2026 11:22;
6035;1546;onboarding_completed;07/03/2026 11:26;
6036;1546;lesson_start;07/03/2026 11:26;101.0
6037;1546;quiz_completed;07/03/2026 11:32;101.0
6038;1546;streak_extended;08/03/2026 10:32;102.0
6039;1546;streak_extended;09/03/2026 13:32;103.0
6040;1547;app_open;25/03/2026 10:24;
6041;1547;signup_completed;25/03/2026 10:26;
6042;1547;onboarding_completed;25/03/2026 10:28;
6043;1547;lesson_start;25/03/2026 10:30;101.0
6044;1547;quiz_completed;25/03/2026 10:37;101.0
6045;1547;streak_extended;28/03/2026 12:37;104.0
6046;1547;streak_extended;24/04/2026 11:37;131.0
6047;1548;app_open;21/02/2026 19:25;
6048;1548;signup_completed;21/02/2026 19:27;
6049;1548;onboarding_completed;21/02/2026 19:32;
6050;1548;lesson_start;21/02/2026 19:32;101.0
6051;1548;quiz_completed;21/02/2026 19:35;101.0
6052;1548;streak_extended;22/02/2026 19:35;102.0
6053;1549;app_open;06/02/2026 21:29;
6054;1549;signup_completed;06/02/2026 21:30;
6055;1549;onboarding_completed;06/02/2026 21:34;
6056;1550;app_open;31/01/2026 17:52;
6057;1550;signup_completed;31/01/2026 17:53;
6058;1550;onboarding_completed;31/01/2026 17:57;
6059;1550;lesson_start;31/01/2026 17:59;101.0
6060;1550;quiz_completed;31/01/2026 18:07;101.0
6061;1550;streak_extended;01/02/2026 16:07;102.0
6062;1551;app_open;02/03/2026 20:32;
6063;1551;signup_completed;02/03/2026 20:34;
6064;1551;onboarding_completed;02/03/2026 20:36;
6065;1552;app_open;11/03/2026 18:43;
6066;1552;signup_completed;11/03/2026 18:45;
6067;1552;onboarding_completed;11/03/2026 18:47;
6068;1552;lesson_start;11/03/2026 18:48;101.0
6069;1553;app_open;28/03/2026 03:52;
6070;1553;signup_completed;28/03/2026 03:54;
6071;1554;app_open;15/03/2026 17:32;
6072;1554;signup_completed;15/03/2026 17:33;
6073;1554;onboarding_completed;15/03/2026 17:37;
6074;1554;lesson_start;15/03/2026 17:39;101.0
6075;1555;app_open;17/02/2026 09:00;
6076;1555;signup_completed;17/02/2026 09:01;
6077;1555;onboarding_completed;17/02/2026 09:02;
6078;1555;lesson_start;17/02/2026 09:04;101.0
6079;1555;quiz_completed;17/02/2026 09:10;101.0
6080;1555;streak_extended;18/02/2026 09:10;102.0
6081;1555;streak_extended;19/02/2026 09:10;103.0
6082;1556;app_open;26/03/2026 16:47;
6083;1556;signup_completed;26/03/2026 16:49;
6084;1556;onboarding_completed;26/03/2026 16:51;
6085;1557;app_open;22/02/2026 12:39;
6086;1558;app_open;04/01/2026 11:39;
6087;1558;signup_completed;04/01/2026 11:40;
6088;1558;onboarding_completed;04/01/2026 11:44;
6089;1558;lesson_start;04/01/2026 11:46;101.0
6090;1558;quiz_completed;04/01/2026 11:49;101.0
6091;1558;streak_extended;05/01/2026 13:49;102.0
6092;1559;app_open;01/03/2026 22:47;
6093;1559;signup_completed;01/03/2026 22:48;
6094;1559;onboarding_completed;01/03/2026 22:49;
6095;1559;lesson_start;01/03/2026 22:49;101.0
6096;1559;quiz_completed;01/03/2026 22:57;101.0
6097;1559;streak_extended;09/03/2026 00:57;108.0
6098;1560;app_open;07/01/2026 15:25;
6099;1560;signup_completed;07/01/2026 15:26;
6100;1561;app_open;23/01/2026 19:03;
6101;1561;signup_completed;23/01/2026 19:03;
6102;1561;onboarding_completed;23/01/2026 19:05;
6103;1561;lesson_start;23/01/2026 19:07;101.0
6104;1561;quiz_completed;23/01/2026 19:11;101.0
6105;1561;streak_extended;28/01/2026 21:11;106.0
6106;1561;streak_extended;22/02/2026 18:11;131.0
6107;1562;app_open;03/03/2026 06:42;
6108;1562;signup_completed;03/03/2026 06:44;
6109;1563;app_open;08/03/2026 10:45;
6110;1563;signup_completed;08/03/2026 10:46;
6111;1563;onboarding_completed;08/03/2026 10:48;
6112;1563;lesson_start;08/03/2026 10:48;101.0
6113;1564;app_open;28/01/2026 21:38;
6114;1564;signup_completed;28/01/2026 21:40;
6115;1565;app_open;23/01/2026 02:04;
6116;1565;signup_completed;23/01/2026 02:05;
6117;1565;onboarding_completed;23/01/2026 02:08;
6118;1565;lesson_start;23/01/2026 02:09;101.0
6119;1566;app_open;14/03/2026 12:05;
6120;1566;signup_completed;14/03/2026 12:07;
6121;1567;app_open;09/01/2026 18:35;
6122;1567;signup_completed;09/01/2026 18:37;
6123;1567;onboarding_completed;09/01/2026 18:39;
6124;1567;lesson_start;09/01/2026 18:41;101.0
6125;1567;quiz_completed;09/01/2026 18:47;101.0
6126;1567;streak_extended;10/01/2026 19:47;102.0
6127;1568;app_open;12/02/2026 03:13;
6128;1568;signup_completed;12/02/2026 03:14;
6129;1569;app_open;10/01/2026 13:23;
6130;1569;signup_completed;10/01/2026 13:24;
6131;1569;onboarding_completed;10/01/2026 13:29;
6132;1569;lesson_start;10/01/2026 13:31;101.0
6133;1569;quiz_completed;10/01/2026 13:34;101.0
6134;1569;streak_extended;11/01/2026 13:34;102.0
6135;1569;streak_extended;13/01/2026 14:34;104.0
6136;1569;streak_extended;24/01/2026 14:34;115.0
6137;1570;app_open;15/03/2026 19:47;
6138;1570;signup_completed;15/03/2026 19:48;
6139;1571;app_open;03/03/2026 12:44;
6140;1571;signup_completed;03/03/2026 12:45;
6141;1572;app_open;10/03/2026 08:11;
6142;1572;signup_completed;10/03/2026 08:11;
6143;1572;onboarding_completed;10/03/2026 08:14;
6144;1572;lesson_start;10/03/2026 08:14;101.0
6145;1572;quiz_completed;10/03/2026 08:19;101.0
6146;1572;streak_extended;12/03/2026 09:19;103.0
6147;1573;app_open;26/03/2026 17:15;
6148;1573;signup_completed;26/03/2026 17:16;
6149;1574;app_open;10/01/2026 18:11;
6150;1575;app_open;13/02/2026 01:50;
6151;1575;signup_completed;13/02/2026 01:51;
6152;1575;onboarding_completed;13/02/2026 01:56;
6153;1575;lesson_start;13/02/2026 01:57;101.0
6154;1576;app_open;17/01/2026 03:39;
6155;1576;signup_completed;17/01/2026 03:40;
6156;1576;onboarding_completed;17/01/2026 03:43;
6157;1576;lesson_start;17/01/2026 03:44;101.0
6158;1577;app_open;09/03/2026 09:08;
6159;1577;signup_completed;09/03/2026 09:09;
6160;1577;onboarding_completed;09/03/2026 09:12;
6161;1577;lesson_start;09/03/2026 09:13;101.0
6162;1577;quiz_completed;09/03/2026 09:17;101.0
6163;1577;streak_extended;10/03/2026 11:17;102.0
6164;1577;streak_extended;11/03/2026 07:17;103.0
6165;1578;app_open;30/01/2026 01:48;
6166;1578;signup_completed;30/01/2026 01:49;
6167;1578;onboarding_completed;30/01/2026 01:51;
6168;1578;lesson_start;30/01/2026 01:53;101.0
6169;1578;quiz_completed;30/01/2026 01:57;101.0
6170;1579;app_open;29/03/2026 17:07;
6171;1579;signup_completed;29/03/2026 17:08;
6172;1580;app_open;03/01/2026 19:27;
6173;1580;signup_completed;03/01/2026 19:29;
6174;1580;onboarding_completed;03/01/2026 19:33;
6175;1581;app_open;05/01/2026 11:10;
6176;1581;signup_completed;05/01/2026 11:10;
6177;1582;app_open;01/02/2026 11:50;
6178;1582;signup_completed;01/02/2026 11:52;
6179;1582;onboarding_completed;01/02/2026 11:55;
6180;1582;lesson_start;01/02/2026 11:55;101.0
6181;1582;quiz_completed;01/02/2026 11:59;101.0
6182;1582;streak_extended;02/02/2026 13:59;102.0
6183;1582;streak_extended;03/02/2026 10:59;103.0
6184;1583;app_open;19/03/2026 07:08;
6185;1583;signup_completed;19/03/2026 07:09;
6186;1583;onboarding_completed;19/03/2026 07:12;
6187;1584;app_open;06/01/2026 10:46;
6188;1584;signup_completed;06/01/2026 10:46;
6189;1585;app_open;29/01/2026 11:35;
6190;1585;signup_completed;29/01/2026 11:36;
6191;1585;onboarding_completed;29/01/2026 11:40;
6192;1586;app_open;04/02/2026 19:16;
6193;1586;signup_completed;04/02/2026 19:18;
6194;1587;app_open;06/02/2026 09:26;
6195;1588;app_open;11/02/2026 19:34;
6196;1588;signup_completed;11/02/2026 19:36;
6197;1588;onboarding_completed;11/02/2026 19:40;
6198;1589;app_open;15/01/2026 03:12;
6199;1589;signup_completed;15/01/2026 03:14;
6200;1589;onboarding_completed;15/01/2026 03:15;
6201;1590;app_open;24/01/2026 17:01;
6202;1590;signup_completed;24/01/2026 17:03;
6203;1590;onboarding_completed;24/01/2026 17:05;
6204;1591;app_open;21/02/2026 13:42;
6205;1591;signup_completed;21/02/2026 13:43;
6206;1591;onboarding_completed;21/02/2026 13:44;
6207;1591;lesson_start;21/02/2026 13:45;101.0
6208;1591;quiz_completed;21/02/2026 13:52;101.0
6209;1591;streak_extended;22/02/2026 14:52;102.0
6210;1591;streak_extended;23/02/2026 15:52;103.0
6211;1591;streak_extended;24/02/2026 13:52;104.0
6212;1591;streak_extended;26/02/2026 12:52;106.0
6213;1592;app_open;10/02/2026 00:09;
6214;1593;app_open;24/02/2026 22:42;
6215;1593;signup_completed;24/02/2026 22:43;
6216;1594;app_open;08/03/2026 04:42;
6217;1594;signup_completed;08/03/2026 04:44;
6218;1594;onboarding_completed;08/03/2026 04:48;
6219;1594;lesson_start;08/03/2026 04:49;101.0
6220;1594;quiz_completed;08/03/2026 04:53;101.0
6221;1594;streak_extended;09/03/2026 06:53;102.0
6222;1594;streak_extended;13/03/2026 04:53;106.0
6223;1594;streak_extended;22/03/2026 05:53;115.0
6224;1595;app_open;18/03/2026 22:42;
6225;1595;signup_completed;18/03/2026 22:43;
6226;1596;app_open;18/01/2026 11:33;
6227;1596;signup_completed;18/01/2026 11:35;
6228;1596;onboarding_completed;18/01/2026 11:37;
6229;1596;lesson_start;18/01/2026 11:38;101.0
6230;1597;app_open;17/01/2026 12:05;
6231;1597;signup_completed;17/01/2026 12:06;
6232;1597;onboarding_completed;17/01/2026 12:11;
6233;1597;lesson_start;17/01/2026 12:11;101.0
6234;1597;quiz_completed;17/01/2026 12:16;101.0
6235;1597;streak_extended;18/01/2026 14:16;102.0
6236;1597;streak_extended;19/01/2026 13:16;103.0
6237;1597;streak_extended;22/01/2026 10:16;106.0
6238;1597;streak_extended;31/01/2026 14:16;115.0
6239;1598;app_open;17/01/2026 23:56;
6240;1598;signup_completed;17/01/2026 23:58;
6241;1598;onboarding_completed;17/01/2026 23:59;
6242;1598;lesson_start;18/01/2026 00:00;101.0
6243;1598;quiz_completed;18/01/2026 00:05;101.0
6244;1598;streak_extended;20/01/2026 00:05;103.0
6245;1598;streak_extended;22/01/2026 23:05;106.0
6246;1598;streak_extended;17/02/2026 02:05;131.0
6247;1599;app_open;08/01/2026 16:00;
6248;1599;signup_completed;08/01/2026 16:01;
6249;1599;onboarding_completed;08/01/2026 16:05;
6250;1600;app_open;01/03/2026 04:13;
6251;1600;signup_completed;01/03/2026 04:14;
6252;1601;app_open;26/03/2026 13:12;
6253;1601;signup_completed;26/03/2026 13:13;
6254;1601;onboarding_completed;26/03/2026 13:16;
6255;1602;app_open;07/02/2026 03:23;
6256;1602;signup_completed;07/02/2026 03:25;
6257;1602;onboarding_completed;07/02/2026 03:26;
6258;1602;lesson_start;07/02/2026 03:28;101.0
6259;1602;quiz_completed;07/02/2026 03:36;101.0
6260;1602;streak_extended;08/02/2026 05:36;102.0
6261;1602;streak_extended;09/02/2026 03:36;103.0
6262;1602;streak_extended;10/02/2026 03:36;104.0
6263;1603;app_open;02/03/2026 04:01;
6264;1603;signup_completed;02/03/2026 04:02;
6265;1603;onboarding_completed;02/03/2026 04:07;
6266;1603;lesson_start;02/03/2026 04:09;101.0
6267;1604;app_open;08/03/2026 07:49;
6268;1604;signup_completed;08/03/2026 07:50;
6269;1604;onboarding_completed;08/03/2026 07:52;
6270;1604;lesson_start;08/03/2026 07:52;101.0
6271;1605;app_open;24/01/2026 09:10;
6272;1605;signup_completed;24/01/2026 09:11;
6273;1605;onboarding_completed;24/01/2026 09:12;
6274;1605;lesson_start;24/01/2026 09:13;101.0
6275;1605;quiz_completed;24/01/2026 09:17;101.0
6276;1605;streak_extended;25/01/2026 09:17;102.0
6277;1605;streak_extended;07/02/2026 11:17;115.0
6278;1606;app_open;18/02/2026 07:38;
6279;1606;signup_completed;18/02/2026 07:40;
6280;1606;onboarding_completed;18/02/2026 07:43;
6281;1607;app_open;30/03/2026 15:02;
6282;1607;signup_completed;30/03/2026 15:04;
6283;1607;onboarding_completed;30/03/2026 15:05;
6284;1607;lesson_start;30/03/2026 15:07;101.0
6285;1608;app_open;26/02/2026 14:51;
6286;1608;signup_completed;26/02/2026 14:52;
6287;1609;app_open;14/01/2026 21:29;
6288;1609;signup_completed;14/01/2026 21:30;
6289;1610;app_open;23/01/2026 13:02;
6290;1610;signup_completed;23/01/2026 13:03;
6291;1610;onboarding_completed;23/01/2026 13:06;
6292;1611;app_open;14/02/2026 18:33;
6293;1611;signup_completed;14/02/2026 18:35;
6294;1611;onboarding_completed;14/02/2026 18:40;
6295;1612;app_open;03/03/2026 22:25;
6296;1612;signup_completed;03/03/2026 22:26;
6297;1612;onboarding_completed;03/03/2026 22:30;
6298;1612;lesson_start;03/03/2026 22:31;101.0
6299;1612;quiz_completed;03/03/2026 22:38;101.0
6300;1612;streak_extended;05/03/2026 20:38;103.0
6301;1612;streak_extended;09/03/2026 00:38;106.0
6302;1613;app_open;25/01/2026 15:48;
6303;1613;signup_completed;25/01/2026 15:49;
6304;1614;app_open;14/02/2026 14:52;
6305;1614;signup_completed;14/02/2026 14:53;
6306;1615;app_open;25/01/2026 18:57;
6307;1615;signup_completed;25/01/2026 18:57;
6308;1615;onboarding_completed;25/01/2026 19:02;
6309;1616;app_open;06/03/2026 17:51;
6310;1616;signup_completed;06/03/2026 17:52;
6311;1616;onboarding_completed;06/03/2026 17:55;
6312;1617;app_open;01/01/2026 21:53;
6313;1617;signup_completed;01/01/2026 21:55;
6314;1617;onboarding_completed;01/01/2026 21:58;
6315;1618;app_open;29/03/2026 06:36;
6316;1619;app_open;20/03/2026 02:55;
6317;1619;signup_completed;20/03/2026 02:57;
6318;1619;onboarding_completed;20/03/2026 03:01;
6319;1620;app_open;15/02/2026 04:07;
6320;1620;signup_completed;15/02/2026 04:08;
6321;1621;app_open;29/03/2026 11:58;
6322;1621;signup_completed;29/03/2026 11:59;
6323;1621;onboarding_completed;29/03/2026 12:03;
6324;1621;lesson_start;29/03/2026 12:04;101.0
6325;1621;quiz_completed;29/03/2026 12:10;101.0
6326;1621;streak_extended;30/03/2026 10:10;102.0
6327;1622;app_open;28/01/2026 22:13;
6328;1622;signup_completed;28/01/2026 22:15;
6329;1622;onboarding_completed;28/01/2026 22:17;
6330;1622;lesson_start;28/01/2026 22:19;101.0
6331;1623;app_open;07/03/2026 18:56;
6332;1623;signup_completed;07/03/2026 18:58;
6333;1624;app_open;23/02/2026 01:39;
6334;1624;signup_completed;23/02/2026 01:41;
6335;1624;onboarding_completed;23/02/2026 01:42;
6336;1624;lesson_start;23/02/2026 01:44;101.0
6337;1624;quiz_completed;23/02/2026 01:51;101.0
6338;1624;streak_extended;23/02/2026 23:51;102.0
6339;1625;app_open;16/01/2026 08:06;
6340;1625;signup_completed;16/01/2026 08:08;
6341;1626;app_open;08/01/2026 04:06;
6342;1626;signup_completed;08/01/2026 04:08;
6343;1626;onboarding_completed;08/01/2026 04:12;
6344;1626;lesson_start;08/01/2026 04:13;101.0
6345;1626;quiz_completed;08/01/2026 04:17;101.0
6346;1626;streak_extended;15/01/2026 03:17;108.0
6347;1626;streak_extended;22/01/2026 05:17;115.0
6348;1626;streak_extended;07/02/2026 03:17;131.0
6349;1627;app_open;12/02/2026 21:18;
6350;1628;app_open;03/02/2026 13:13;
6351;1628;signup_completed;03/02/2026 13:14;
6352;1629;app_open;27/02/2026 01:08;
6353;1629;signup_completed;27/02/2026 01:09;
6354;1629;onboarding_completed;27/02/2026 01:13;
6355;1629;lesson_start;27/02/2026 01:13;101.0
6356;1630;app_open;30/01/2026 01:04;
6357;1630;signup_completed;30/01/2026 01:05;
6358;1630;onboarding_completed;30/01/2026 01:09;
6359;1631;app_open;04/03/2026 00:50;
6360;1631;signup_completed;04/03/2026 00:51;
6361;1631;onboarding_completed;04/03/2026 00:55;
6362;1631;lesson_start;04/03/2026 00:55;101.0
6363;1632;app_open;11/02/2026 04:42;
6364;1632;signup_completed;11/02/2026 04:43;
6365;1633;app_open;09/03/2026 00:32;
6366;1633;signup_completed;09/03/2026 00:33;
6367;1634;app_open;25/01/2026 06:46;
6368;1634;signup_completed;25/01/2026 06:47;
6369;1634;onboarding_completed;25/01/2026 06:50;
6370;1635;app_open;14/02/2026 08:30;
6371;1635;signup_completed;14/02/2026 08:31;
6372;1635;onboarding_completed;14/02/2026 08:34;
6373;1636;app_open;24/03/2026 01:42;
6374;1636;signup_completed;24/03/2026 01:42;
6375;1636;onboarding_completed;24/03/2026 01:44;
6376;1636;lesson_start;24/03/2026 01:45;101.0
6377;1637;app_open;30/01/2026 07:59;
6378;1637;signup_completed;30/01/2026 08:00;
6379;1637;onboarding_completed;30/01/2026 08:05;
6380;1638;app_open;20/01/2026 08:12;
6381;1638;signup_completed;20/01/2026 08:13;
6382;1639;app_open;07/02/2026 08:24;
6383;1639;signup_completed;07/02/2026 08:25;
6384;1639;onboarding_completed;07/02/2026 08:29;
6385;1640;app_open;24/03/2026 20:24;
6386;1640;signup_completed;24/03/2026 20:26;
6387;1640;onboarding_completed;24/03/2026 20:29;
6388;1641;app_open;16/02/2026 21:57;
6389;1641;signup_completed;16/02/2026 21:58;
6390;1641;onboarding_completed;16/02/2026 22:01;
6391;1642;app_open;11/01/2026 08:31;
6392;1642;signup_completed;11/01/2026 08:32;
6393;1642;onboarding_completed;11/01/2026 08:35;
6394;1642;lesson_start;11/01/2026 08:37;101.0
6395;1643;app_open;24/01/2026 00:43;
6396;1643;signup_completed;24/01/2026 00:44;
6397;1644;app_open;07/02/2026 00:38;
6398;1645;app_open;25/02/2026 12:40;
6399;1645;signup_completed;25/02/2026 12:42;
6400;1646;app_open;04/02/2026 20:26;
6401;1646;signup_completed;04/02/2026 20:27;
6402;1646;onboarding_completed;04/02/2026 20:32;
6403;1646;lesson_start;04/02/2026 20:33;101.0
6404;1646;quiz_completed;04/02/2026 20:41;101.0
6405;1646;streak_extended;05/02/2026 20:41;102.0
6406;1646;streak_extended;06/03/2026 18:41;131.0
6407;1647;app_open;25/02/2026 19:24;
6408;1647;signup_completed;25/02/2026 19:26;
6409;1648;app_open;29/01/2026 17:25;
6410;1648;signup_completed;29/01/2026 17:27;
6411;1648;onboarding_completed;29/01/2026 17:30;
6412;1649;app_open;09/03/2026 21:26;
6413;1649;signup_completed;09/03/2026 21:28;
6414;1650;app_open;29/01/2026 15:56;
6415;1650;signup_completed;29/01/2026 15:58;
6416;1650;onboarding_completed;29/01/2026 16:00;
6417;1650;lesson_start;29/01/2026 16:01;101.0
6418;1650;quiz_completed;29/01/2026 16:05;101.0
6419;1650;streak_extended;30/01/2026 16:05;102.0
6420;1651;app_open;03/01/2026 03:07;
6421;1651;signup_completed;03/01/2026 03:08;
6422;1652;app_open;22/03/2026 14:07;
6423;1652;signup_completed;22/03/2026 14:09;
6424;1652;onboarding_completed;22/03/2026 14:11;
6425;1652;lesson_start;22/03/2026 14:11;101.0
6426;1653;app_open;05/03/2026 21:47;
6427;1653;signup_completed;05/03/2026 21:47;
6428;1654;app_open;08/02/2026 10:17;
6429;1655;app_open;27/01/2026 15:35;
6430;1655;signup_completed;27/01/2026 15:35;
6431;1655;onboarding_completed;27/01/2026 15:37;
6432;1656;app_open;01/01/2026 18:52;
6433;1656;signup_completed;01/01/2026 18:53;
6434;1657;app_open;24/02/2026 22:42;
6435;1657;signup_completed;24/02/2026 22:43;
6436;1657;onboarding_completed;24/02/2026 22:44;
6437;1657;lesson_start;24/02/2026 22:45;101.0
6438;1657;quiz_completed;24/02/2026 22:53;101.0
6439;1657;streak_extended;28/02/2026 00:53;104.0
6440;1658;app_open;25/03/2026 23:45;
6441;1658;signup_completed;25/03/2026 23:45;
6442;1659;app_open;08/03/2026 14:01;
6443;1659;signup_completed;08/03/2026 14:02;
6444;1659;onboarding_completed;08/03/2026 14:07;
6445;1659;lesson_start;08/03/2026 14:08;101.0
6446;1659;quiz_completed;08/03/2026 14:12;101.0
6447;1659;streak_extended;09/03/2026 12:12;102.0
6448;1659;streak_extended;13/03/2026 15:12;106.0
6449;1659;streak_extended;15/03/2026 14:12;108.0
6450;1659;streak_extended;07/04/2026 13:12;131.0
6451;1660;app_open;17/03/2026 13:35;
6452;1660;signup_completed;17/03/2026 13:37;
6453;1661;app_open;14/03/2026 07:12;
6454;1661;signup_completed;14/03/2026 07:13;
6455;1661;onboarding_completed;14/03/2026 07:17;
6456;1662;app_open;05/01/2026 18:16;
6457;1662;signup_completed;05/01/2026 18:17;
6458;1662;onboarding_completed;05/01/2026 18:18;
6459;1662;lesson_start;05/01/2026 18:20;101.0
6460;1663;app_open;30/03/2026 09:53;
6461;1663;signup_completed;30/03/2026 09:55;
6462;1663;onboarding_completed;30/03/2026 09:58;
6463;1663;lesson_start;30/03/2026 09:59;101.0
6464;1664;app_open;28/02/2026 21:01;
6465;1664;signup_completed;28/02/2026 21:02;
6466;1664;onboarding_completed;28/02/2026 21:04;
6467;1664;lesson_start;28/02/2026 21:05;101.0
6468;1664;quiz_completed;28/02/2026 21:11;101.0
6469;1664;streak_extended;01/03/2026 23:11;102.0
6470;1664;streak_extended;02/03/2026 20:11;103.0
6471;1665;app_open;14/03/2026 08:22;
6472;1665;signup_completed;14/03/2026 08:23;
6473;1665;onboarding_completed;14/03/2026 08:25;
6474;1666;app_open;18/02/2026 05:27;
6475;1666;signup_completed;18/02/2026 05:28;
6476;1666;onboarding_completed;18/02/2026 05:30;
6477;1667;app_open;22/03/2026 20:39;
6478;1667;signup_completed;22/03/2026 20:41;
6479;1667;onboarding_completed;22/03/2026 20:44;
6480;1667;lesson_start;22/03/2026 20:46;101.0
6481;1667;quiz_completed;22/03/2026 20:49;101.0
6482;1667;streak_extended;23/03/2026 19:49;102.0
6483;1667;streak_extended;29/03/2026 19:49;108.0
6484;1668;app_open;29/03/2026 18:50;
6485;1668;signup_completed;29/03/2026 18:51;
6486;1668;onboarding_completed;29/03/2026 18:55;
6487;1669;app_open;29/03/2026 15:59;
6488;1669;signup_completed;29/03/2026 16:00;
6489;1669;onboarding_completed;29/03/2026 16:02;
6490;1669;lesson_start;29/03/2026 16:03;101.0
6491;1670;app_open;28/01/2026 18:52;
6492;1670;signup_completed;28/01/2026 18:54;
6493;1671;app_open;17/03/2026 07:36;
6494;1671;signup_completed;17/03/2026 07:38;
6495;1671;onboarding_completed;17/03/2026 07:40;
6496;1672;app_open;19/03/2026 13:28;
6497;1672;signup_completed;19/03/2026 13:29;
6498;1672;onboarding_completed;19/03/2026 13:32;
6499;1672;lesson_start;19/03/2026 13:33;101.0
6500;1673;app_open;23/01/2026 08:12;
6501;1673;signup_completed;23/01/2026 08:14;
6502;1673;onboarding_completed;23/01/2026 08:16;
6503;1673;lesson_start;23/01/2026 08:17;101.0
6504;1673;quiz_completed;23/01/2026 08:24;101.0
6505;1673;streak_extended;24/01/2026 06:24;102.0
6506;1673;streak_extended;28/01/2026 06:24;106.0
6507;1673;streak_extended;06/02/2026 08:24;115.0
6508;1674;app_open;28/02/2026 22:33;
6509;1674;signup_completed;28/02/2026 22:35;
6510;1675;app_open;19/03/2026 20:38;
6511;1675;signup_completed;19/03/2026 20:39;
6512;1675;onboarding_completed;19/03/2026 20:42;
6513;1676;app_open;04/02/2026 04:58;
6514;1676;signup_completed;04/02/2026 05:00;
6515;1677;app_open;22/01/2026 06:19;
6516;1677;signup_completed;22/01/2026 06:20;
6517;1677;onboarding_completed;22/01/2026 06:23;
6518;1677;lesson_start;22/01/2026 06:23;101.0
6519;1677;quiz_completed;22/01/2026 06:28;101.0
6520;1677;streak_extended;24/01/2026 08:28;103.0
6521;1677;streak_extended;29/01/2026 06:28;108.0
6522;1678;app_open;03/03/2026 19:25;
6523;1678;signup_completed;03/03/2026 19:27;
6524;1678;onboarding_completed;03/03/2026 19:29;
6525;1679;app_open;19/01/2026 11:02;
6526;1679;signup_completed;19/01/2026 11:04;
6527;1680;app_open;02/03/2026 06:46;
6528;1680;signup_completed;02/03/2026 06:47;
6529;1680;onboarding_completed;02/03/2026 06:50;
6530;1681;app_open;25/01/2026 08:00;
6531;1681;signup_completed;25/01/2026 08:01;
6532;1682;app_open;07/03/2026 19:18;
6533;1682;signup_completed;07/03/2026 19:19;
6534;1683;app_open;15/03/2026 08:37;
6535;1683;signup_completed;15/03/2026 08:38;
6536;1683;onboarding_completed;15/03/2026 08:40;
6537;1683;lesson_start;15/03/2026 08:41;101.0
6538;1684;app_open;11/03/2026 23:53;
6539;1684;signup_completed;11/03/2026 23:54;
6540;1684;onboarding_completed;11/03/2026 23:56;
6541;1684;lesson_start;11/03/2026 23:57;101.0
6542;1684;quiz_completed;12/03/2026 00:04;101.0
6543;1684;streak_extended;13/03/2026 00:04;102.0
6544;1685;app_open;16/03/2026 12:20;
6545;1685;signup_completed;16/03/2026 12:22;
6546;1685;onboarding_completed;16/03/2026 12:24;
6547;1685;lesson_start;16/03/2026 12:26;101.0
6548;1685;quiz_completed;16/03/2026 12:33;101.0
6549;1685;streak_extended;15/04/2026 11:33;131.0
6550;1686;app_open;06/03/2026 00:00;
6551;1686;signup_completed;06/03/2026 00:00;
6552;1686;onboarding_completed;06/03/2026 00:03;
6553;1686;lesson_start;06/03/2026 00:05;101.0
6554;1686;quiz_completed;06/03/2026 00:12;101.0
6555;1686;streak_extended;06/03/2026 23:12;102.0
6556;1686;streak_extended;07/03/2026 23:12;103.0
6557;1686;streak_extended;08/03/2026 22:12;104.0
6558;1686;streak_extended;10/03/2026 22:12;106.0
6559;1687;app_open;08/03/2026 02:30;
6560;1687;signup_completed;08/03/2026 02:31;
6561;1688;app_open;23/03/2026 09:28;
6562;1688;signup_completed;23/03/2026 09:29;
6563;1688;onboarding_completed;23/03/2026 09:30;
6564;1689;app_open;14/01/2026 06:43;
6565;1689;signup_completed;14/01/2026 06:44;
6566;1689;onboarding_completed;14/01/2026 06:49;
6567;1690;app_open;02/03/2026 23:55;
6568;1690;signup_completed;02/03/2026 23:57;
6569;1690;onboarding_completed;02/03/2026 23:59;
6570;1691;app_open;10/01/2026 10:24;
6571;1691;signup_completed;10/01/2026 10:25;
6572;1692;app_open;29/03/2026 17:04;
6573;1692;signup_completed;29/03/2026 17:05;
6574;1693;app_open;02/03/2026 22:05;
6575;1693;signup_completed;02/03/2026 22:05;
6576;1693;onboarding_completed;02/03/2026 22:09;
6577;1693;lesson_start;02/03/2026 22:10;101.0
6578;1693;quiz_completed;02/03/2026 22:17;101.0
6579;1693;streak_extended;09/03/2026 20:17;108.0
6580;1694;app_open;04/03/2026 18:04;
6581;1694;signup_completed;04/03/2026 18:05;
6582;1694;onboarding_completed;04/03/2026 18:07;
6583;1694;lesson_start;04/03/2026 18:07;101.0
6584;1695;app_open;04/01/2026 19:51;
6585;1695;signup_completed;04/01/2026 19:52;
6586;1695;onboarding_completed;04/01/2026 19:54;
6587;1695;lesson_start;04/01/2026 19:56;101.0
6588;1695;quiz_completed;04/01/2026 20:00;101.0
6589;1695;streak_extended;05/01/2026 19:00;102.0
6590;1695;streak_extended;06/01/2026 20:00;103.0
6591;1696;app_open;30/01/2026 23:51;
6592;1696;signup_completed;30/01/2026 23:52;
6593;1696;onboarding_completed;30/01/2026 23:56;
6594;1696;lesson_start;30/01/2026 23:58;101.0
6595;1697;app_open;18/03/2026 13:35;
6596;1697;signup_completed;18/03/2026 13:36;
6597;1697;onboarding_completed;18/03/2026 13:38;
6598;1697;lesson_start;18/03/2026 13:39;101.0
6599;1697;quiz_completed;18/03/2026 13:43;101.0
6600;1697;streak_extended;19/03/2026 15:43;102.0
6601;1698;app_open;12/02/2026 19:11;
6602;1698;signup_completed;12/02/2026 19:12;
6603;1699;app_open;04/01/2026 05:44;
6604;1699;signup_completed;04/01/2026 05:46;
6605;1699;onboarding_completed;04/01/2026 05:49;
6606;1699;lesson_start;04/01/2026 05:50;101.0
6607;1699;quiz_completed;04/01/2026 05:57;101.0
6608;1699;streak_extended;05/01/2026 05:57;102.0
6609;1700;app_open;26/02/2026 06:30;
6610;1700;signup_completed;26/02/2026 06:31;
6611;1701;app_open;05/02/2026 10:11;
6612;1701;signup_completed;05/02/2026 10:12;
6613;1702;app_open;13/03/2026 02:31;
6614;1702;signup_completed;13/03/2026 02:31;
6615;1702;onboarding_completed;13/03/2026 02:35;
6616;1702;lesson_start;13/03/2026 02:37;101.0
6617;1702;quiz_completed;13/03/2026 02:44;101.0
6618;1702;streak_extended;14/03/2026 04:44;102.0
6619;1702;streak_extended;18/03/2026 01:44;106.0
6620;1703;app_open;13/01/2026 18:12;
6621;1704;app_open;09/01/2026 18:01;
6622;1704;signup_completed;09/01/2026 18:03;
6623;1704;onboarding_completed;09/01/2026 18:04;
6624;1704;lesson_start;09/01/2026 18:05;101.0
6625;1704;quiz_completed;09/01/2026 18:13;101.0
6626;1704;streak_extended;10/01/2026 18:13;102.0
6627;1704;streak_extended;11/01/2026 20:13;103.0
6628;1704;streak_extended;12/01/2026 17:13;104.0
6629;1704;streak_extended;14/01/2026 19:13;106.0
6630;1705;app_open;30/03/2026 07:35;
6631;1705;signup_completed;30/03/2026 07:37;
6632;1705;onboarding_completed;30/03/2026 07:38;
6633;1706;app_open;29/01/2026 15:39;
6634;1706;signup_completed;29/01/2026 15:41;
6635;1706;onboarding_completed;29/01/2026 15:45;
6636;1707;app_open;01/02/2026 17:18;
6637;1707;signup_completed;01/02/2026 17:20;
6638;1707;onboarding_completed;01/02/2026 17:25;
6639;1707;lesson_start;01/02/2026 17:25;101.0
6640;1708;app_open;14/03/2026 13:45;
6641;1708;signup_completed;14/03/2026 13:47;
6642;1708;onboarding_completed;14/03/2026 13:51;
6643;1709;app_open;10/02/2026 08:11;
6644;1709;signup_completed;10/02/2026 08:12;
6645;1709;onboarding_completed;10/02/2026 08:16;
6646;1710;app_open;18/01/2026 01:16;
6647;1710;signup_completed;18/01/2026 01:16;
6648;1710;onboarding_completed;18/01/2026 01:19;
6649;1711;app_open;20/01/2026 11:53;
6650;1711;signup_completed;20/01/2026 11:54;
6651;1711;onboarding_completed;20/01/2026 11:56;
6652;1712;app_open;13/01/2026 19:57;
6653;1712;signup_completed;13/01/2026 19:59;
6654;1712;onboarding_completed;13/01/2026 20:00;
6655;1713;app_open;18/03/2026 08:42;
6656;1713;signup_completed;18/03/2026 08:44;
6657;1713;onboarding_completed;18/03/2026 08:49;
6658;1713;lesson_start;18/03/2026 08:50;101.0
6659;1714;app_open;22/02/2026 08:54;
6660;1714;signup_completed;22/02/2026 08:55;
6661;1714;onboarding_completed;22/02/2026 08:56;
6662;1715;app_open;27/03/2026 02:18;
6663;1715;signup_completed;27/03/2026 02:19;
6664;1715;onboarding_completed;27/03/2026 02:22;
6665;1716;app_open;05/02/2026 12:30;
6666;1716;signup_completed;05/02/2026 12:31;
6667;1717;app_open;21/02/2026 12:58;
6668;1717;signup_completed;21/02/2026 13:00;
6669;1718;app_open;18/02/2026 17:15;
6670;1718;signup_completed;18/02/2026 17:17;
6671;1718;onboarding_completed;18/02/2026 17:20;
6672;1718;lesson_start;18/02/2026 17:20;101.0
6673;1718;quiz_completed;18/02/2026 17:23;101.0
6674;1718;streak_extended;25/02/2026 19:23;108.0
6675;1719;app_open;30/03/2026 16:34;
6676;1719;signup_completed;30/03/2026 16:35;
6677;1719;onboarding_completed;30/03/2026 16:37;
6678;1720;app_open;27/01/2026 11:02;
6679;1720;signup_completed;27/01/2026 11:03;
6680;1720;onboarding_completed;27/01/2026 11:04;
6681;1720;lesson_start;27/01/2026 11:06;101.0
6682;1720;quiz_completed;27/01/2026 11:14;101.0
6683;1720;streak_extended;28/01/2026 09:14;102.0
6684;1720;streak_extended;30/01/2026 12:14;104.0
6685;1720;streak_extended;01/02/2026 10:14;106.0
6686;1721;app_open;22/03/2026 15:08;
6687;1721;signup_completed;22/03/2026 15:09;
6688;1722;app_open;16/01/2026 23:24;
6689;1722;signup_completed;16/01/2026 23:26;
6690;1723;app_open;25/01/2026 22:47;
6691;1724;app_open;30/03/2026 17:53;
6692;1724;signup_completed;30/03/2026 17:54;
6693;1724;onboarding_completed;30/03/2026 17:56;
6694;1724;lesson_start;30/03/2026 17:58;101.0
6695;1724;quiz_completed;30/03/2026 18:02;101.0
6696;1724;streak_extended;01/04/2026 20:02;103.0
6697;1724;streak_extended;02/04/2026 20:02;104.0
6698;1725;app_open;22/03/2026 01:39;
6699;1726;app_open;16/02/2026 18:47;
6700;1726;signup_completed;16/02/2026 18:48;
6701;1727;app_open;20/03/2026 07:15;
6702;1727;signup_completed;20/03/2026 07:16;
6703;1727;onboarding_completed;20/03/2026 07:18;
6704;1728;app_open;29/01/2026 15:43;
6705;1728;signup_completed;29/01/2026 15:45;
6706;1728;onboarding_completed;29/01/2026 15:47;
6707;1728;lesson_start;29/01/2026 15:49;101.0
6708;1728;quiz_completed;29/01/2026 15:55;101.0
6709;1728;streak_extended;31/01/2026 14:55;103.0
6710;1729;app_open;14/03/2026 11:36;
6711;1729;signup_completed;14/03/2026 11:37;
6712;1730;app_open;26/03/2026 12:10;
6713;1730;signup_completed;26/03/2026 12:11;
6714;1730;onboarding_completed;26/03/2026 12:13;
6715;1730;lesson_start;26/03/2026 12:15;101.0
6716;1730;quiz_completed;26/03/2026 12:22;101.0
6717;1730;streak_extended;29/03/2026 13:22;104.0
6718;1730;streak_extended;31/03/2026 12:22;106.0
6719;1730;streak_extended;25/04/2026 13:22;131.0
6720;1731;app_open;02/02/2026 21:15;
6721;1731;signup_completed;02/02/2026 21:17;
6722;1731;onboarding_completed;02/02/2026 21:21;
6723;1732;app_open;20/03/2026 01:59;
6724;1732;signup_completed;20/03/2026 02:00;
6725;1732;onboarding_completed;20/03/2026 02:03;
6726;1732;lesson_start;20/03/2026 02:04;101.0
6727;1733;app_open;12/01/2026 04:21;
6728;1733;signup_completed;12/01/2026 04:23;
6729;1733;onboarding_completed;12/01/2026 04:27;
6730;1733;lesson_start;12/01/2026 04:28;101.0
6731;1734;app_open;15/02/2026 11:17;
6732;1734;signup_completed;15/02/2026 11:18;
6733;1734;onboarding_completed;15/02/2026 11:22;
6734;1734;lesson_start;15/02/2026 11:23;101.0
6735;1735;app_open;08/01/2026 07:27;
6736;1735;signup_completed;08/01/2026 07:28;
6737;1735;onboarding_completed;08/01/2026 07:32;
6738;1736;app_open;14/01/2026 15:59;
6739;1736;signup_completed;14/01/2026 16:00;
6740;1736;onboarding_completed;14/01/2026 16:04;
6741;1737;app_open;15/03/2026 05:18;
6742;1738;app_open;22/01/2026 21:43;
6743;1738;signup_completed;22/01/2026 21:44;
6744;1739;app_open;25/03/2026 12:16;
6745;1739;signup_completed;25/03/2026 12:17;
6746;1739;onboarding_completed;25/03/2026 12:20;
6747;1739;lesson_start;25/03/2026 12:21;101.0
6748;1740;app_open;07/03/2026 15:56;
6749;1740;signup_completed;07/03/2026 15:57;
6750;1741;app_open;12/03/2026 07:32;
6751;1741;signup_completed;12/03/2026 07:33;
6752;1741;onboarding_completed;12/03/2026 07:37;
6753;1741;lesson_start;12/03/2026 07:38;101.0
6754;1742;app_open;07/03/2026 11:28;
6755;1742;signup_completed;07/03/2026 11:30;
6756;1742;onboarding_completed;07/03/2026 11:32;
6757;1742;lesson_start;07/03/2026 11:32;101.0
6758;1742;quiz_completed;07/03/2026 11:37;101.0
6759;1742;streak_extended;08/03/2026 10:37;102.0
6760;1742;streak_extended;09/03/2026 11:37;103.0
6761;1742;streak_extended;12/03/2026 12:37;106.0
6762;1743;app_open;08/02/2026 14:02;
6763;1744;app_open;24/03/2026 02:43;
6764;1744;signup_completed;24/03/2026 02:45;
6765;1744;onboarding_completed;24/03/2026 02:47;
6766;1745;app_open;20/03/2026 02:49;
6767;1745;signup_completed;20/03/2026 02:51;
6768;1746;app_open;24/02/2026 02:37;
6769;1746;signup_completed;24/02/2026 02:39;
6770;1747;app_open;05/02/2026 12:19;
6771;1747;signup_completed;05/02/2026 12:19;
6772;1747;onboarding_completed;05/02/2026 12:21;
6773;1748;app_open;09/01/2026 18:25;
6774;1748;signup_completed;09/01/2026 18:25;
6775;1748;onboarding_completed;09/01/2026 18:28;
6776;1748;lesson_start;09/01/2026 18:29;101.0
6777;1749;app_open;18/03/2026 18:25;
6778;1749;signup_completed;18/03/2026 18:25;
6779;1749;onboarding_completed;18/03/2026 18:28;
6780;1749;lesson_start;18/03/2026 18:29;101.0
6781;1750;app_open;08/02/2026 07:25;
6782;1750;signup_completed;08/02/2026 07:26;
6783;1751;app_open;02/01/2026 08:25;
6784;1751;signup_completed;02/01/2026 08:27;
6785;1752;app_open;26/01/2026 16:13;
6786;1752;signup_completed;26/01/2026 16:15;
6787;1752;onboarding_completed;26/01/2026 16:18;
6788;1753;app_open;22/02/2026 02:18;
6789;1753;signup_completed;22/02/2026 02:18;
6790;1753;onboarding_completed;22/02/2026 02:22;
6791;1753;lesson_start;22/02/2026 02:22;101.0
6792;1754;app_open;12/01/2026 23:58;
6793;1754;signup_completed;13/01/2026 00:00;
6794;1754;onboarding_completed;13/01/2026 00:03;
6795;1754;lesson_start;13/01/2026 00:04;101.0
6796;1754;quiz_completed;13/01/2026 00:11;101.0
6797;1754;streak_extended;13/01/2026 22:11;102.0
6798;1754;streak_extended;19/01/2026 23:11;108.0
6799;1755;app_open;14/02/2026 03:43;
6800;1755;signup_completed;14/02/2026 03:44;
6801;1755;onboarding_completed;14/02/2026 03:46;
6802;1755;lesson_start;14/02/2026 03:47;101.0
6803;1755;quiz_completed;14/02/2026 03:52;101.0
6804;1756;app_open;05/02/2026 18:52;
6805;1756;signup_completed;05/02/2026 18:53;
6806;1756;onboarding_completed;05/02/2026 18:58;
6807;1756;lesson_start;05/02/2026 18:59;101.0
6808;1757;app_open;07/03/2026 07:48;
6809;1757;signup_completed;07/03/2026 07:48;
6810;1757;onboarding_completed;07/03/2026 07:50;
6811;1757;lesson_start;07/03/2026 07:50;101.0
6812;1757;quiz_completed;07/03/2026 07:53;101.0
6813;1757;streak_extended;12/03/2026 06:53;106.0
6814;1758;app_open;14/03/2026 17:19;
6815;1758;signup_completed;14/03/2026 17:19;
6816;1758;onboarding_completed;14/03/2026 17:23;
6817;1758;lesson_start;14/03/2026 17:24;101.0
6818;1759;app_open;07/03/2026 06:40;
6819;1759;signup_completed;07/03/2026 06:40;
6820;1760;app_open;26/01/2026 10:52;
6821;1760;signup_completed;26/01/2026 10:54;
6822;1760;onboarding_completed;26/01/2026 10:58;
6823;1760;lesson_start;26/01/2026 10:59;101.0
6824;1760;quiz_completed;26/01/2026 11:07;101.0
6825;1760;streak_extended;27/01/2026 12:07;102.0
6826;1761;app_open;26/02/2026 18:07;
6827;1761;signup_completed;26/02/2026 18:08;
6828;1761;onboarding_completed;26/02/2026 18:10;
6829;1762;app_open;06/02/2026 23:51;
6830;1762;signup_completed;06/02/2026 23:52;
6831;1763;app_open;21/03/2026 20:22;
6832;1763;signup_completed;21/03/2026 20:23;
6833;1763;onboarding_completed;21/03/2026 20:26;
6834;1764;app_open;03/03/2026 23:55;
6835;1765;app_open;06/02/2026 01:35;
6836;1765;signup_completed;06/02/2026 01:37;
6837;1765;onboarding_completed;06/02/2026 01:38;
6838;1765;lesson_start;06/02/2026 01:40;101.0
6839;1765;quiz_completed;06/02/2026 01:44;101.0
6840;1765;streak_extended;07/02/2026 01:44;102.0
6841;1765;streak_extended;13/02/2026 01:44;108.0
6842;1766;app_open;11/01/2026 12:27;
6843;1766;signup_completed;11/01/2026 12:28;
6844;1766;onboarding_completed;11/01/2026 12:30;
6845;1767;app_open;07/03/2026 12:28;
6846;1767;signup_completed;07/03/2026 12:30;
6847;1768;app_open;23/01/2026 16:50;
6848;1768;signup_completed;23/01/2026 16:51;
6849;1768;onboarding_completed;23/01/2026 16:55;
6850;1769;app_open;15/02/2026 18:37;
6851;1769;signup_completed;15/02/2026 18:39;
6852;1769;onboarding_completed;15/02/2026 18:42;
6853;1769;lesson_start;15/02/2026 18:43;101.0
6854;1770;app_open;03/01/2026 10:18;
6855;1770;signup_completed;03/01/2026 10:20;
6856;1770;onboarding_completed;03/01/2026 10:24;
6857;1771;app_open;02/03/2026 03:38;
6858;1771;signup_completed;02/03/2026 03:40;
6859;1772;app_open;27/03/2026 20:24;
6860;1772;signup_completed;27/03/2026 20:25;
6861;1773;app_open;24/02/2026 12:10;
6862;1773;signup_completed;24/02/2026 12:12;
6863;1774;app_open;01/02/2026 20:18;
6864;1774;signup_completed;01/02/2026 20:20;
6865;1775;app_open;30/03/2026 20:42;
6866;1775;signup_completed;30/03/2026 20:43;
6867;1775;onboarding_completed;30/03/2026 20:45;
6868;1775;lesson_start;30/03/2026 20:46;101.0
6869;1776;app_open;01/03/2026 05:35;
6870;1776;signup_completed;01/03/2026 05:36;
6871;1777;app_open;22/01/2026 11:49;
6872;1777;signup_completed;22/01/2026 11:50;
6873;1777;onboarding_completed;22/01/2026 11:54;
6874;1778;app_open;04/03/2026 21:08;
6875;1778;signup_completed;04/03/2026 21:09;
6876;1779;app_open;07/01/2026 03:18;
6877;1779;signup_completed;07/01/2026 03:20;
6878;1779;onboarding_completed;07/01/2026 03:25;
6879;1779;lesson_start;07/01/2026 03:26;101.0
6880;1779;quiz_completed;07/01/2026 03:34;101.0
6881;1779;streak_extended;08/01/2026 04:34;102.0
6882;1780;app_open;03/03/2026 16:35;
6883;1780;signup_completed;03/03/2026 16:37;
6884;1781;app_open;21/03/2026 23:43;
6885;1781;signup_completed;21/03/2026 23:44;
6886;1781;onboarding_completed;21/03/2026 23:47;
6887;1782;app_open;15/02/2026 01:49;
6888;1782;signup_completed;15/02/2026 01:50;
6889;1782;onboarding_completed;15/02/2026 01:55;
6890;1783;app_open;30/03/2026 07:01;
6891;1783;signup_completed;30/03/2026 07:03;
6892;1784;app_open;10/03/2026 01:37;
6893;1784;signup_completed;10/03/2026 01:38;
6894;1785;app_open;30/01/2026 08:09;
6895;1785;signup_completed;30/01/2026 08:10;
6896;1786;app_open;05/03/2026 00:50;
6897;1786;signup_completed;05/03/2026 00:51;
6898;1787;app_open;09/02/2026 15:23;
6899;1787;signup_completed;09/02/2026 15:25;
6900;1787;onboarding_completed;09/02/2026 15:28;
6901;1788;app_open;12/01/2026 07:52;
6902;1788;signup_completed;12/01/2026 07:53;
6903;1788;onboarding_completed;12/01/2026 07:56;
6904;1788;lesson_start;12/01/2026 07:56;101.0
6905;1788;quiz_completed;12/01/2026 08:02;101.0
6906;1788;streak_extended;13/01/2026 10:02;102.0
6907;1788;streak_extended;14/01/2026 09:02;103.0
6908;1788;streak_extended;15/01/2026 06:02;104.0
6909;1788;streak_extended;19/01/2026 10:02;108.0
6910;1789;app_open;14/01/2026 13:42;
6911;1789;signup_completed;14/01/2026 13:44;
6912;1790;app_open;05/01/2026 09:39;
6913;1790;signup_completed;05/01/2026 09:41;
6914;1790;onboarding_completed;05/01/2026 09:43;
6915;1791;app_open;04/01/2026 14:42;
6916;1791;signup_completed;04/01/2026 14:43;
6917;1792;app_open;30/01/2026 13:13;
6918;1792;signup_completed;30/01/2026 13:14;
6919;1792;onboarding_completed;30/01/2026 13:16;
6920;1792;lesson_start;30/01/2026 13:18;101.0
6921;1792;quiz_completed;30/01/2026 13:25;101.0
6922;1792;streak_extended;31/01/2026 11:25;102.0
6923;1792;streak_extended;04/02/2026 12:25;106.0
6924;1792;streak_extended;06/02/2026 15:25;108.0
6925;1793;app_open;17/02/2026 19:53;
6926;1793;signup_completed;17/02/2026 19:54;
6927;1794;app_open;12/01/2026 06:34;
6928;1794;signup_completed;12/01/2026 06:36;
6929;1794;onboarding_completed;12/01/2026 06:37;
6930;1794;lesson_start;12/01/2026 06:38;101.0
6931;1795;app_open;10/01/2026 10:28;
6932;1795;signup_completed;10/01/2026 10:28;
6933;1795;onboarding_completed;10/01/2026 10:30;
6934;1795;lesson_start;10/01/2026 10:30;101.0
6935;1795;quiz_completed;10/01/2026 10:35;101.0
6936;1795;streak_extended;11/01/2026 12:35;102.0
6937;1795;streak_extended;12/01/2026 10:35;103.0
6938;1795;streak_extended;13/01/2026 11:35;104.0
6939;1796;app_open;23/01/2026 19:07;
6940;1797;app_open;28/03/2026 03:27;
6941;1797;signup_completed;28/03/2026 03:29;
6942;1797;onboarding_completed;28/03/2026 03:33;
6943;1797;lesson_start;28/03/2026 03:35;101.0
6944;1797;quiz_completed;28/03/2026 03:38;101.0
6945;1797;streak_extended;04/04/2026 04:38;108.0
6946;1798;app_open;22/02/2026 04:34;
6947;1798;signup_completed;22/02/2026 04:35;
6948;1798;onboarding_completed;22/02/2026 04:39;
6949;1798;lesson_start;22/02/2026 04:39;101.0
6950;1798;quiz_completed;22/02/2026 04:43;101.0
6951;1798;streak_extended;08/03/2026 03:43;115.0
6952;1799;app_open;14/01/2026 04:07;
6953;1800;app_open;07/02/2026 17:36;
6954;1800;signup_completed;07/02/2026 17:37;
6955;1800;onboarding_completed;07/02/2026 17:42;
6956;1800;lesson_start;07/02/2026 17:43;101.0
6957;1800;quiz_completed;07/02/2026 17:48;101.0
6958;1800;streak_extended;08/02/2026 18:48;102.0
6959;1800;streak_extended;09/02/2026 16:48;103.0
6960;1801;app_open;14/02/2026 01:03;
6961;1802;app_open;06/02/2026 00:31;
6962;1802;signup_completed;06/02/2026 00:32;
6963;1803;app_open;07/03/2026 02:20;
6964;1803;signup_completed;07/03/2026 02:21;
6965;1804;app_open;14/03/2026 03:38;
6966;1804;signup_completed;14/03/2026 03:39;
6967;1804;onboarding_completed;14/03/2026 03:40;
6968;1805;app_open;09/03/2026 14:55;
6969;1805;signup_completed;09/03/2026 14:56;
6970;1805;onboarding_completed;09/03/2026 14:59;
6971;1805;lesson_start;09/03/2026 15:00;101.0
6972;1806;app_open;22/02/2026 10:44;
6973;1806;signup_completed;22/02/2026 10:45;
6974;1806;onboarding_completed;22/02/2026 10:49;
6975;1807;app_open;10/02/2026 16:38;
6976;1807;signup_completed;10/02/2026 16:39;
6977;1807;onboarding_completed;10/02/2026 16:40;
6978;1808;app_open;27/02/2026 00:36;
6979;1808;signup_completed;27/02/2026 00:37;
6980;1808;onboarding_completed;27/02/2026 00:38;
6981;1809;app_open;14/03/2026 01:36;
6982;1809;signup_completed;14/03/2026 01:38;
6983;1809;onboarding_completed;14/03/2026 01:40;
6984;1810;app_open;12/03/2026 13:05;
6985;1810;signup_completed;12/03/2026 13:06;
6986;1811;app_open;16/01/2026 00:03;
6987;1811;signup_completed;16/01/2026 00:04;
6988;1811;onboarding_completed;16/01/2026 00:06;
6989;1811;lesson_start;16/01/2026 00:06;101.0
6990;1811;quiz_completed;16/01/2026 00:10;101.0
6991;1811;streak_extended;17/01/2026 02:10;102.0
6992;1811;streak_extended;17/01/2026 23:10;103.0
6993;1812;app_open;27/03/2026 23:09;
6994;1812;signup_completed;27/03/2026 23:10;
6995;1812;onboarding_completed;27/03/2026 23:15;
6996;1812;lesson_start;27/03/2026 23:17;101.0
6997;1812;quiz_completed;27/03/2026 23:21;101.0
6998;1812;streak_extended;28/03/2026 22:21;102.0
6999;1812;streak_extended;30/03/2026 00:21;103.0
7000;1812;streak_extended;31/03/2026 01:21;104.0
7001;1813;app_open;10/02/2026 06:45;
7002;1813;signup_completed;10/02/2026 06:46;
7003;1814;app_open;05/03/2026 14:04;
7004;1814;signup_completed;05/03/2026 14:06;
7005;1814;onboarding_completed;05/03/2026 14:07;
7006;1815;app_open;10/01/2026 14:44;
7007;1815;signup_completed;10/01/2026 14:46;
7008;1816;app_open;22/03/2026 22:38;
7009;1816;signup_completed;22/03/2026 22:39;
7010;1816;onboarding_completed;22/03/2026 22:44;
7011;1816;lesson_start;22/03/2026 22:45;101.0
7012;1816;quiz_completed;22/03/2026 22:53;101.0
7013;1817;app_open;17/02/2026 12:15;
7014;1818;app_open;01/03/2026 18:34;
7015;1818;signup_completed;01/03/2026 18:35;
7016;1818;onboarding_completed;01/03/2026 18:40;
7017;1818;lesson_start;01/03/2026 18:42;101.0
7018;1818;quiz_completed;01/03/2026 18:45;101.0
7019;1818;streak_extended;02/03/2026 17:45;102.0
7020;1818;streak_extended;03/03/2026 17:45;103.0
7021;1818;streak_extended;04/03/2026 18:45;104.0
7022;1818;streak_extended;08/03/2026 19:45;108.0
7023;1819;app_open;09/02/2026 14:58;
7024;1819;signup_completed;09/02/2026 14:59;
7025;1819;onboarding_completed;09/02/2026 15:02;
7026;1820;app_open;28/01/2026 03:50;
7027;1820;signup_completed;28/01/2026 03:51;
7028;1820;onboarding_completed;28/01/2026 03:55;
7029;1820;lesson_start;28/01/2026 03:57;101.0
7030;1821;app_open;04/01/2026 04:14;
7031;1821;signup_completed;04/01/2026 04:15;
7032;1821;onboarding_completed;04/01/2026 04:19;
7033;1821;lesson_start;04/01/2026 04:20;101.0
7034;1822;app_open;09/03/2026 00:28;
7035;1823;app_open;05/02/2026 23:23;
7036;1823;signup_completed;05/02/2026 23:25;
7037;1824;app_open;22/01/2026 02:16;
7038;1824;signup_completed;22/01/2026 02:17;
7039;1824;onboarding_completed;22/01/2026 02:21;
7040;1824;lesson_start;22/01/2026 02:22;101.0
7041;1825;app_open;13/02/2026 01:09;
7042;1826;app_open;13/02/2026 04:12;
7043;1826;signup_completed;13/02/2026 04:13;
7044;1827;app_open;23/01/2026 22:10;
7045;1827;signup_completed;23/01/2026 22:12;
7046;1827;onboarding_completed;23/01/2026 22:14;
7047;1828;app_open;25/03/2026 01:20;
7048;1828;signup_completed;25/03/2026 01:22;
7049;1828;onboarding_completed;25/03/2026 01:24;
7050;1828;lesson_start;25/03/2026 01:25;101.0
7051;1828;quiz_completed;25/03/2026 01:30;101.0
7052;1828;streak_extended;27/03/2026 03:30;103.0
7053;1829;app_open;05/02/2026 05:07;
7054;1829;signup_completed;05/02/2026 05:08;
7055;1830;app_open;10/01/2026 15:30;
7056;1830;signup_completed;10/01/2026 15:31;
7057;1830;onboarding_completed;10/01/2026 15:34;
7058;1830;lesson_start;10/01/2026 15:34;101.0
7059;1830;quiz_completed;10/01/2026 15:42;101.0
7060;1830;streak_extended;11/01/2026 16:42;102.0
7061;1830;streak_extended;17/01/2026 17:42;108.0
7062;1831;app_open;08/03/2026 13:45;
7063;1831;signup_completed;08/03/2026 13:46;
7064;1831;onboarding_completed;08/03/2026 13:50;
7065;1832;app_open;05/02/2026 15:57;
7066;1832;signup_completed;05/02/2026 15:58;
7067;1832;onboarding_completed;05/02/2026 16:01;
7068;1832;lesson_start;05/02/2026 16:03;101.0
7069;1832;quiz_completed;05/02/2026 16:10;101.0
7070;1832;streak_extended;06/02/2026 15:10;102.0
7071;1832;streak_extended;08/02/2026 18:10;104.0
7072;1833;app_open;22/02/2026 20:41;
7073;1833;signup_completed;22/02/2026 20:43;
7074;1833;onboarding_completed;22/02/2026 20:46;
7075;1834;app_open;29/03/2026 13:06;
7076;1834;signup_completed;29/03/2026 13:07;
7077;1834;onboarding_completed;29/03/2026 13:11;
7078;1834;lesson_start;29/03/2026 13:11;101.0
7079;1834;quiz_completed;29/03/2026 13:17;101.0
7080;1834;streak_extended;31/03/2026 15:17;103.0
7081;1834;streak_extended;01/04/2026 14:17;104.0
7082;1834;streak_extended;05/04/2026 11:17;108.0
7083;1835;app_open;04/03/2026 14:33;
7084;1835;signup_completed;04/03/2026 14:34;
7085;1836;app_open;04/02/2026 19:46;
7086;1836;signup_completed;04/02/2026 19:47;
7087;1837;app_open;06/01/2026 21:05;
7088;1837;signup_completed;06/01/2026 21:07;
7089;1837;onboarding_completed;06/01/2026 21:08;
7090;1837;lesson_start;06/01/2026 21:10;101.0
7091;1837;quiz_completed;06/01/2026 21:15;101.0
7092;1837;streak_extended;09/01/2026 23:15;104.0
7093;1838;app_open;08/02/2026 15:43;
7094;1838;signup_completed;08/02/2026 15:44;
7095;1838;onboarding_completed;08/02/2026 15:49;
7096;1839;app_open;27/01/2026 18:51;
7097;1840;app_open;19/01/2026 10:17;
7098;1840;signup_completed;19/01/2026 10:18;
7099;1840;onboarding_completed;19/01/2026 10:21;
7100;1841;app_open;12/01/2026 20:39;
7101;1841;signup_completed;12/01/2026 20:40;
7102;1842;app_open;24/03/2026 08:03;
7103;1842;signup_completed;24/03/2026 08:05;
7104;1842;onboarding_completed;24/03/2026 08:07;
7105;1842;lesson_start;24/03/2026 08:08;101.0
7106;1842;quiz_completed;24/03/2026 08:13;101.0
7107;1842;streak_extended;26/03/2026 10:13;103.0
7108;1842;streak_extended;31/03/2026 10:13;108.0
7109;1842;streak_extended;07/04/2026 09:13;115.0
7110;1843;app_open;22/03/2026 00:30;
7111;1843;signup_completed;22/03/2026 00:32;
7112;1843;onboarding_completed;22/03/2026 00:34;
7113;1844;app_open;14/02/2026 03:34;
7114;1845;app_open;09/01/2026 21:36;
7115;1845;signup_completed;09/01/2026 21:37;
7116;1845;onboarding_completed;09/01/2026 21:41;
7117;1845;lesson_start;09/01/2026 21:43;101.0
7118;1845;quiz_completed;09/01/2026 21:48;101.0
7119;1845;streak_extended;10/01/2026 20:48;102.0
7120;1845;streak_extended;11/01/2026 23:48;103.0
7121;1845;streak_extended;12/01/2026 23:48;104.0
7122;1845;streak_extended;16/01/2026 19:48;108.0
7123;1846;app_open;06/03/2026 08:21;
7124;1846;signup_completed;06/03/2026 08:22;
7125;1846;onboarding_completed;06/03/2026 08:26;
7126;1846;lesson_start;06/03/2026 08:27;101.0
7127;1846;quiz_completed;06/03/2026 08:30;101.0
7128;1846;streak_extended;07/03/2026 08:30;102.0
7129;1846;streak_extended;08/03/2026 08:30;103.0
7130;1846;streak_extended;09/03/2026 08:30;104.0
7131;1846;streak_extended;05/04/2026 07:30;131.0
7132;1847;app_open;21/01/2026 14:14;
7133;1847;signup_completed;21/01/2026 14:15;
7134;1848;app_open;04/03/2026 07:16;
7135;1848;signup_completed;04/03/2026 07:18;
7136;1848;onboarding_completed;04/03/2026 07:22;
7137;1848;lesson_start;04/03/2026 07:24;101.0
7138;1848;quiz_completed;04/03/2026 07:27;101.0
7139;1848;streak_extended;06/03/2026 06:27;103.0
7140;1848;streak_extended;11/03/2026 05:27;108.0
7141;1848;streak_extended;18/03/2026 07:27;115.0
7142;1849;app_open;04/03/2026 02:07;
7143;1849;signup_completed;04/03/2026 02:09;
7144;1850;app_open;27/02/2026 23:27;
7145;1850;signup_completed;27/02/2026 23:28;
7146;1850;onboarding_completed;27/02/2026 23:32;
7147;1850;lesson_start;27/02/2026 23:33;101.0
7148;1851;app_open;03/01/2026 01:45;
7149;1851;signup_completed;03/01/2026 01:46;
7150;1851;onboarding_completed;03/01/2026 01:48;
7151;1851;lesson_start;03/01/2026 01:49;101.0
7152;1851;quiz_completed;03/01/2026 01:55;101.0
7153;1851;streak_extended;04/01/2026 00:55;102.0
7154;1852;app_open;05/01/2026 21:51;
7155;1852;signup_completed;05/01/2026 21:53;
7156;1852;onboarding_completed;05/01/2026 21:57;
7157;1853;app_open;18/03/2026 09:21;
7158;1853;signup_completed;18/03/2026 09:22;
7159;1853;onboarding_completed;18/03/2026 09:24;
7160;1853;lesson_start;18/03/2026 09:26;101.0
7161;1853;quiz_completed;18/03/2026 09:32;101.0
7162;1853;streak_extended;21/03/2026 09:32;104.0
7163;1854;app_open;02/02/2026 09:07;
7164;1854;signup_completed;02/02/2026 09:09;
7165;1854;onboarding_completed;02/02/2026 09:12;
7166;1854;lesson_start;02/02/2026 09:14;101.0
7167;1855;app_open;24/01/2026 15:33;
7168;1856;app_open;13/01/2026 05:25;
7169;1856;signup_completed;13/01/2026 05:26;
7170;1857;app_open;18/03/2026 09:47;
7171;1857;signup_completed;18/03/2026 09:48;
7172;1858;app_open;24/02/2026 19:33;
7173;1858;signup_completed;24/02/2026 19:34;
7174;1858;onboarding_completed;24/02/2026 19:36;
7175;1858;lesson_start;24/02/2026 19:37;101.0
7176;1858;quiz_completed;24/02/2026 19:42;101.0
7177;1858;streak_extended;25/02/2026 17:42;102.0
7178;1858;streak_extended;01/03/2026 17:42;106.0
7179;1859;app_open;20/01/2026 22:09;
7180;1859;signup_completed;20/01/2026 22:11;
7181;1859;onboarding_completed;20/01/2026 22:12;
7182;1860;app_open;07/01/2026 15:52;
7183;1860;signup_completed;07/01/2026 15:53;
7184;1861;app_open;22/03/2026 13:36;
7185;1861;signup_completed;22/03/2026 13:38;
7186;1861;onboarding_completed;22/03/2026 13:41;
7187;1862;app_open;16/03/2026 06:56;
7188;1862;signup_completed;16/03/2026 06:58;
7189;1863;app_open;23/02/2026 19:23;
7190;1863;signup_completed;23/02/2026 19:24;
7191;1863;onboarding_completed;23/02/2026 19:29;
7192;1864;app_open;21/01/2026 02:42;
7193;1864;signup_completed;21/01/2026 02:43;
7194;1864;onboarding_completed;21/01/2026 02:45;
7195;1865;app_open;26/02/2026 22:22;
7196;1865;signup_completed;26/02/2026 22:23;
7197;1866;app_open;21/01/2026 23:12;
7198;1866;signup_completed;21/01/2026 23:13;
7199;1866;onboarding_completed;21/01/2026 23:14;
7200;1866;lesson_start;21/01/2026 23:16;101.0
7201;1867;app_open;20/03/2026 22:33;
7202;1867;signup_completed;20/03/2026 22:33;
7203;1867;onboarding_completed;20/03/2026 22:35;
7204;1868;app_open;26/03/2026 10:32;
7205;1868;signup_completed;26/03/2026 10:34;
7206;1868;onboarding_completed;26/03/2026 10:38;
7207;1869;app_open;23/01/2026 14:55;
7208;1869;signup_completed;23/01/2026 14:57;
7209;1869;onboarding_completed;23/01/2026 14:59;
7210;1870;app_open;01/02/2026 21:35;
7211;1870;signup_completed;01/02/2026 21:37;
7212;1870;onboarding_completed;01/02/2026 21:39;
7213;1870;lesson_start;01/02/2026 21:40;101.0
7214;1871;app_open;17/03/2026 04:24;
7215;1871;signup_completed;17/03/2026 04:25;
7216;1871;onboarding_completed;17/03/2026 04:29;
7217;1871;lesson_start;17/03/2026 04:30;101.0
7218;1872;app_open;15/01/2026 07:49;
7219;1872;signup_completed;15/01/2026 07:50;
7220;1873;app_open;18/03/2026 13:40;
7221;1873;signup_completed;18/03/2026 13:41;
7222;1873;onboarding_completed;18/03/2026 13:44;
7223;1874;app_open;29/03/2026 10:23;
7224;1874;signup_completed;29/03/2026 10:25;
7225;1874;onboarding_completed;29/03/2026 10:26;
7226;1874;lesson_start;29/03/2026 10:28;101.0
7227;1874;quiz_completed;29/03/2026 10:32;101.0
7228;1874;streak_extended;30/03/2026 12:32;102.0
7229;1874;streak_extended;31/03/2026 11:32;103.0
7230;1874;streak_extended;12/04/2026 08:32;115.0
7231;1875;app_open;27/02/2026 20:44;
7232;1875;signup_completed;27/02/2026 20:45;
7233;1876;app_open;01/01/2026 06:36;
7234;1876;signup_completed;01/01/2026 06:37;
7235;1876;onboarding_completed;01/01/2026 06:41;
7236;1876;lesson_start;01/01/2026 06:42;101.0
7237;1877;app_open;27/01/2026 22:05;
7238;1877;signup_completed;27/01/2026 22:07;
7239;1877;onboarding_completed;27/01/2026 22:09;
7240;1878;app_open;25/03/2026 08:13;
7241;1879;app_open;15/01/2026 01:08;
7242;1879;signup_completed;15/01/2026 01:09;
7243;1879;onboarding_completed;15/01/2026 01:13;
7244;1880;app_open;13/01/2026 14:54;
7245;1880;signup_completed;13/01/2026 14:55;
7246;1881;app_open;22/02/2026 10:47;
7247;1882;app_open;25/01/2026 08:03;
7248;1882;signup_completed;25/01/2026 08:05;
7249;1882;onboarding_completed;25/01/2026 08:08;
7250;1882;lesson_start;25/01/2026 08:09;101.0
7251;1882;quiz_completed;25/01/2026 08:17;101.0
7252;1882;streak_extended;26/01/2026 07:17;102.0
7253;1882;streak_extended;27/01/2026 08:17;103.0
7254;1882;streak_extended;30/01/2026 10:17;106.0
7255;1883;app_open;19/03/2026 12:40;
7256;1884;app_open;17/01/2026 22:36;
7257;1884;signup_completed;17/01/2026 22:37;
7258;1884;onboarding_completed;17/01/2026 22:40;
7259;1884;lesson_start;17/01/2026 22:42;101.0
7260;1885;app_open;11/01/2026 16:08;
7261;1885;signup_completed;11/01/2026 16:10;
7262;1885;onboarding_completed;11/01/2026 16:11;
7263;1885;lesson_start;11/01/2026 16:11;101.0
7264;1886;app_open;06/03/2026 04:22;
7265;1886;signup_completed;06/03/2026 04:24;
7266;1886;onboarding_completed;06/03/2026 04:28;
7267;1886;lesson_start;06/03/2026 04:29;101.0
7268;1886;quiz_completed;06/03/2026 04:37;101.0
7269;1886;streak_extended;07/03/2026 03:37;102.0
7270;1886;streak_extended;11/03/2026 04:37;106.0
7271;1887;app_open;26/03/2026 02:58;
7272;1887;signup_completed;26/03/2026 02:59;
7273;1887;onboarding_completed;26/03/2026 03:01;
7274;1887;lesson_start;26/03/2026 03:03;101.0
7275;1887;quiz_completed;26/03/2026 03:11;101.0
7276;1887;streak_extended;31/03/2026 01:11;106.0
7277;1887;streak_extended;25/04/2026 03:11;131.0
7278;1888;app_open;03/01/2026 12:04;
7279;1888;signup_completed;03/01/2026 12:04;
7280;1888;onboarding_completed;03/01/2026 12:06;
7281;1888;lesson_start;03/01/2026 12:06;101.0
7282;1888;quiz_completed;03/01/2026 12:14;101.0
7283;1888;streak_extended;04/01/2026 13:14;102.0
7284;1889;app_open;13/01/2026 19:07;
7285;1889;signup_completed;13/01/2026 19:08;
7286;1889;onboarding_completed;13/01/2026 19:11;
7287;1889;lesson_start;13/01/2026 19:12;101.0
7288;1889;quiz_completed;13/01/2026 19:16;101.0
7289;1889;streak_extended;20/01/2026 17:16;108.0
7290;1890;app_open;02/01/2026 10:37;
7291;1891;app_open;04/02/2026 18:45;
7292;1891;signup_completed;04/02/2026 18:47;
7293;1892;app_open;18/03/2026 16:47;
7294;1892;signup_completed;18/03/2026 16:48;
7295;1892;onboarding_completed;18/03/2026 16:51;
7296;1893;app_open;18/03/2026 13:10;
7297;1893;signup_completed;18/03/2026 13:11;
7298;1894;app_open;24/01/2026 02:25;
7299;1894;signup_completed;24/01/2026 02:25;
7300;1894;onboarding_completed;24/01/2026 02:27;
7301;1895;app_open;27/02/2026 04:07;
7302;1895;signup_completed;27/02/2026 04:09;
7303;1895;onboarding_completed;27/02/2026 04:13;
7304;1895;lesson_start;27/02/2026 04:13;101.0
7305;1895;quiz_completed;27/02/2026 04:19;101.0
7306;1895;streak_extended;02/03/2026 06:19;104.0
7307;1896;app_open;01/02/2026 10:26;
7308;1896;signup_completed;01/02/2026 10:28;
7309;1896;onboarding_completed;01/02/2026 10:29;
7310;1897;app_open;02/01/2026 12:46;
7311;1897;signup_completed;02/01/2026 12:47;
7312;1897;onboarding_completed;02/01/2026 12:49;
7313;1898;app_open;17/01/2026 22:01;
7314;1898;signup_completed;17/01/2026 22:02;
7315;1898;onboarding_completed;17/01/2026 22:06;
7316;1899;app_open;26/01/2026 18:21;
7317;1900;app_open;06/01/2026 02:05;
7318;1900;signup_completed;06/01/2026 02:07;
7319;1900;onboarding_completed;06/01/2026 02:09;
7320;1901;app_open;13/01/2026 07:22;
7321;1901;signup_completed;13/01/2026 07:22;
7322;1901;onboarding_completed;13/01/2026 07:25;
7323;1901;lesson_start;13/01/2026 07:25;101.0
7324;1902;app_open;14/03/2026 00:19;
7325;1902;signup_completed;14/03/2026 00:21;
7326;1902;onboarding_completed;14/03/2026 00:24;
7327;1902;lesson_start;14/03/2026 00:25;101.0
7328;1902;quiz_completed;14/03/2026 00:32;101.0
7329;1902;streak_extended;17/03/2026 02:32;104.0
7330;1902;streak_extended;21/03/2026 00:32;108.0
7331;1903;app_open;10/02/2026 20:54;
7332;1903;signup_completed;10/02/2026 20:56;
7333;1903;onboarding_completed;10/02/2026 20:57;
7334;1903;lesson_start;10/02/2026 20:59;101.0
7335;1904;app_open;21/02/2026 01:52;
7336;1904;signup_completed;21/02/2026 01:52;
7337;1904;onboarding_completed;21/02/2026 01:57;
7338;1904;lesson_start;21/02/2026 01:57;101.0
7339;1904;quiz_completed;21/02/2026 02:00;101.0
7340;1904;streak_extended;26/02/2026 02:00;106.0
7341;1905;app_open;12/01/2026 00:49;
7342;1905;signup_completed;12/01/2026 00:51;
7343;1905;onboarding_completed;12/01/2026 00:52;
7344;1905;lesson_start;12/01/2026 00:54;101.0
7345;1905;quiz_completed;12/01/2026 01:00;101.0
7346;1905;streak_extended;14/01/2026 02:00;103.0
7347;1905;streak_extended;16/01/2026 23:00;106.0
7348;1906;app_open;14/03/2026 09:31;
7349;1906;signup_completed;14/03/2026 09:32;
7350;1907;app_open;07/01/2026 04:06;
7351;1907;signup_completed;07/01/2026 04:06;
7352;1908;app_open;16/02/2026 05:44;
7353;1908;signup_completed;16/02/2026 05:45;
7354;1908;onboarding_completed;16/02/2026 05:47;
7355;1908;lesson_start;16/02/2026 05:48;101.0
7356;1908;quiz_completed;16/02/2026 05:56;101.0
7357;1908;streak_extended;17/02/2026 05:56;102.0
7358;1908;streak_extended;19/02/2026 03:56;104.0
7359;1908;streak_extended;21/02/2026 03:56;106.0
7360;1908;streak_extended;18/03/2026 06:56;131.0
7361;1909;app_open;13/02/2026 12:33;
7362;1910;app_open;17/03/2026 12:54;
7363;1910;signup_completed;17/03/2026 12:55;
7364;1910;onboarding_completed;17/03/2026 12:58;
7365;1910;lesson_start;17/03/2026 13:00;101.0
7366;1910;quiz_completed;17/03/2026 13:04;101.0
7367;1910;streak_extended;18/03/2026 11:04;102.0
7368;1910;streak_extended;22/03/2026 14:04;106.0
7369;1910;streak_extended;31/03/2026 12:04;115.0
7370;1911;app_open;05/02/2026 03:36;
7371;1911;signup_completed;05/02/2026 03:38;
7372;1911;onboarding_completed;05/02/2026 03:43;
7373;1911;lesson_start;05/02/2026 03:44;101.0
7374;1911;quiz_completed;05/02/2026 03:48;101.0
7375;1911;streak_extended;10/02/2026 03:48;106.0
7376;1911;streak_extended;12/02/2026 01:48;108.0
7377;1911;streak_extended;19/02/2026 05:48;115.0
7378;1912;app_open;19/02/2026 19:55;
7379;1913;app_open;27/02/2026 15:20;
7380;1914;app_open;11/01/2026 14:06;
7381;1914;signup_completed;11/01/2026 14:08;
7382;1914;onboarding_completed;11/01/2026 14:11;
7383;1915;app_open;13/02/2026 21:14;
7384;1915;signup_completed;13/02/2026 21:15;
7385;1915;onboarding_completed;13/02/2026 21:19;
7386;1916;app_open;18/02/2026 22:01;
7387;1917;app_open;22/01/2026 12:14;
7388;1917;signup_completed;22/01/2026 12:16;
7389;1918;app_open;01/03/2026 17:18;
7390;1919;app_open;05/01/2026 05:02;
7391;1919;signup_completed;05/01/2026 05:03;
7392;1919;onboarding_completed;05/01/2026 05:08;
7393;1919;lesson_start;05/01/2026 05:09;101.0
7394;1919;quiz_completed;05/01/2026 05:12;101.0
7395;1919;streak_extended;06/01/2026 03:12;102.0
7396;1919;streak_extended;10/01/2026 03:12;106.0
7397;1920;app_open;12/03/2026 14:35;
7398;1920;signup_completed;12/03/2026 14:37;
7399;1920;onboarding_completed;12/03/2026 14:41;
7400;1921;app_open;18/03/2026 01:03;
7401;1921;signup_completed;18/03/2026 01:04;
7402;1921;onboarding_completed;18/03/2026 01:07;
7403;1921;lesson_start;18/03/2026 01:08;101.0
7404;1922;app_open;30/03/2026 05:32;
7405;1922;signup_completed;30/03/2026 05:34;
7406;1922;onboarding_completed;30/03/2026 05:37;
7407;1922;lesson_start;30/03/2026 05:39;101.0
7408;1922;quiz_completed;30/03/2026 05:45;101.0
7409;1922;streak_extended;02/04/2026 03:45;104.0
7410;1922;streak_extended;06/04/2026 03:45;108.0
7411;1923;app_open;26/03/2026 04:12;
7412;1923;signup_completed;26/03/2026 04:13;
7413;1924;app_open;05/03/2026 23:21;
7414;1924;signup_completed;05/03/2026 23:22;
7415;1925;app_open;20/02/2026 15:04;
7416;1925;signup_completed;20/02/2026 15:05;
7417;1926;app_open;30/01/2026 06:50;
7418;1926;signup_completed;30/01/2026 06:52;
7419;1926;onboarding_completed;30/01/2026 06:54;
7420;1926;lesson_start;30/01/2026 06:54;101.0
7421;1926;quiz_completed;30/01/2026 07:02;101.0
7422;1927;app_open;14/02/2026 11:18;
7423;1927;signup_completed;14/02/2026 11:20;
7424;1928;app_open;04/03/2026 11:05;
7425;1928;signup_completed;04/03/2026 11:07;
7426;1928;onboarding_completed;04/03/2026 11:11;
7427;1929;app_open;04/01/2026 00:35;
7428;1930;app_open;06/01/2026 21:44;
7429;1931;app_open;16/02/2026 12:06;
7430;1931;signup_completed;16/02/2026 12:07;
7431;1931;onboarding_completed;16/02/2026 12:09;
7432;1931;lesson_start;16/02/2026 12:10;101.0
7433;1931;quiz_completed;16/02/2026 12:15;101.0
7434;1931;streak_extended;21/02/2026 12:15;106.0
7435;1932;app_open;24/03/2026 06:20;
7436;1932;signup_completed;24/03/2026 06:22;
7437;1932;onboarding_completed;24/03/2026 06:23;
7438;1933;app_open;08/02/2026 23:50;
7439;1933;signup_completed;08/02/2026 23:51;
7440;1933;onboarding_completed;08/02/2026 23:54;
7441;1933;lesson_start;08/02/2026 23:55;101.0
7442;1933;quiz_completed;09/02/2026 00:00;101.0
7443;1933;streak_extended;10/02/2026 02:00;102.0
7444;1934;app_open;11/02/2026 09:17;
7445;1934;signup_completed;11/02/2026 09:19;
7446;1934;onboarding_completed;11/02/2026 09:21;
7447;1935;app_open;08/03/2026 14:43;
7448;1935;signup_completed;08/03/2026 14:44;
7449;1936;app_open;11/01/2026 11:34;
7450;1936;signup_completed;11/01/2026 11:35;
7451;1936;onboarding_completed;11/01/2026 11:37;
7452;1937;app_open;17/02/2026 14:24;
7453;1937;signup_completed;17/02/2026 14:26;
7454;1938;app_open;11/03/2026 04:00;
7455;1939;app_open;30/03/2026 07:45;
7456;1939;signup_completed;30/03/2026 07:47;
7457;1939;onboarding_completed;30/03/2026 07:50;
7458;1940;app_open;13/02/2026 01:34;
7459;1940;signup_completed;13/02/2026 01:35;
7460;1940;onboarding_completed;13/02/2026 01:38;
7461;1941;app_open;08/01/2026 03:14;
7462;1941;signup_completed;08/01/2026 03:16;
7463;1941;onboarding_completed;08/01/2026 03:20;
7464;1941;lesson_start;08/01/2026 03:21;101.0
7465;1942;app_open;29/03/2026 07:26;
7466;1943;app_open;08/01/2026 20:15;
7467;1943;signup_completed;08/01/2026 20:16;
7468;1943;onboarding_completed;08/01/2026 20:18;
7469;1943;lesson_start;08/01/2026 20:19;101.0
7470;1943;quiz_completed;08/01/2026 20:24;101.0
7471;1943;streak_extended;13/01/2026 22:24;106.0
7472;1944;app_open;01/02/2026 06:34;
7473;1945;app_open;01/03/2026 01:26;
7474;1946;app_open;15/01/2026 09:38;
7475;1946;signup_completed;15/01/2026 09:39;
7476;1946;onboarding_completed;15/01/2026 09:43;
7477;1947;app_open;07/01/2026 09:03;
7478;1947;signup_completed;07/01/2026 09:04;
7479;1948;app_open;13/01/2026 06:02;
7480;1949;app_open;27/01/2026 16:50;
7481;1949;signup_completed;27/01/2026 16:50;
7482;1949;onboarding_completed;27/01/2026 16:54;
7483;1949;lesson_start;27/01/2026 16:55;101.0
7484;1950;app_open;02/03/2026 14:45;
7485;1950;signup_completed;02/03/2026 14:47;
7486;1950;onboarding_completed;02/03/2026 14:48;
7487;1951;app_open;03/03/2026 11:10;
7488;1951;signup_completed;03/03/2026 11:12;
7489;1952;app_open;26/02/2026 19:59;
7490;1952;signup_completed;26/02/2026 20:00;
7491;1953;app_open;23/02/2026 05:45;
7492;1954;app_open;11/03/2026 03:26;
7493;1954;signup_completed;11/03/2026 03:26;
7494;1954;onboarding_completed;11/03/2026 03:30;
7495;1955;app_open;01/02/2026 13:44;
7496;1955;signup_completed;01/02/2026 13:45;
7497;1955;onboarding_completed;01/02/2026 13:50;
7498;1956;app_open;06/02/2026 23:34;
7499;1956;signup_completed;06/02/2026 23:35;
7500;1957;app_open;28/02/2026 00:01;
7501;1957;signup_completed;28/02/2026 00:02;
7502;1958;app_open;21/02/2026 12:17;
7503;1958;signup_completed;21/02/2026 12:18;
7504;1958;onboarding_completed;21/02/2026 12:22;
7505;1959;app_open;29/01/2026 15:09;
7506;1960;app_open;14/02/2026 01:14;
7507;1960;signup_completed;14/02/2026 01:14;
7508;1961;app_open;19/02/2026 02:01;
7509;1962;app_open;28/02/2026 18:44;
7510;1962;signup_completed;28/02/2026 18:45;
7511;1962;onboarding_completed;28/02/2026 18:47;
7512;1963;app_open;11/02/2026 18:26;
7513;1963;signup_completed;11/02/2026 18:27;
7514;1963;onboarding_completed;11/02/2026 18:31;
7515;1964;app_open;10/01/2026 15:06;
7516;1964;signup_completed;10/01/2026 15:07;
7517;1965;app_open;19/03/2026 00:02;
7518;1965;signup_completed;19/03/2026 00:03;
7519;1965;onboarding_completed;19/03/2026 00:04;
7520;1966;app_open;10/03/2026 03:15;
7521;1966;signup_completed;10/03/2026 03:16;
7522;1966;onboarding_completed;10/03/2026 03:18;
7523;1966;lesson_start;10/03/2026 03:19;101.0
7524;1967;app_open;12/01/2026 02:36;
7525;1967;signup_completed;12/01/2026 02:37;
7526;1967;onboarding_completed;12/01/2026 02:38;
7527;1967;lesson_start;12/01/2026 02:39;101.0
7528;1967;quiz_completed;12/01/2026 02:43;101.0
7529;1968;app_open;24/03/2026 19:09;
7530;1968;signup_completed;24/03/2026 19:10;
7531;1968;onboarding_completed;24/03/2026 19:14;
7532;1969;app_open;05/03/2026 13:35;
7533;1969;signup_completed;05/03/2026 13:37;
7534;1970;app_open;05/03/2026 04:44;
7535;1970;signup_completed;05/03/2026 04:46;
7536;1970;onboarding_completed;05/03/2026 04:47;
7537;1970;lesson_start;05/03/2026 04:48;101.0
7538;1971;app_open;27/03/2026 05:12;
7539;1971;signup_completed;27/03/2026 05:12;
7540;1972;app_open;16/03/2026 15:48;
7541;1972;signup_completed;16/03/2026 15:50;
7542;1972;onboarding_completed;16/03/2026 15:53;
7543;1973;app_open;23/02/2026 12:42;
7544;1973;signup_completed;23/02/2026 12:43;
7545;1973;onboarding_completed;23/02/2026 12:46;
7546;1974;app_open;11/03/2026 23:40;
7547;1974;signup_completed;11/03/2026 23:42;
7548;1974;onboarding_completed;11/03/2026 23:46;
7549;1974;lesson_start;11/03/2026 23:46;101.0
7550;1975;app_open;26/03/2026 00:44;
7551;1975;signup_completed;26/03/2026 00:46;
7552;1975;onboarding_completed;26/03/2026 00:49;
7553;1975;lesson_start;26/03/2026 00:50;101.0
7554;1975;quiz_completed;26/03/2026 00:57;101.0
7555;1975;streak_extended;28/03/2026 02:57;103.0
7556;1976;app_open;21/01/2026 21:02;
7557;1976;signup_completed;21/01/2026 21:03;
7558;1976;onboarding_completed;21/01/2026 21:05;
7559;1976;lesson_start;21/01/2026 21:05;101.0
7560;1976;quiz_completed;21/01/2026 21:09;101.0
7561;1976;streak_extended;22/01/2026 20:09;102.0
7562;1977;app_open;11/02/2026 18:08;
7563;1977;signup_completed;11/02/2026 18:09;
7564;1978;app_open;13/02/2026 20:11;
7565;1979;app_open;28/03/2026 05:24;
7566;1979;signup_completed;28/03/2026 05:25;
7567;1979;onboarding_completed;28/03/2026 05:28;
7568;1980;app_open;23/01/2026 04:25;
7569;1980;signup_completed;23/01/2026 04:26;
7570;1981;app_open;10/02/2026 04:15;
7571;1981;signup_completed;10/02/2026 04:16;
7572;1981;onboarding_completed;10/02/2026 04:18;
7573;1982;app_open;02/02/2026 21:46;
7574;1982;signup_completed;02/02/2026 21:47;
7575;1982;onboarding_completed;02/02/2026 21:48;
7576;1982;lesson_start;02/02/2026 21:50;101.0
7577;1983;app_open;22/03/2026 08:01;
7578;1983;signup_completed;22/03/2026 08:02;
7579;1983;onboarding_completed;22/03/2026 08:06;
7580;1983;lesson_start;22/03/2026 08:08;101.0
7581;1984;app_open;14/02/2026 00:43;
7582;1984;signup_completed;14/02/2026 00:45;
7583;1985;app_open;08/02/2026 17:06;
7584;1985;signup_completed;08/02/2026 17:07;
7585;1986;app_open;10/02/2026 09:19;
7586;1986;signup_completed;10/02/2026 09:20;
7587;1986;onboarding_completed;10/02/2026 09:22;
7588;1986;lesson_start;10/02/2026 09:23;101.0
7589;1987;app_open;12/03/2026 20:07;
7590;1987;signup_completed;12/03/2026 20:08;
7591;1987;onboarding_completed;12/03/2026 20:10;
7592;1987;lesson_start;12/03/2026 20:11;101.0
7593;1987;quiz_completed;12/03/2026 20:17;101.0
7594;1988;app_open;10/01/2026 05:33;
7595;1988;signup_completed;10/01/2026 05:35;
7596;1988;onboarding_completed;10/01/2026 05:38;
7597;1989;app_open;31/01/2026 08:17;
7598;1989;signup_completed;31/01/2026 08:19;
7599;1989;onboarding_completed;31/01/2026 08:20;
7600;1990;app_open;11/02/2026 10:25;
7601;1990;signup_completed;11/02/2026 10:26;
7602;1990;onboarding_completed;11/02/2026 10:30;
7603;1990;lesson_start;11/02/2026 10:32;101.0
7604;1990;quiz_completed;11/02/2026 10:39;101.0
7605;1990;streak_extended;12/02/2026 10:39;102.0
7606;1990;streak_extended;18/02/2026 12:39;108.0
7607;1991;app_open;31/01/2026 08:13;
7608;1991;signup_completed;31/01/2026 08:15;
7609;1992;app_open;06/03/2026 13:48;
7610;1992;signup_completed;06/03/2026 13:49;
7611;1992;onboarding_completed;06/03/2026 13:52;
7612;1992;lesson_start;06/03/2026 13:54;101.0
7613;1993;app_open;25/01/2026 17:56;
7614;1993;signup_completed;25/01/2026 17:57;
7615;1993;onboarding_completed;25/01/2026 18:02;
7616;1993;lesson_start;25/01/2026 18:03;101.0
7617;1994;app_open;06/02/2026 08:11;
7618;1994;signup_completed;06/02/2026 08:12;
7619;1994;onboarding_completed;06/02/2026 08:16;
7620;1995;app_open;15/01/2026 19:40;
7621;1995;signup_completed;15/01/2026 19:42;
7622;1995;onboarding_completed;15/01/2026 19:45;
7623;1995;lesson_start;15/01/2026 19:46;101.0
7624;1996;app_open;08/03/2026 16:24;
7625;1996;signup_completed;08/03/2026 16:25;
7626;1996;onboarding_completed;08/03/2026 16:30;
7627;1996;lesson_start;08/03/2026 16:31;101.0
7628;1996;quiz_completed;08/03/2026 16:36;101.0
7629;1996;streak_extended;10/03/2026 14:36;103.0
7630;1996;streak_extended;22/03/2026 17:36;115.0
7631;1997;app_open;16/02/2026 01:07;
7632;1997;signup_completed;16/02/2026 01:08;
7633;1998;app_open;07/01/2026 12:25;
7634;1998;signup_completed;07/01/2026 12:26;
7635;1998;onboarding_completed;07/01/2026 12:27;
7636;1998;lesson_start;07/01/2026 12:29;101.0
7637;1998;quiz_completed;07/01/2026 12:37;101.0
7638;1999;app_open;09/01/2026 20:34;
7639;1999;signup_completed;09/01/2026 20:35;
7640;1999;onboarding_completed;09/01/2026 20:38;
7641;1999;lesson_start;09/01/2026 20:39;101.0
7642;1999;quiz_completed;09/01/2026 20:42;101.0
7643;1999;streak_extended;10/01/2026 22:42;102.0
7644;1999;streak_extended;11/01/2026 19:42;103.0
7645;1999;streak_extended;12/01/2026 22:42;104.0
7646;1999;streak_extended;14/01/2026 18:42;106.0
7647;2000;app_open;22/03/2026 18:10;
7648;2000;signup_completed;22/03/2026 18:11;
7649;2000;onboarding_completed;22/03/2026 18:14;
7650;2000;lesson_start;22/03/2026 18:14;101.0
7651;2000;quiz_completed;22/03/2026 18:21;101.0
7652;2000;streak_extended;23/03/2026 16:21;102.0
7653;2001;app_open;09/01/2026 06:54;
7654;2001;signup_completed;09/01/2026 06:55;
7655;2001;onboarding_completed;09/01/2026 06:59;
7656;2002;app_open;10/01/2026 01:14;
7657;2002;signup_completed;10/01/2026 01:15;
7658;2002;onboarding_completed;10/01/2026 01:18;
7659;2003;app_open;11/02/2026 22:20;
7660;2003;signup_completed;11/02/2026 22:21;
7661;2003;onboarding_completed;11/02/2026 22:25;
7662;2003;lesson_start;11/02/2026 22:27;101.0
7663;2003;quiz_completed;11/02/2026 22:33;101.0
7664;2003;streak_extended;14/02/2026 23:33;104.0
7665;2003;streak_extended;25/02/2026 22:33;115.0
7666;2004;app_open;10/01/2026 09:00;
7667;2004;signup_completed;10/01/2026 09:01;
7668;2004;onboarding_completed;10/01/2026 09:06;
7669;2005;app_open;14/03/2026 07:01;
7670;2005;signup_completed;14/03/2026 07:01;
7671;2005;onboarding_completed;14/03/2026 07:03;
7672;2005;lesson_start;14/03/2026 07:05;101.0
7673;2006;app_open;13/03/2026 17:31;
7674;2006;signup_completed;13/03/2026 17:32;
7675;2006;onboarding_completed;13/03/2026 17:35;
7676;2006;lesson_start;13/03/2026 17:36;101.0
7677;2007;app_open;06/02/2026 04:19;
7678;2007;signup_completed;06/02/2026 04:21;
7679;2007;onboarding_completed;06/02/2026 04:22;
7680;2007;lesson_start;06/02/2026 04:24;101.0
7681;2008;app_open;20/03/2026 19:33;
7682;2008;signup_completed;20/03/2026 19:35;
7683;2009;app_open;13/01/2026 15:11;
7684;2009;signup_completed;13/01/2026 15:13;
7685;2009;onboarding_completed;13/01/2026 15:14;
7686;2009;lesson_start;13/01/2026 15:15;101.0
7687;2009;quiz_completed;13/01/2026 15:22;101.0
7688;2009;streak_extended;14/01/2026 16:22;102.0
7689;2009;streak_extended;20/01/2026 13:22;108.0
7690;2010;app_open;24/02/2026 00:26;
7691;2011;app_open;06/01/2026 19:45;
7692;2011;signup_completed;06/01/2026 19:46;
7693;2012;app_open;26/02/2026 22:33;
7694;2012;signup_completed;26/02/2026 22:34;
7695;2013;app_open;24/02/2026 12:35;
7696;2013;signup_completed;24/02/2026 12:36;
7697;2014;app_open;24/02/2026 12:49;
7698;2014;signup_completed;24/02/2026 12:50;
7699;2014;onboarding_completed;24/02/2026 12:54;
7700;2014;lesson_start;24/02/2026 12:55;101.0
7701;2014;quiz_completed;24/02/2026 13:02;101.0
7702;2014;streak_extended;25/02/2026 14:02;102.0
7703;2014;streak_extended;26/02/2026 14:02;103.0
7704;2014;streak_extended;27/02/2026 15:02;104.0
7705;2015;app_open;02/02/2026 00:07;
7706;2015;signup_completed;02/02/2026 00:09;
7707;2015;onboarding_completed;02/02/2026 00:11;
7708;2016;app_open;07/03/2026 01:14;
7709;2016;signup_completed;07/03/2026 01:15;
7710;2016;onboarding_completed;07/03/2026 01:18;
7711;2017;app_open;12/01/2026 20:49;
7712;2017;signup_completed;12/01/2026 20:50;
7713;2018;app_open;09/02/2026 21:15;
7714;2018;signup_completed;09/02/2026 21:16;
7715;2018;onboarding_completed;09/02/2026 21:20;
7716;2019;app_open;04/02/2026 07:56;
7717;2019;signup_completed;04/02/2026 07:58;
7718;2019;onboarding_completed;04/02/2026 08:02;
7719;2019;lesson_start;04/02/2026 08:03;101.0
7720;2019;quiz_completed;04/02/2026 08:08;101.0
7721;2019;streak_extended;06/02/2026 07:08;103.0
7722;2019;streak_extended;09/02/2026 09:08;106.0
7723;2020;app_open;26/03/2026 19:39;
7724;2020;signup_completed;26/03/2026 19:40;
7725;2020;onboarding_completed;26/03/2026 19:44;
7726;2021;app_open;06/03/2026 14:21;
7727;2022;app_open;14/03/2026 20:17;
7728;2022;signup_completed;14/03/2026 20:18;
7729;2023;app_open;11/02/2026 01:30;
7730;2023;signup_completed;11/02/2026 01:31;
7731;2023;onboarding_completed;11/02/2026 01:35;
7732;2024;app_open;26/03/2026 06:48;
7733;2024;signup_completed;26/03/2026 06:48;
7734;2024;onboarding_completed;26/03/2026 06:53;
7735;2024;lesson_start;26/03/2026 06:54;101.0
7736;2024;quiz_completed;26/03/2026 06:57;101.0
7737;2024;streak_extended;28/03/2026 04:57;103.0
7738;2024;streak_extended;31/03/2026 04:57;106.0
7739;2025;app_open;30/03/2026 22:04;
7740;2025;signup_completed;30/03/2026 22:05;
7741;2025;onboarding_completed;30/03/2026 22:07;
7742;2025;lesson_start;30/03/2026 22:08;101.0
7743;2026;app_open;12/03/2026 00:11;
7744;2027;app_open;05/01/2026 23:52;
7745;2027;signup_completed;05/01/2026 23:54;
7746;2027;onboarding_completed;05/01/2026 23:55;
7747;2027;lesson_start;05/01/2026 23:56;101.0
7748;2027;quiz_completed;06/01/2026 00:01;101.0
7749;2027;streak_extended;07/01/2026 22:01;103.0
7750;2028;app_open;28/01/2026 22:13;
7751;2029;app_open;28/02/2026 07:03;
7752;2029;signup_completed;28/02/2026 07:04;
7753;2030;app_open;31/01/2026 08:03;
7754;2030;signup_completed;31/01/2026 08:04;
7755;2031;app_open;04/02/2026 03:23;
7756;2032;app_open;11/01/2026 01:24;
7757;2032;signup_completed;11/01/2026 01:25;
7758;2032;onboarding_completed;11/01/2026 01:29;
7759;2032;lesson_start;11/01/2026 01:30;101.0
7760;2033;app_open;26/02/2026 02:38;
7761;2033;signup_completed;26/02/2026 02:40;
7762;2033;onboarding_completed;26/02/2026 02:42;
7763;2033;lesson_start;26/02/2026 02:44;101.0
7764;2033;quiz_completed;26/02/2026 02:47;101.0
7765;2034;app_open;19/02/2026 06:21;
7766;2034;signup_completed;19/02/2026 06:22;
7767;2034;onboarding_completed;19/02/2026 06:25;
7768;2035;app_open;21/01/2026 15:43;
7769;2035;signup_completed;21/01/2026 15:44;
7770;2035;onboarding_completed;21/01/2026 15:47;
7771;2036;app_open;16/01/2026 00:32;
7772;2036;signup_completed;16/01/2026 00:33;
7773;2037;app_open;05/03/2026 18:18;
7774;2037;signup_completed;05/03/2026 18:20;
7775;2037;onboarding_completed;05/03/2026 18:22;
7776;2037;lesson_start;05/03/2026 18:24;101.0
7777;2037;quiz_completed;05/03/2026 18:31;101.0
7778;2037;streak_extended;06/03/2026 19:31;102.0
7779;2037;streak_extended;08/03/2026 17:31;104.0
7780;2037;streak_extended;10/03/2026 16:31;106.0
7781;2038;app_open;16/02/2026 19:34;
7782;2039;app_open;22/01/2026 18:31;
7783;2039;signup_completed;22/01/2026 18:32;
7784;2039;onboarding_completed;22/01/2026 18:37;
7785;2039;lesson_start;22/01/2026 18:38;101.0
7786;2039;quiz_completed;22/01/2026 18:45;101.0
7787;2039;streak_extended;23/01/2026 17:45;102.0
7788;2039;streak_extended;24/01/2026 16:45;103.0
7789;2039;streak_extended;25/01/2026 16:45;104.0
7790;2040;app_open;24/03/2026 06:17;
7791;2040;signup_completed;24/03/2026 06:19;
7792;2040;onboarding_completed;24/03/2026 06:21;
7793;2040;lesson_start;24/03/2026 06:22;101.0
7794;2041;app_open;11/01/2026 12:10;
7795;2041;signup_completed;11/01/2026 12:11;
7796;2042;app_open;03/02/2026 23:49;
7797;2042;signup_completed;03/02/2026 23:50;
7798;2042;onboarding_completed;03/02/2026 23:51;
7799;2042;lesson_start;03/02/2026 23:52;101.0
7800;2042;quiz_completed;03/02/2026 23:55;101.0
7801;2042;streak_extended;05/02/2026 01:55;102.0
7802;2042;streak_extended;06/02/2026 00:55;103.0
7803;2042;streak_extended;08/02/2026 21:55;106.0
7804;2043;app_open;24/03/2026 01:51;
7805;2043;signup_completed;24/03/2026 01:53;
7806;2043;onboarding_completed;24/03/2026 01:56;
7807;2043;lesson_start;24/03/2026 01:57;101.0
7808;2043;quiz_completed;24/03/2026 02:03;101.0
7809;2043;streak_extended;25/03/2026 03:03;102.0
7810;2043;streak_extended;27/03/2026 01:03;104.0
7811;2044;app_open;24/02/2026 00:11;
7812;2045;app_open;05/02/2026 16:28;
7813;2045;signup_completed;05/02/2026 16:29;
7814;2046;app_open;12/01/2026 03:42;
7815;2046;signup_completed;12/01/2026 03:43;
7816;2046;onboarding_completed;12/01/2026 03:45;
7817;2046;lesson_start;12/01/2026 03:46;101.0
7818;2047;app_open;16/03/2026 00:59;
7819;2047;signup_completed;16/03/2026 01:01;
7820;2048;app_open;28/01/2026 01:06;
7821;2048;signup_completed;28/01/2026 01:07;
7822;2048;onboarding_completed;28/01/2026 01:08;
7823;2048;lesson_start;28/01/2026 01:10;101.0
7824;2048;quiz_completed;28/01/2026 01:14;101.0
7825;2048;streak_extended;29/01/2026 01:14;102.0
7826;2048;streak_extended;10/02/2026 23:14;115.0
7827;2049;app_open;25/02/2026 17:44;
7828;2049;signup_completed;25/02/2026 17:46;
7829;2050;app_open;22/01/2026 22:59;
7830;2050;signup_completed;22/01/2026 23:00;
7831;2050;onboarding_completed;22/01/2026 23:02;
7832;2050;lesson_start;22/01/2026 23:03;101.0
7833;2050;quiz_completed;22/01/2026 23:09;101.0
7834;2050;streak_extended;23/01/2026 21:09;102.0
7835;2050;streak_extended;22/02/2026 00:09;131.0
7836;2051;app_open;20/03/2026 08:57;
7837;2051;signup_completed;20/03/2026 08:58;
7838;2051;onboarding_completed;20/03/2026 09:02;
7839;2052;app_open;11/02/2026 15:54;
7840;2052;signup_completed;11/02/2026 15:56;
7841;2052;onboarding_completed;11/02/2026 15:59;
7842;2053;app_open;24/03/2026 01:21;
7843;2053;signup_completed;24/03/2026 01:22;
7844;2054;app_open;24/02/2026 11:08;
7845;2054;signup_completed;24/02/2026 11:10;
7846;2054;onboarding_completed;24/02/2026 11:13;
7847;2054;lesson_start;24/02/2026 11:15;101.0
7848;2055;app_open;16/03/2026 12:14;
7849;2055;signup_completed;16/03/2026 12:16;
7850;2055;onboarding_completed;16/03/2026 12:19;
7851;2055;lesson_start;16/03/2026 12:19;101.0
7852;2055;quiz_completed;16/03/2026 12:27;101.0
7853;2055;streak_extended;17/03/2026 14:27;102.0
7854;2055;streak_extended;21/03/2026 14:27;106.0
7855;2056;app_open;21/03/2026 11:04;
7856;2056;signup_completed;21/03/2026 11:05;
7857;2056;onboarding_completed;21/03/2026 11:10;
7858;2056;lesson_start;21/03/2026 11:10;101.0
7859;2056;quiz_completed;21/03/2026 11:14;101.0
7860;2056;streak_extended;22/03/2026 12:14;102.0
7861;2056;streak_extended;23/03/2026 13:14;103.0
7862;2056;streak_extended;24/03/2026 09:14;104.0
7863;2056;streak_extended;28/03/2026 11:14;108.0
7864;2057;app_open;02/03/2026 08:43;
7865;2057;signup_completed;02/03/2026 08:44;
7866;2058;app_open;01/03/2026 13:43;
7867;2058;signup_completed;01/03/2026 13:44;
7868;2058;onboarding_completed;01/03/2026 13:45;
7869;2058;lesson_start;01/03/2026 13:45;101.0
7870;2059;app_open;07/03/2026 12:48;
7871;2060;app_open;04/03/2026 09:35;
7872;2060;signup_completed;04/03/2026 09:36;
7873;2061;app_open;24/02/2026 01:17;
7874;2061;signup_completed;24/02/2026 01:19;
7875;2061;onboarding_completed;24/02/2026 01:21;
7876;2062;app_open;03/01/2026 13:10;
7877;2062;signup_completed;03/01/2026 13:12;
7878;2062;onboarding_completed;03/01/2026 13:16;
7879;2062;lesson_start;03/01/2026 13:17;101.0
7880;2062;quiz_completed;03/01/2026 13:23;101.0
7881;2062;streak_extended;04/01/2026 12:23;102.0
7882;2062;streak_extended;06/01/2026 15:23;104.0
7883;2062;streak_extended;08/01/2026 11:23;106.0
7884;2063;app_open;01/03/2026 03:03;
7885;2063;signup_completed;01/03/2026 03:04;
7886;2063;onboarding_completed;01/03/2026 03:08;
7887;2064;app_open;05/03/2026 20:51;
7888;2064;signup_completed;05/03/2026 20:53;
7889;2064;onboarding_completed;05/03/2026 20:54;
7890;2065;app_open;22/03/2026 12:47;
7891;2065;signup_completed;22/03/2026 12:48;
7892;2065;onboarding_completed;22/03/2026 12:50;
7893;2065;lesson_start;22/03/2026 12:51;101.0
7894;2065;quiz_completed;22/03/2026 12:58;101.0
7895;2065;streak_extended;23/03/2026 12:58;102.0
7896;2065;streak_extended;24/03/2026 10:58;103.0
7897;2065;streak_extended;25/03/2026 14:58;104.0
7898;2065;streak_extended;27/03/2026 14:58;106.0
7899;2065;streak_extended;29/03/2026 12:58;108.0
7900;2065;streak_extended;21/04/2026 14:58;131.0
7901;2066;app_open;09/03/2026 07:54;
7902;2066;signup_completed;09/03/2026 07:54;
7903;2066;onboarding_completed;09/03/2026 07:57;
7904;2066;lesson_start;09/03/2026 07:59;101.0
7905;2067;app_open;26/01/2026 23:11;
7906;2067;signup_completed;26/01/2026 23:12;
7907;2067;onboarding_completed;26/01/2026 23:14;
7908;2068;app_open;03/01/2026 19:27;
7909;2068;signup_completed;03/01/2026 19:29;
7910;2069;app_open;18/01/2026 12:23;
7911;2069;signup_completed;18/01/2026 12:25;
7912;2069;onboarding_completed;18/01/2026 12:30;
7913;2070;app_open;27/01/2026 12:45;
7914;2070;signup_completed;27/01/2026 12:46;
7915;2070;onboarding_completed;27/01/2026 12:49;
7916;2070;lesson_start;27/01/2026 12:51;101.0
7917;2070;quiz_completed;27/01/2026 12:55;101.0
7918;2070;streak_extended;30/01/2026 11:55;104.0
7919;2070;streak_extended;03/02/2026 14:55;108.0
7920;2071;app_open;10/03/2026 05:24;
7921;2071;signup_completed;10/03/2026 05:25;
7922;2071;onboarding_completed;10/03/2026 05:30;
7923;2071;lesson_start;10/03/2026 05:31;101.0
7924;2071;quiz_completed;10/03/2026 05:35;101.0
7925;2071;streak_extended;11/03/2026 07:35;102.0
7926;2071;streak_extended;12/03/2026 03:35;103.0
7927;2071;streak_extended;24/03/2026 03:35;115.0
7928;2072;app_open;16/03/2026 00:32;
7929;2072;signup_completed;16/03/2026 00:33;
7930;2072;onboarding_completed;16/03/2026 00:35;
7931;2073;app_open;30/01/2026 23:59;
7932;2073;signup_completed;31/01/2026 00:00;
7933;2073;onboarding_completed;31/01/2026 00:04;
7934;2073;lesson_start;31/01/2026 00:04;101.0
7935;2073;quiz_completed;31/01/2026 00:07;101.0
7936;2073;streak_extended;05/02/2026 01:07;106.0
7937;2074;app_open;02/02/2026 23:50;
7938;2074;signup_completed;02/02/2026 23:52;
7939;2074;onboarding_completed;02/02/2026 23:54;
7940;2074;lesson_start;02/02/2026 23:55;101.0
7941;2074;quiz_completed;03/02/2026 00:00;101.0
7942;2074;streak_extended;05/02/2026 02:00;103.0
7943;2075;app_open;04/02/2026 01:56;
7944;2075;signup_completed;04/02/2026 01:58;
7945;2075;onboarding_completed;04/02/2026 02:01;
7946;2076;app_open;01/01/2026 14:13;
7947;2076;signup_completed;01/01/2026 14:14;
7948;2077;app_open;18/01/2026 14:42;
7949;2077;signup_completed;18/01/2026 14:43;
7950;2078;app_open;26/03/2026 10:55;
7951;2079;app_open;14/01/2026 21:48;
7952;2079;signup_completed;14/01/2026 21:49;
7953;2080;app_open;24/02/2026 23:37;
7954;2080;signup_completed;24/02/2026 23:38;
7955;2080;onboarding_completed;24/02/2026 23:40;
7956;2080;lesson_start;24/02/2026 23:41;101.0
7957;2081;app_open;05/03/2026 19:43;
7958;2081;signup_completed;05/03/2026 19:44;
7959;2081;onboarding_completed;05/03/2026 19:46;
7960;2081;lesson_start;05/03/2026 19:47;101.0
7961;2081;quiz_completed;05/03/2026 19:53;101.0
7962;2081;streak_extended;06/03/2026 21:53;102.0
7963;2081;streak_extended;04/04/2026 19:53;131.0
7964;2082;app_open;08/02/2026 21:53;
7965;2083;app_open;07/01/2026 18:08;
7966;2083;signup_completed;07/01/2026 18:10;
7967;2083;onboarding_completed;07/01/2026 18:13;
7968;2083;lesson_start;07/01/2026 18:15;101.0
7969;2084;app_open;14/01/2026 18:35;
7970;2084;signup_completed;14/01/2026 18:37;
7971;2084;onboarding_completed;14/01/2026 18:40;
7972;2084;lesson_start;14/01/2026 18:41;101.0
7973;2084;quiz_completed;14/01/2026 18:45;101.0
7974;2084;streak_extended;15/01/2026 18:45;102.0
7975;2084;streak_extended;16/01/2026 17:45;103.0
7976;2084;streak_extended;21/01/2026 19:45;108.0
7977;2085;app_open;13/03/2026 22:34;
7978;2085;signup_completed;13/03/2026 22:36;
7979;2085;onboarding_completed;13/03/2026 22:38;
7980;2085;lesson_start;13/03/2026 22:39;101.0
7981;2085;quiz_completed;13/03/2026 22:47;101.0
7982;2085;streak_extended;14/03/2026 20:47;102.0
7983;2085;streak_extended;27/03/2026 23:47;115.0
7984;2086;app_open;03/03/2026 11:23;
7985;2086;signup_completed;03/03/2026 11:24;
7986;2086;onboarding_completed;03/03/2026 11:27;
7987;2086;lesson_start;03/03/2026 11:28;101.0
7988;2086;quiz_completed;03/03/2026 11:32;101.0
7989;2087;app_open;03/01/2026 23:26;
7990;2087;signup_completed;03/01/2026 23:28;
7991;2088;app_open;09/01/2026 21:48;
7992;2088;signup_completed;09/01/2026 21:49;
7993;2088;onboarding_completed;09/01/2026 21:51;
7994;2088;lesson_start;09/01/2026 21:51;101.0
7995;2088;quiz_completed;09/01/2026 21:57;101.0
7996;2088;streak_extended;11/01/2026 21:57;103.0
7997;2088;streak_extended;14/01/2026 20:57;106.0
7998;2089;app_open;14/03/2026 10:33;
7999;2089;signup_completed;14/03/2026 10:35;
8000;2090;app_open;21/02/2026 12:06;
8001;2091;app_open;21/01/2026 21:17;
8002;2091;signup_completed;21/01/2026 21:18;
8003;2091;onboarding_completed;21/01/2026 21:23;
8004;2091;lesson_start;21/01/2026 21:24;101.0
8005;2091;quiz_completed;21/01/2026 21:28;101.0
8006;2091;streak_extended;22/01/2026 19:28;102.0
8007;2091;streak_extended;23/01/2026 20:28;103.0
8008;2092;app_open;06/02/2026 12:35;
8009;2092;signup_completed;06/02/2026 12:37;
8010;2092;onboarding_completed;06/02/2026 12:40;
8011;2092;lesson_start;06/02/2026 12:42;101.0
8012;2092;quiz_completed;06/02/2026 12:49;101.0
8013;2093;app_open;10/02/2026 18:16;
8014;2093;signup_completed;10/02/2026 18:17;
8015;2094;app_open;14/02/2026 01:04;
8016;2094;signup_completed;14/02/2026 01:04;
8017;2094;onboarding_completed;14/02/2026 01:07;
8018;2094;lesson_start;14/02/2026 01:09;101.0
8019;2094;quiz_completed;14/02/2026 01:14;101.0
8020;2094;streak_extended;16/02/2026 03:14;103.0
8021;2094;streak_extended;17/02/2026 01:14;104.0
8022;2095;app_open;03/02/2026 02:20;
8023;2095;signup_completed;03/02/2026 02:22;
8024;2096;app_open;16/01/2026 06:47;
8025;2096;signup_completed;16/01/2026 06:48;
8026;2096;onboarding_completed;16/01/2026 06:51;
8027;2097;app_open;05/02/2026 22:17;
8028;2097;signup_completed;05/02/2026 22:18;
8029;2098;app_open;31/01/2026 06:10;
8030;2098;signup_completed;31/01/2026 06:11;
8031;2098;onboarding_completed;31/01/2026 06:13;
8032;2099;app_open;12/03/2026 01:26;
8033;2099;signup_completed;12/03/2026 01:27;
8034;2100;app_open;01/02/2026 11:52;
8035;2100;signup_completed;01/02/2026 11:53;
8036;2100;onboarding_completed;01/02/2026 11:55;
8037;2100;lesson_start;01/02/2026 11:55;101.0
8038;2100;quiz_completed;01/02/2026 12:03;101.0
8039;2100;streak_extended;02/02/2026 14:03;102.0
8040;2100;streak_extended;03/02/2026 10:03;103.0
8041;2100;streak_extended;03/03/2026 14:03;131.0
8042;2101;app_open;17/03/2026 10:09;
8043;2101;signup_completed;17/03/2026 10:10;
8044;2101;onboarding_completed;17/03/2026 10:12;
8045;2102;app_open;25/02/2026 02:35;
8046;2102;signup_completed;25/02/2026 02:36;
8047;2102;onboarding_completed;25/02/2026 02:40;
8048;2103;app_open;27/02/2026 21:18;
8049;2103;signup_completed;27/02/2026 21:19;
8050;2103;onboarding_completed;27/02/2026 21:22;
8051;2104;app_open;09/01/2026 05:57;
8052;2104;signup_completed;09/01/2026 05:59;
8053;2105;app_open;27/03/2026 18:20;
8054;2105;signup_completed;27/03/2026 18:21;
8055;2105;onboarding_completed;27/03/2026 18:23;
8056;2105;lesson_start;27/03/2026 18:24;101.0
8057;2106;app_open;06/01/2026 02:35;
8058;2106;signup_completed;06/01/2026 02:36;
8059;2106;onboarding_completed;06/01/2026 02:38;
8060;2106;lesson_start;06/01/2026 02:39;101.0
8061;2107;app_open;16/01/2026 02:31;
8062;2107;signup_completed;16/01/2026 02:32;
8063;2108;app_open;16/01/2026 06:47;
8064;2108;signup_completed;16/01/2026 06:48;
8065;2109;app_open;15/03/2026 05:57;
8066;2109;signup_completed;15/03/2026 05:58;
8067;2109;onboarding_completed;15/03/2026 06:00;
8068;2109;lesson_start;15/03/2026 06:00;101.0
8069;2109;quiz_completed;15/03/2026 06:08;101.0
8070;2109;streak_extended;17/03/2026 05:08;103.0
8071;2109;streak_extended;18/03/2026 04:08;104.0
8072;2109;streak_extended;20/03/2026 04:08;106.0
8073;2110;app_open;01/03/2026 23:40;
8074;2110;signup_completed;01/03/2026 23:40;
8075;2110;onboarding_completed;01/03/2026 23:41;
8076;2111;app_open;05/01/2026 19:57;
8077;2112;app_open;07/03/2026 10:27;
8078;2112;signup_completed;07/03/2026 10:29;
8079;2112;onboarding_completed;07/03/2026 10:31;
8080;2112;lesson_start;07/03/2026 10:31;101.0
8081;2112;quiz_completed;07/03/2026 10:37;101.0
8082;2112;streak_extended;08/03/2026 09:37;102.0
8083;2112;streak_extended;10/03/2026 10:37;104.0
8084;2113;app_open;08/01/2026 22:05;
8085;2114;app_open;27/01/2026 10:02;
8086;2114;signup_completed;27/01/2026 10:04;
8087;2114;onboarding_completed;27/01/2026 10:09;
8088;2114;lesson_start;27/01/2026 10:09;101.0
8089;2114;quiz_completed;27/01/2026 10:16;101.0
8090;2114;streak_extended;28/01/2026 11:16;102.0
8091;2114;streak_extended;29/01/2026 09:16;103.0
8092;2114;streak_extended;03/02/2026 08:16;108.0
8093;2115;app_open;13/02/2026 00:31;
8094;2115;signup_completed;13/02/2026 00:33;
8095;2115;onboarding_completed;13/02/2026 00:35;
8096;2115;lesson_start;13/02/2026 00:36;101.0
8097;2116;app_open;06/03/2026 06:25;
8098;2116;signup_completed;06/03/2026 06:26;
8099;2116;onboarding_completed;06/03/2026 06:29;
8100;2116;lesson_start;06/03/2026 06:31;101.0
8101;2116;quiz_completed;06/03/2026 06:35;101.0
8102;2116;streak_extended;07/03/2026 08:35;102.0
8103;2116;streak_extended;08/03/2026 05:35;103.0
8104;2116;streak_extended;13/03/2026 08:35;108.0
8105;2117;app_open;11/02/2026 04:01;
8106;2117;signup_completed;11/02/2026 04:03;
8107;2118;app_open;17/02/2026 03:40;
8108;2118;signup_completed;17/02/2026 03:41;
8109;2118;onboarding_completed;17/02/2026 03:45;
8110;2118;lesson_start;17/02/2026 03:46;101.0
8111;2118;quiz_completed;17/02/2026 03:50;101.0
8112;2118;streak_extended;18/02/2026 02:50;102.0
8113;2118;streak_extended;20/02/2026 05:50;104.0
8114;2118;streak_extended;22/02/2026 05:50;106.0
8115;2119;app_open;28/02/2026 22:35;
8116;2120;app_open;12/02/2026 22:02;
8117;2120;signup_completed;12/02/2026 22:04;
8118;2120;onboarding_completed;12/02/2026 22:07;
8119;2120;lesson_start;12/02/2026 22:09;101.0
8120;2120;quiz_completed;12/02/2026 22:15;101.0
8121;2120;streak_extended;26/02/2026 23:15;115.0
8122;2121;app_open;10/02/2026 05:07;
8123;2121;signup_completed;10/02/2026 05:08;
8124;2121;onboarding_completed;10/02/2026 05:10;
8125;2122;app_open;27/01/2026 12:31;
8126;2122;signup_completed;27/01/2026 12:32;
8127;2123;app_open;21/01/2026 22:18;
8128;2123;signup_completed;21/01/2026 22:20;
8129;2123;onboarding_completed;21/01/2026 22:24;
8130;2124;app_open;15/03/2026 07:08;
8131;2124;signup_completed;15/03/2026 07:09;
8132;2124;onboarding_completed;15/03/2026 07:11;
8133;2125;app_open;19/02/2026 17:51;
8134;2125;signup_completed;19/02/2026 17:53;
8135;2126;app_open;12/01/2026 01:12;
8136;2127;app_open;03/02/2026 12:18;
8137;2127;signup_completed;03/02/2026 12:19;
8138;2127;onboarding_completed;03/02/2026 12:20;
8139;2127;lesson_start;03/02/2026 12:22;101.0
8140;2128;app_open;11/02/2026 17:46;
8141;2128;signup_completed;11/02/2026 17:47;
8142;2129;app_open;11/01/2026 18:23;
8143;2129;signup_completed;11/01/2026 18:24;
8144;2129;onboarding_completed;11/01/2026 18:26;
8145;2129;lesson_start;11/01/2026 18:28;101.0
8146;2129;quiz_completed;11/01/2026 18:31;101.0
8147;2129;streak_extended;16/01/2026 17:31;106.0
8148;2130;app_open;28/01/2026 12:00;
8149;2130;signup_completed;28/01/2026 12:01;
8150;2130;onboarding_completed;28/01/2026 12:04;
8151;2130;lesson_start;28/01/2026 12:06;101.0
8152;2131;app_open;07/03/2026 20:21;
8153;2131;signup_completed;07/03/2026 20:22;
8154;2131;onboarding_completed;07/03/2026 20:26;
8155;2131;lesson_start;07/03/2026 20:28;101.0
8156;2132;app_open;07/03/2026 20:59;
8157;2132;signup_completed;07/03/2026 21:00;
8158;2132;onboarding_completed;07/03/2026 21:01;
8159;2132;lesson_start;07/03/2026 21:02;101.0
8160;2132;quiz_completed;07/03/2026 21:06;101.0
8161;2132;streak_extended;08/03/2026 23:06;102.0
8162;2132;streak_extended;09/03/2026 22:06;103.0
8163;2132;streak_extended;21/03/2026 23:06;115.0
8164;2133;app_open;27/02/2026 14:06;
8165;2133;signup_completed;27/02/2026 14:08;
8166;2133;onboarding_completed;27/02/2026 14:09;
8167;2134;app_open;17/02/2026 05:56;
8168;2134;signup_completed;17/02/2026 05:58;
8169;2135;app_open;21/02/2026 03:50;
8170;2135;signup_completed;21/02/2026 03:51;
8171;2135;onboarding_completed;21/02/2026 03:53;
8172;2136;app_open;06/03/2026 18:31;
8173;2136;signup_completed;06/03/2026 18:32;
8174;2136;onboarding_completed;06/03/2026 18:35;
8175;2136;lesson_start;06/03/2026 18:37;101.0
8176;2136;quiz_completed;06/03/2026 18:42;101.0
8177;2136;streak_extended;11/03/2026 19:42;106.0
8178;2136;streak_extended;20/03/2026 16:42;115.0
8179;2137;app_open;30/01/2026 22:40;
8180;2137;signup_completed;30/01/2026 22:40;
8181;2137;onboarding_completed;30/01/2026 22:41;
8182;2137;lesson_start;30/01/2026 22:42;101.0
8183;2137;quiz_completed;30/01/2026 22:49;101.0
8184;2137;streak_extended;01/02/2026 23:49;103.0
8185;2138;app_open;05/01/2026 09:49;
8186;2139;app_open;22/01/2026 09:50;
8187;2139;signup_completed;22/01/2026 09:52;
8188;2140;app_open;08/02/2026 09:01;
8189;2140;signup_completed;08/02/2026 09:02;
8190;2140;onboarding_completed;08/02/2026 09:04;
8191;2141;app_open;28/02/2026 04:31;
8192;2141;signup_completed;28/02/2026 04:32;
8193;2141;onboarding_completed;28/02/2026 04:35;
8194;2142;app_open;06/01/2026 07:39;
8195;2142;signup_completed;06/01/2026 07:39;
8196;2142;onboarding_completed;06/01/2026 07:43;
8197;2143;app_open;01/01/2026 17:54;
8198;2143;signup_completed;01/01/2026 17:56;
8199;2143;onboarding_completed;01/01/2026 17:57;
8200;2143;lesson_start;01/01/2026 17:58;101.0
8201;2143;quiz_completed;01/01/2026 18:05;101.0
8202;2143;streak_extended;02/01/2026 17:05;102.0
8203;2143;streak_extended;03/01/2026 19:05;103.0
8204;2143;streak_extended;06/01/2026 18:05;106.0
8205;2144;app_open;20/01/2026 20:20;
8206;2144;signup_completed;20/01/2026 20:21;
8207;2145;app_open;30/01/2026 06:21;
8208;2145;signup_completed;30/01/2026 06:22;
8209;2145;onboarding_completed;30/01/2026 06:24;
8210;2145;lesson_start;30/01/2026 06:25;101.0
8211;2146;app_open;21/01/2026 12:12;
8212;2146;signup_completed;21/01/2026 12:13;
8213;2146;onboarding_completed;21/01/2026 12:16;
8214;2147;app_open;16/03/2026 12:03;
8215;2147;signup_completed;16/03/2026 12:05;
8216;2147;onboarding_completed;16/03/2026 12:09;
8217;2148;app_open;14/01/2026 07:46;
8218;2148;signup_completed;14/01/2026 07:48;
8219;2148;onboarding_completed;14/01/2026 07:50;
8220;2149;app_open;16/03/2026 04:37;
8221;2149;signup_completed;16/03/2026 04:39;
8222;2149;onboarding_completed;16/03/2026 04:43;
8223;2149;lesson_start;16/03/2026 04:43;101.0
8224;2149;quiz_completed;16/03/2026 04:49;101.0
8225;2150;app_open;25/01/2026 19:24;
8226;2150;signup_completed;25/01/2026 19:26;
8227;2150;onboarding_completed;25/01/2026 19:29;
8228;2150;lesson_start;25/01/2026 19:30;101.0
8229;2150;quiz_completed;25/01/2026 19:34;101.0
8230;2150;streak_extended;27/01/2026 18:34;103.0
8231;2150;streak_extended;28/01/2026 19:34;104.0
8232;2151;app_open;29/01/2026 02:27;
8233;2151;signup_completed;29/01/2026 02:28;
8234;2152;app_open;01/02/2026 20:34;
8235;2152;signup_completed;01/02/2026 20:36;
8236;2153;app_open;12/01/2026 15:35;
8237;2153;signup_completed;12/01/2026 15:36;
8238;2153;onboarding_completed;12/01/2026 15:40;
8239;2153;lesson_start;12/01/2026 15:41;101.0
8240;2154;app_open;01/01/2026 18:00;
8241;2154;signup_completed;01/01/2026 18:01;
8242;2154;onboarding_completed;01/01/2026 18:06;
8243;2155;app_open;18/02/2026 06:59;
8244;2155;signup_completed;18/02/2026 07:00;
8245;2155;onboarding_completed;18/02/2026 07:02;
8246;2155;lesson_start;18/02/2026 07:03;101.0
8247;2155;quiz_completed;18/02/2026 07:09;101.0
8248;2155;streak_extended;19/02/2026 09:09;102.0
8249;2156;app_open;14/03/2026 12:40;
8250;2156;signup_completed;14/03/2026 12:41;
8251;2156;onboarding_completed;14/03/2026 12:44;
8252;2157;app_open;11/02/2026 19:29;
8253;2157;signup_completed;11/02/2026 19:31;
8254;2158;app_open;18/01/2026 01:23;
8255;2159;app_open;13/01/2026 13:01;
8256;2160;app_open;06/02/2026 21:56;
8257;2160;signup_completed;06/02/2026 21:57;
8258;2161;app_open;21/02/2026 17:00;
8259;2161;signup_completed;21/02/2026 17:01;
8260;2161;onboarding_completed;21/02/2026 17:04;
8261;2162;app_open;10/03/2026 07:40;
8262;2162;signup_completed;10/03/2026 07:41;
8263;2162;onboarding_completed;10/03/2026 07:46;
8264;2162;lesson_start;10/03/2026 07:46;101.0
8265;2163;app_open;23/01/2026 08:11;
8266;2163;signup_completed;23/01/2026 08:13;
8267;2164;app_open;18/02/2026 13:41;
8268;2164;signup_completed;18/02/2026 13:42;
8269;2164;onboarding_completed;18/02/2026 13:46;
8270;2164;lesson_start;18/02/2026 13:47;101.0
8271;2164;quiz_completed;18/02/2026 13:53;101.0
8272;2164;streak_extended;19/02/2026 13:53;102.0
8273;2164;streak_extended;20/02/2026 13:53;103.0
8274;2165;app_open;24/02/2026 05:55;
8275;2165;signup_completed;24/02/2026 05:56;
8276;2166;app_open;22/03/2026 21:51;
8277;2166;signup_completed;22/03/2026 21:52;
8278;2166;onboarding_completed;22/03/2026 21:53;
8279;2166;lesson_start;22/03/2026 21:54;101.0
8280;2166;quiz_completed;22/03/2026 22:01;101.0
8281;2166;streak_extended;23/03/2026 20:01;102.0
8282;2166;streak_extended;24/03/2026 20:01;103.0
8283;2167;app_open;06/03/2026 20:39;
8284;2167;signup_completed;06/03/2026 20:41;
8285;2167;onboarding_completed;06/03/2026 20:46;
8286;2168;app_open;20/03/2026 06:34;
8287;2168;signup_completed;20/03/2026 06:35;
8288;2168;onboarding_completed;20/03/2026 06:40;
8289;2169;app_open;04/02/2026 09:16;
8290;2169;signup_completed;04/02/2026 09:17;
8291;2169;onboarding_completed;04/02/2026 09:21;
8292;2169;lesson_start;04/02/2026 09:23;101.0
8293;2169;quiz_completed;04/02/2026 09:30;101.0
8294;2169;streak_extended;05/02/2026 10:30;102.0
8295;2169;streak_extended;06/02/2026 08:30;103.0
8296;2170;app_open;07/01/2026 23:56;
8297;2170;signup_completed;07/01/2026 23:57;
8298;2170;onboarding_completed;08/01/2026 00:00;
8299;2170;lesson_start;08/01/2026 00:01;101.0
8300;2170;quiz_completed;08/01/2026 00:07;101.0
8301;2170;streak_extended;09/01/2026 23:07;103.0
8302;2170;streak_extended;12/01/2026 22:07;106.0
8303;2170;streak_extended;22/01/2026 00:07;115.0
8304;2171;app_open;08/02/2026 13:14;
8305;2171;signup_completed;08/02/2026 13:16;
8306;2171;onboarding_completed;08/02/2026 13:21;
8307;2172;app_open;25/03/2026 16:03;
8308;2172;signup_completed;25/03/2026 16:04;
8309;2172;onboarding_completed;25/03/2026 16:06;
8310;2172;lesson_start;25/03/2026 16:06;101.0
8311;2172;quiz_completed;25/03/2026 16:11;101.0
8312;2172;streak_extended;27/03/2026 15:11;103.0
8313;2172;streak_extended;28/03/2026 15:11;104.0
8314;2172;streak_extended;30/03/2026 14:11;106.0
8315;2173;app_open;14/03/2026 01:04;
8316;2173;signup_completed;14/03/2026 01:05;
8317;2174;app_open;05/01/2026 02:34;
8318;2174;signup_completed;05/01/2026 02:36;
8319;2174;onboarding_completed;05/01/2026 02:39;
8320;2175;app_open;12/02/2026 08:27;
8321;2176;app_open;02/01/2026 19:40;
8322;2176;signup_completed;02/01/2026 19:41;
8323;2176;onboarding_completed;02/01/2026 19:43;
8324;2176;lesson_start;02/01/2026 19:44;101.0
8325;2176;quiz_completed;02/01/2026 19:50;101.0
8326;2176;streak_extended;03/01/2026 17:50;102.0
8327;2176;streak_extended;05/01/2026 20:50;104.0
8328;2177;app_open;14/02/2026 15:18;
8329;2177;signup_completed;14/02/2026 15:20;
8330;2177;onboarding_completed;14/02/2026 15:25;
8331;2177;lesson_start;14/02/2026 15:25;101.0
8332;2177;quiz_completed;14/02/2026 15:32;101.0
8333;2177;streak_extended;15/02/2026 17:32;102.0
8334;2177;streak_extended;16/02/2026 17:32;103.0
8335;2177;streak_extended;19/02/2026 15:32;106.0
8336;2178;app_open;08/01/2026 13:25;
8337;2178;signup_completed;08/01/2026 13:26;
8338;2179;app_open;25/03/2026 16:51;
8339;2179;signup_completed;25/03/2026 16:52;
8340;2179;onboarding_completed;25/03/2026 16:54;
8341;2179;lesson_start;25/03/2026 16:54;101.0
8342;2179;quiz_completed;25/03/2026 16:58;101.0
8343;2180;app_open;31/01/2026 09:29;
8344;2180;signup_completed;31/01/2026 09:29;
8345;2181;app_open;25/02/2026 21:36;
8346;2181;signup_completed;25/02/2026 21:37;
8347;2181;onboarding_completed;25/02/2026 21:40;
8348;2181;lesson_start;25/02/2026 21:41;101.0
8349;2181;quiz_completed;25/02/2026 21:49;101.0
8350;2181;streak_extended;26/02/2026 23:49;102.0
8351;2181;streak_extended;02/03/2026 19:49;106.0
8352;2182;app_open;11/02/2026 16:18;
8353;2182;signup_completed;11/02/2026 16:20;
8354;2183;app_open;25/02/2026 16:07;
8355;2183;signup_completed;25/02/2026 16:08;
8356;2184;app_open;09/02/2026 06:22;
8357;2184;signup_completed;09/02/2026 06:23;
8358;2184;onboarding_completed;09/02/2026 06:25;
8359;2184;lesson_start;09/02/2026 06:26;101.0
8360;2185;app_open;10/03/2026 21:15;
8361;2186;app_open;04/03/2026 03:38;
8362;2187;app_open;10/02/2026 13:17;
8363;2188;app_open;29/01/2026 02:37;
8364;2188;signup_completed;29/01/2026 02:37;
8365;2189;app_open;12/01/2026 04:22;
8366;2189;signup_completed;12/01/2026 04:24;
8367;2189;onboarding_completed;12/01/2026 04:27;
8368;2189;lesson_start;12/01/2026 04:28;101.0
8369;2189;quiz_completed;12/01/2026 04:36;101.0
8370;2189;streak_extended;13/01/2026 03:36;102.0
8371;2189;streak_extended;14/01/2026 04:36;103.0
8372;2190;app_open;09/02/2026 07:47;
8373;2190;signup_completed;09/02/2026 07:49;
8374;2190;onboarding_completed;09/02/2026 07:52;
8375;2190;lesson_start;09/02/2026 07:53;101.0
8376;2191;app_open;03/01/2026 00:35;
8377;2191;signup_completed;03/01/2026 00:36;
8378;2191;onboarding_completed;03/01/2026 00:40;
8379;2191;lesson_start;03/01/2026 00:41;101.0
8380;2191;quiz_completed;03/01/2026 00:48;101.0
8381;2191;streak_extended;03/01/2026 23:48;102.0
8382;2191;streak_extended;05/01/2026 00:48;103.0
8383;2191;streak_extended;06/01/2026 02:48;104.0
8384;2192;app_open;01/02/2026 12:45;
8385;2192;signup_completed;01/02/2026 12:47;
8386;2192;onboarding_completed;01/02/2026 12:52;
8387;2192;lesson_start;01/02/2026 12:53;101.0
8388;2192;quiz_completed;01/02/2026 13:00;101.0
8389;2192;streak_extended;04/02/2026 14:00;104.0
8390;2193;app_open;17/01/2026 16:29;
8391;2193;signup_completed;17/01/2026 16:30;
8392;2193;onboarding_completed;17/01/2026 16:34;
8393;2193;lesson_start;17/01/2026 16:34;101.0
8394;2194;app_open;19/03/2026 19:12;
8395;2194;signup_completed;19/03/2026 19:14;
8396;2194;onboarding_completed;19/03/2026 19:18;
8397;2194;lesson_start;19/03/2026 19:18;101.0
8398;2194;quiz_completed;19/03/2026 19:24;101.0
8399;2194;streak_extended;20/03/2026 19:24;102.0
8400;2194;streak_extended;21/03/2026 17:24;103.0
8401;2195;app_open;02/03/2026 00:20;
8402;2195;signup_completed;02/03/2026 00:21;
8403;2195;onboarding_completed;02/03/2026 00:25;
8404;2195;lesson_start;02/03/2026 00:25;101.0
8405;2195;quiz_completed;02/03/2026 00:30;101.0
8406;2195;streak_extended;02/03/2026 23:30;102.0
8407;2195;streak_extended;05/03/2026 01:30;104.0
8408;2195;streak_extended;06/03/2026 22:30;106.0
8409;2195;streak_extended;08/03/2026 22:30;108.0
8410;2196;app_open;14/02/2026 16:06;
8411;2196;signup_completed;14/02/2026 16:07;
8412;2197;app_open;22/03/2026 18:45;
8413;2197;signup_completed;22/03/2026 18:47;
8414;2197;onboarding_completed;22/03/2026 18:50;
8415;2197;lesson_start;22/03/2026 18:51;101.0
8416;2197;quiz_completed;22/03/2026 18:58;101.0
8417;2197;streak_extended;23/03/2026 16:58;102.0
8418;2197;streak_extended;24/03/2026 19:58;103.0
8419;2197;streak_extended;27/03/2026 20:58;106.0
8420;2198;app_open;08/03/2026 22:54;
8421;2198;signup_completed;08/03/2026 22:55;
8422;2198;onboarding_completed;08/03/2026 22:57;
8423;2199;app_open;05/02/2026 03:10;
8424;2200;app_open;09/01/2026 13:21;
8425;2200;signup_completed;09/01/2026 13:22;
8426;2200;onboarding_completed;09/01/2026 13:25;
8427;2200;lesson_start;09/01/2026 13:27;101.0
8428;2200;quiz_completed;09/01/2026 13:32;101.0
8429;2200;streak_extended;23/01/2026 11:32;115.0
8430;2201;app_open;12/02/2026 09:36;
8431;2201;signup_completed;12/02/2026 09:37;
8432;2201;onboarding_completed;12/02/2026 09:41;
8433;2202;app_open;23/03/2026 23:47;
8434;2202;signup_completed;23/03/2026 23:49;
8435;2202;onboarding_completed;23/03/2026 23:51;
8436;2202;lesson_start;23/03/2026 23:51;101.0
8437;2202;quiz_completed;23/03/2026 23:59;101.0
8438;2202;streak_extended;24/03/2026 21:59;102.0
8439;2203;app_open;11/01/2026 06:40;
8440;2204;app_open;24/01/2026 14:58;
8441;2204;signup_completed;24/01/2026 14:58;
8442;2204;onboarding_completed;24/01/2026 15:01;
8443;2205;app_open;12/02/2026 07:11;
8444;2205;signup_completed;12/02/2026 07:13;
8445;2205;onboarding_completed;12/02/2026 07:16;
8446;2206;app_open;27/02/2026 04:10;
8447;2206;signup_completed;27/02/2026 04:11;
8448;2206;onboarding_completed;27/02/2026 04:14;
8449;2206;lesson_start;27/02/2026 04:15;101.0
8450;2207;app_open;08/02/2026 21:06;
8451;2207;signup_completed;08/02/2026 21:07;
8452;2207;onboarding_completed;08/02/2026 21:10;
8453;2207;lesson_start;08/02/2026 21:10;101.0
8454;2207;quiz_completed;08/02/2026 21:16;101.0
8455;2207;streak_extended;09/02/2026 22:16;102.0
8456;2207;streak_extended;10/02/2026 21:16;103.0
8457;2207;streak_extended;15/02/2026 22:16;108.0
8458;2208;app_open;20/02/2026 20:55;
8459;2208;signup_completed;20/02/2026 20:56;
8460;2208;onboarding_completed;20/02/2026 20:58;
8461;2209;app_open;08/01/2026 15:15;
8462;2209;signup_completed;08/01/2026 15:16;
8463;2209;onboarding_completed;08/01/2026 15:20;
8464;2209;lesson_start;08/01/2026 15:21;101.0
8465;2209;quiz_completed;08/01/2026 15:27;101.0
8466;2209;streak_extended;09/01/2026 13:27;102.0
8467;2209;streak_extended;10/01/2026 15:27;103.0
8468;2209;streak_extended;11/01/2026 17:27;104.0
8469;2209;streak_extended;13/01/2026 16:27;106.0
8470;2210;app_open;08/02/2026 10:12;
8471;2210;signup_completed;08/02/2026 10:13;
8472;2210;onboarding_completed;08/02/2026 10:18;
8473;2210;lesson_start;08/02/2026 10:20;101.0
8474;2210;quiz_completed;08/02/2026 10:28;101.0
8475;2211;app_open;26/03/2026 12:28;
8476;2211;signup_completed;26/03/2026 12:29;
8477;2211;onboarding_completed;26/03/2026 12:31;
8478;2212;app_open;31/01/2026 02:59;
8479;2212;signup_completed;31/01/2026 03:00;
8480;2212;onboarding_completed;31/01/2026 03:03;
8481;2212;lesson_start;31/01/2026 03:04;101.0
8482;2212;quiz_completed;31/01/2026 03:09;101.0
8483;2212;streak_extended;03/02/2026 05:09;104.0
8484;2212;streak_extended;07/02/2026 03:09;108.0
8485;2213;app_open;14/03/2026 09:51;
8486;2213;signup_completed;14/03/2026 09:53;
8487;2214;app_open;02/02/2026 23:07;
8488;2214;signup_completed;02/02/2026 23:08;
8489;2214;onboarding_completed;02/02/2026 23:09;
8490;2214;lesson_start;02/02/2026 23:10;101.0
8491;2214;quiz_completed;02/02/2026 23:17;101.0
8492;2214;streak_extended;05/02/2026 01:17;103.0
8493;2215;app_open;22/01/2026 12:18;
8494;2215;signup_completed;22/01/2026 12:19;
8495;2215;onboarding_completed;22/01/2026 12:20;
8496;2216;app_open;02/02/2026 08:06;
8497;2216;signup_completed;02/02/2026 08:07;
8498;2216;onboarding_completed;02/02/2026 08:11;
8499;2216;lesson_start;02/02/2026 08:13;101.0
8500;2216;quiz_completed;02/02/2026 08:17;101.0
8501;2216;streak_extended;03/02/2026 08:17;102.0
8502;2216;streak_extended;07/02/2026 09:17;106.0
8503;2217;app_open;17/03/2026 15:28;
8504;2217;signup_completed;17/03/2026 15:29;
8505;2217;onboarding_completed;17/03/2026 15:30;
8506;2217;lesson_start;17/03/2026 15:31;101.0
8507;2217;quiz_completed;17/03/2026 15:36;101.0
8508;2217;streak_extended;18/03/2026 13:36;102.0
8509;2217;streak_extended;19/03/2026 17:36;103.0
8510;2217;streak_extended;20/03/2026 13:36;104.0
8511;2217;streak_extended;24/03/2026 15:36;108.0
8512;2217;streak_extended;31/03/2026 13:36;115.0
8513;2218;app_open;17/01/2026 07:46;
8514;2218;signup_completed;17/01/2026 07:47;
8515;2219;app_open;08/01/2026 09:58;
8516;2219;signup_completed;08/01/2026 10:00;
8517;2219;onboarding_completed;08/01/2026 10:02;
8518;2219;lesson_start;08/01/2026 10:04;101.0
8519;2219;quiz_completed;08/01/2026 10:11;101.0
8520;2220;app_open;19/02/2026 13:30;
8521;2220;signup_completed;19/02/2026 13:32;
8522;2220;onboarding_completed;19/02/2026 13:33;
8523;2220;lesson_start;19/02/2026 13:34;101.0
8524;2220;quiz_completed;19/02/2026 13:39;101.0
8525;2220;streak_extended;20/02/2026 12:39;102.0
8526;2220;streak_extended;24/02/2026 12:39;106.0
8527;2221;app_open;03/03/2026 11:31;
8528;2221;signup_completed;03/03/2026 11:33;
8529;2221;onboarding_completed;03/03/2026 11:34;
8530;2222;app_open;12/01/2026 01:42;
8531;2222;signup_completed;12/01/2026 01:43;
8532;2222;onboarding_completed;12/01/2026 01:45;
8533;2222;lesson_start;12/01/2026 01:47;101.0
8534;2222;quiz_completed;12/01/2026 01:52;101.0
8535;2222;streak_extended;13/01/2026 02:52;102.0
8536;2223;app_open;21/02/2026 12:23;
8537;2223;signup_completed;21/02/2026 12:24;
8538;2223;onboarding_completed;21/02/2026 12:28;
8539;2224;app_open;19/02/2026 12:16;
8540;2225;app_open;19/01/2026 19:49;
8541;2225;signup_completed;19/01/2026 19:51;
8542;2226;app_open;29/03/2026 22:57;
8543;2226;signup_completed;29/03/2026 22:58;
8544;2226;onboarding_completed;29/03/2026 23:01;
8545;2227;app_open;17/03/2026 08:44;
8546;2227;signup_completed;17/03/2026 08:46;
8547;2227;onboarding_completed;17/03/2026 08:50;
8548;2228;app_open;03/02/2026 22:06;
8549;2228;signup_completed;03/02/2026 22:07;
8550;2228;onboarding_completed;03/02/2026 22:09;
8551;2228;lesson_start;03/02/2026 22:09;101.0
8552;2228;quiz_completed;03/02/2026 22:15;101.0
8553;2228;streak_extended;04/02/2026 21:15;102.0
8554;2228;streak_extended;10/02/2026 21:15;108.0
8555;2229;app_open;04/02/2026 02:07;
8556;2229;signup_completed;04/02/2026 02:08;
8557;2229;onboarding_completed;04/02/2026 02:11;
8558;2230;app_open;12/03/2026 14:54;
8559;2230;signup_completed;12/03/2026 14:55;
8560;2230;onboarding_completed;12/03/2026 14:57;
8561;2230;lesson_start;12/03/2026 14:57;101.0
8562;2230;quiz_completed;12/03/2026 15:02;101.0
8563;2230;streak_extended;13/03/2026 13:02;102.0
8564;2230;streak_extended;14/03/2026 16:02;103.0
8565;2230;streak_extended;17/03/2026 14:02;106.0
8566;2231;app_open;21/03/2026 12:17;
8567;2231;signup_completed;21/03/2026 12:18;
8568;2231;onboarding_completed;21/03/2026 12:22;
8569;2232;app_open;04/03/2026 15:59;
8570;2232;signup_completed;04/03/2026 16:00;
8571;2233;app_open;21/03/2026 03:10;
8572;2233;signup_completed;21/03/2026 03:10;
8573;2233;onboarding_completed;21/03/2026 03:13;
8574;2233;lesson_start;21/03/2026 03:14;101.0
8575;2233;quiz_completed;21/03/2026 03:20;101.0
8576;2233;streak_extended;23/03/2026 01:20;103.0
8577;2233;streak_extended;24/03/2026 03:20;104.0
8578;2233;streak_extended;26/03/2026 01:20;106.0
8579;2234;app_open;15/01/2026 08:08;
8580;2234;signup_completed;15/01/2026 08:09;
8581;2235;app_open;23/01/2026 22:32;
8582;2235;signup_completed;23/01/2026 22:33;
8583;2235;onboarding_completed;23/01/2026 22:37;
8584;2236;app_open;10/01/2026 23:33;
8585;2236;signup_completed;10/01/2026 23:33;
8586;2236;onboarding_completed;10/01/2026 23:35;
8587;2236;lesson_start;10/01/2026 23:37;101.0
8588;2236;quiz_completed;10/01/2026 23:40;101.0
8589;2236;streak_extended;11/01/2026 22:40;102.0
8590;2236;streak_extended;15/01/2026 21:40;106.0
8591;2236;streak_extended;25/01/2026 00:40;115.0
8592;2237;app_open;15/01/2026 05:14;
8593;2237;signup_completed;15/01/2026 05:16;
8594;2237;onboarding_completed;15/01/2026 05:20;
8595;2238;app_open;25/01/2026 20:26;
8596;2238;signup_completed;25/01/2026 20:28;
8597;2238;onboarding_completed;25/01/2026 20:32;
8598;2238;lesson_start;25/01/2026 20:34;101.0
8599;2238;quiz_completed;25/01/2026 20:38;101.0
8600;2238;streak_extended;30/01/2026 20:38;106.0
8601;2238;streak_extended;01/02/2026 20:38;108.0
8602;2239;app_open;20/01/2026 03:40;
8603;2239;signup_completed;20/01/2026 03:42;
8604;2239;onboarding_completed;20/01/2026 03:45;
8605;2239;lesson_start;20/01/2026 03:46;101.0
8606;2239;quiz_completed;20/01/2026 03:49;101.0
8607;2239;streak_extended;21/01/2026 03:49;102.0
8608;2240;app_open;17/01/2026 20:16;
8609;2240;signup_completed;17/01/2026 20:17;
8610;2241;app_open;28/02/2026 11:41;
8611;2241;signup_completed;28/02/2026 11:42;
8612;2242;app_open;15/01/2026 20:12;
8613;2242;signup_completed;15/01/2026 20:14;
8614;2242;onboarding_completed;15/01/2026 20:18;
8615;2243;app_open;15/03/2026 19:25;
8616;2243;signup_completed;15/03/2026 19:26;
8617;2243;onboarding_completed;15/03/2026 19:28;
8618;2243;lesson_start;15/03/2026 19:28;101.0
8619;2243;quiz_completed;15/03/2026 19:35;101.0
8620;2243;streak_extended;17/03/2026 19:35;103.0
8621;2243;streak_extended;14/04/2026 17:35;131.0
8622;2244;app_open;15/03/2026 16:57;
8623;2244;signup_completed;15/03/2026 16:57;
8624;2245;app_open;05/03/2026 15:26;
8625;2245;signup_completed;05/03/2026 15:28;
8626;2245;onboarding_completed;05/03/2026 15:32;
8627;2246;app_open;08/01/2026 07:35;
8628;2246;signup_completed;08/01/2026 07:36;
8629;2246;onboarding_completed;08/01/2026 07:40;
8630;2247;app_open;18/01/2026 04:46;
8631;2247;signup_completed;18/01/2026 04:47;
8632;2247;onboarding_completed;18/01/2026 04:51;
8633;2248;app_open;17/03/2026 00:51;
8634;2248;signup_completed;17/03/2026 00:53;
8635;2248;onboarding_completed;17/03/2026 00:55;
8636;2248;lesson_start;17/03/2026 00:56;101.0
8637;2249;app_open;02/03/2026 23:13;
8638;2249;signup_completed;02/03/2026 23:14;
8639;2249;onboarding_completed;02/03/2026 23:17;
8640;2249;lesson_start;02/03/2026 23:17;101.0
8641;2249;quiz_completed;02/03/2026 23:23;101.0
8642;2249;streak_extended;03/03/2026 21:23;102.0
8643;2249;streak_extended;05/03/2026 00:23;103.0
8644;2250;app_open;17/02/2026 23:22;
8645;2251;app_open;15/02/2026 01:05;
8646;2252;app_open;15/03/2026 05:59;
8647;2252;signup_completed;15/03/2026 05:59;
8648;2252;onboarding_completed;15/03/2026 06:04;
8649;2252;lesson_start;15/03/2026 06:04;101.0
8650;2252;quiz_completed;15/03/2026 06:11;101.0
8651;2252;streak_extended;18/03/2026 08:11;104.0
8652;2252;streak_extended;14/04/2026 07:11;131.0
8653;2253;app_open;24/02/2026 17:35;
8654;2253;signup_completed;24/02/2026 17:36;
8655;2253;onboarding_completed;24/02/2026 17:39;
8656;2254;app_open;15/03/2026 18:38;
8657;2254;signup_completed;15/03/2026 18:40;
8658;2254;onboarding_completed;15/03/2026 18:41;
8659;2255;app_open;26/02/2026 06:15;
8660;2255;signup_completed;26/02/2026 06:16;
8661;2256;app_open;13/02/2026 14:01;
8662;2256;signup_completed;13/02/2026 14:02;
8663;2256;onboarding_completed;13/02/2026 14:07;
8664;2256;lesson_start;13/02/2026 14:08;101.0
8665;2256;quiz_completed;13/02/2026 14:13;101.0
8666;2256;streak_extended;14/02/2026 16:13;102.0
8667;2256;streak_extended;18/02/2026 15:13;106.0
8668;2257;app_open;08/03/2026 03:09;
8669;2257;signup_completed;08/03/2026 03:10;
8670;2257;onboarding_completed;08/03/2026 03:11;
8671;2257;lesson_start;08/03/2026 03:12;101.0
8672;2257;quiz_completed;08/03/2026 03:16;101.0
8673;2257;streak_extended;09/03/2026 05:16;102.0
8674;2257;streak_extended;10/03/2026 03:16;103.0
8675;2257;streak_extended;15/03/2026 03:16;108.0
8676;2257;streak_extended;22/03/2026 03:16;115.0
8677;2258;app_open;27/03/2026 15:19;
8678;2259;app_open;24/02/2026 19:21;
8679;2259;signup_completed;24/02/2026 19:22;
8680;2259;onboarding_completed;24/02/2026 19:26;
8681;2259;lesson_start;24/02/2026 19:27;101.0
8682;2259;quiz_completed;24/02/2026 19:35;101.0
8683;2259;streak_extended;25/02/2026 20:35;102.0
8684;2259;streak_extended;26/02/2026 18:35;103.0
8685;2259;streak_extended;01/03/2026 21:35;106.0
8686;2260;app_open;04/03/2026 10:16;
8687;2260;signup_completed;04/03/2026 10:18;
8688;2260;onboarding_completed;04/03/2026 10:21;
8689;2260;lesson_start;04/03/2026 10:23;101.0
8690;2260;quiz_completed;04/03/2026 10:30;101.0
8691;2260;streak_extended;05/03/2026 09:30;102.0
8692;2260;streak_extended;06/03/2026 08:30;103.0
8693;2260;streak_extended;07/03/2026 12:30;104.0
8694;2260;streak_extended;11/03/2026 10:30;108.0
8695;2261;app_open;03/03/2026 16:21;
8696;2261;signup_completed;03/03/2026 16:21;
8697;2261;onboarding_completed;03/03/2026 16:25;
8698;2261;lesson_start;03/03/2026 16:27;101.0
8699;2261;quiz_completed;03/03/2026 16:32;101.0
8700;2261;streak_extended;05/03/2026 16:32;103.0
8701;2261;streak_extended;10/03/2026 16:32;108.0
8702;2262;app_open;02/03/2026 15:14;
8703;2262;signup_completed;02/03/2026 15:16;
8704;2262;onboarding_completed;02/03/2026 15:18;
8705;2262;lesson_start;02/03/2026 15:18;101.0
8706;2262;quiz_completed;02/03/2026 15:26;101.0
8707;2262;streak_extended;03/03/2026 15:26;102.0
8708;2262;streak_extended;04/03/2026 17:26;103.0
8709;2262;streak_extended;05/03/2026 15:26;104.0
8710;2263;app_open;01/02/2026 09:07;
8711;2263;signup_completed;01/02/2026 09:09;
8712;2263;onboarding_completed;01/02/2026 09:14;
8713;2263;lesson_start;01/02/2026 09:15;101.0
8714;2263;quiz_completed;01/02/2026 09:22;101.0
8715;2263;streak_extended;02/02/2026 09:22;102.0
8716;2264;app_open;25/03/2026 21:50;
8717;2264;signup_completed;25/03/2026 21:51;
8718;2264;onboarding_completed;25/03/2026 21:55;
8719;2264;lesson_start;25/03/2026 21:56;101.0
8720;2264;quiz_completed;25/03/2026 22:00;101.0
8721;2264;streak_extended;30/03/2026 20:00;106.0
8722;2264;streak_extended;01/04/2026 20:00;108.0
8723;2264;streak_extended;24/04/2026 22:00;131.0
8724;2265;app_open;02/03/2026 21:31;
8725;2265;signup_completed;02/03/2026 21:32;
8726;2265;onboarding_completed;02/03/2026 21:36;
8727;2266;app_open;31/01/2026 16:39;
8728;2266;signup_completed;31/01/2026 16:40;
8729;2267;app_open;15/01/2026 15:45;
8730;2268;app_open;12/02/2026 16:43;
8731;2268;signup_completed;12/02/2026 16:45;
8732;2269;app_open;07/01/2026 15:07;
8733;2269;signup_completed;07/01/2026 15:08;
8734;2269;onboarding_completed;07/01/2026 15:13;
8735;2270;app_open;15/02/2026 12:39;
8736;2270;signup_completed;15/02/2026 12:41;
8737;2271;app_open;12/02/2026 22:25;
8738;2271;signup_completed;12/02/2026 22:27;
8739;2271;onboarding_completed;12/02/2026 22:30;
8740;2271;lesson_start;12/02/2026 22:32;101.0
8741;2271;quiz_completed;12/02/2026 22:40;101.0
8742;2271;streak_extended;13/02/2026 21:40;102.0
8743;2271;streak_extended;17/02/2026 21:40;106.0
8744;2271;streak_extended;26/02/2026 22:40;115.0
8745;2272;app_open;03/03/2026 07:14;
8746;2272;signup_completed;03/03/2026 07:15;
8747;2272;onboarding_completed;03/03/2026 07:19;
8748;2272;lesson_start;03/03/2026 07:19;101.0
8749;2272;quiz_completed;03/03/2026 07:22;101.0
8750;2272;streak_extended;04/03/2026 06:22;102.0
8751;2272;streak_extended;05/03/2026 09:22;103.0
8752;2272;streak_extended;10/03/2026 07:22;108.0
8753;2273;app_open;30/01/2026 09:37;
8754;2273;signup_completed;30/01/2026 09:39;
8755;2273;onboarding_completed;30/01/2026 09:43;
8756;2273;lesson_start;30/01/2026 09:44;101.0
8757;2273;quiz_completed;30/01/2026 09:51;101.0
8758;2273;streak_extended;31/01/2026 10:51;102.0
8759;2273;streak_extended;01/02/2026 10:51;103.0
8760;2274;app_open;19/03/2026 07:34;
8761;2274;signup_completed;19/03/2026 07:36;
8762;2274;onboarding_completed;19/03/2026 07:39;
8763;2275;app_open;27/01/2026 16:02;
8764;2275;signup_completed;27/01/2026 16:03;
8765;2275;onboarding_completed;27/01/2026 16:06;
8766;2275;lesson_start;27/01/2026 16:07;101.0
8767;2275;quiz_completed;27/01/2026 16:13;101.0
8768;2276;app_open;27/02/2026 10:06;
8769;2276;signup_completed;27/02/2026 10:07;
8770;2276;onboarding_completed;27/02/2026 10:09;
8771;2277;app_open;06/01/2026 10:53;
8772;2277;signup_completed;06/01/2026 10:54;
8773;2277;onboarding_completed;06/01/2026 10:57;
8774;2277;lesson_start;06/01/2026 10:58;101.0
8775;2277;quiz_completed;06/01/2026 11:03;101.0
8776;2277;streak_extended;08/01/2026 13:03;103.0
8777;2277;streak_extended;13/01/2026 10:03;108.0
8778;2278;app_open;04/02/2026 04:05;
8779;2278;signup_completed;04/02/2026 04:06;
8780;2278;onboarding_completed;04/02/2026 04:10;
8781;2279;app_open;19/02/2026 06:10;
8782;2279;signup_completed;19/02/2026 06:12;
8783;2279;onboarding_completed;19/02/2026 06:17;
8784;2279;lesson_start;19/02/2026 06:18;101.0
8785;2279;quiz_completed;19/02/2026 06:21;101.0
8786;2279;streak_extended;20/02/2026 06:21;102.0
8787;2279;streak_extended;22/02/2026 08:21;104.0
8788;2280;app_open;08/01/2026 04:52;
8789;2280;signup_completed;08/01/2026 04:53;
8790;2280;onboarding_completed;08/01/2026 04:56;
8791;2281;app_open;31/01/2026 03:18;
8792;2281;signup_completed;31/01/2026 03:19;
8793;2281;onboarding_completed;31/01/2026 03:22;
8794;2282;app_open;14/02/2026 19:56;
8795;2282;signup_completed;14/02/2026 19:57;
8796;2282;onboarding_completed;14/02/2026 20:01;
8797;2283;app_open;13/02/2026 21:02;
8798;2283;signup_completed;13/02/2026 21:03;
8799;2283;onboarding_completed;13/02/2026 21:07;
8800;2283;lesson_start;13/02/2026 21:09;101.0
8801;2284;app_open;04/01/2026 15:37;
8802;2284;signup_completed;04/01/2026 15:39;
8803;2284;onboarding_completed;04/01/2026 15:43;
8804;2285;app_open;06/01/2026 12:33;
8805;2285;signup_completed;06/01/2026 12:35;
8806;2286;app_open;05/02/2026 19:13;
8807;2286;signup_completed;05/02/2026 19:14;
8808;2286;onboarding_completed;05/02/2026 19:15;
8809;2286;lesson_start;05/02/2026 19:17;101.0
8810;2286;quiz_completed;05/02/2026 19:24;101.0
8811;2286;streak_extended;06/02/2026 18:24;102.0
8812;2286;streak_extended;07/02/2026 18:24;103.0
8813;2286;streak_extended;19/02/2026 20:24;115.0
8814;2287;app_open;22/03/2026 17:59;
8815;2287;signup_completed;22/03/2026 18:01;
8816;2288;app_open;28/01/2026 20:56;
8817;2288;signup_completed;28/01/2026 20:57;
8818;2288;onboarding_completed;28/01/2026 20:58;
8819;2289;app_open;08/01/2026 10:47;
8820;2289;signup_completed;08/01/2026 10:49;
8821;2290;app_open;04/03/2026 14:10;
8822;2290;signup_completed;04/03/2026 14:12;
8823;2290;onboarding_completed;04/03/2026 14:15;
8824;2290;lesson_start;04/03/2026 14:16;101.0
8825;2290;quiz_completed;04/03/2026 14:23;101.0
8826;2290;streak_extended;05/03/2026 15:23;102.0
8827;2290;streak_extended;06/03/2026 14:23;103.0
8828;2291;app_open;25/03/2026 21:50;
8829;2291;signup_completed;25/03/2026 21:52;
8830;2292;app_open;25/03/2026 00:58;
8831;2292;signup_completed;25/03/2026 00:59;
8832;2292;onboarding_completed;25/03/2026 01:01;
8833;2292;lesson_start;25/03/2026 01:02;101.0
8834;2292;quiz_completed;25/03/2026 01:08;101.0
8835;2292;streak_extended;26/03/2026 03:08;102.0
8836;2292;streak_extended;24/04/2026 01:08;131.0
8837;2293;app_open;09/01/2026 18:24;
8838;2293;signup_completed;09/01/2026 18:26;
8839;2293;onboarding_completed;09/01/2026 18:29;
8840;2293;lesson_start;09/01/2026 18:30;101.0
8841;2294;app_open;01/03/2026 17:04;
8842;2294;signup_completed;01/03/2026 17:05;
8843;2294;onboarding_completed;01/03/2026 17:10;
8844;2295;app_open;27/02/2026 16:18;
8845;2295;signup_completed;27/02/2026 16:19;
8846;2296;app_open;19/02/2026 05:33;
8847;2296;signup_completed;19/02/2026 05:34;
8848;2296;onboarding_completed;19/02/2026 05:38;
8849;2297;app_open;07/02/2026 07:54;
8850;2297;signup_completed;07/02/2026 07:56;
8851;2297;onboarding_completed;07/02/2026 07:59;
8852;2298;app_open;14/02/2026 22:11;
8853;2298;signup_completed;14/02/2026 22:12;
8854;2299;app_open;26/02/2026 08:15;
8855;2299;signup_completed;26/02/2026 08:17;
8856;2299;onboarding_completed;26/02/2026 08:19;
8857;2300;app_open;23/02/2026 19:39;
8858;2300;signup_completed;23/02/2026 19:40;
8859;2300;onboarding_completed;23/02/2026 19:44;
8860;2301;app_open;18/03/2026 21:04;
8861;2301;signup_completed;18/03/2026 21:05;
8862;2301;onboarding_completed;18/03/2026 21:08;
8863;2301;lesson_start;18/03/2026 21:10;101.0
8864;2302;app_open;13/03/2026 17:48;
8865;2302;signup_completed;13/03/2026 17:49;
8866;2302;onboarding_completed;13/03/2026 17:54;
8867;2302;lesson_start;13/03/2026 17:55;101.0
8868;2303;app_open;28/03/2026 23:32;
8869;2303;signup_completed;28/03/2026 23:33;
8870;2304;app_open;04/01/2026 23:35;
8871;2304;signup_completed;04/01/2026 23:36;
8872;2304;onboarding_completed;04/01/2026 23:38;
8873;2305;app_open;13/02/2026 15:57;
8874;2305;signup_completed;13/02/2026 15:58;
8875;2305;onboarding_completed;13/02/2026 16:03;
8876;2306;app_open;30/03/2026 06:14;
8877;2306;signup_completed;30/03/2026 06:16;
8878;2306;onboarding_completed;30/03/2026 06:21;
8879;2307;app_open;20/03/2026 15:00;
8880;2307;signup_completed;20/03/2026 15:01;
8881;2307;onboarding_completed;20/03/2026 15:03;
8882;2308;app_open;25/02/2026 12:03;
8883;2308;signup_completed;25/02/2026 12:04;
8884;2309;app_open;05/03/2026 06:53;
8885;2309;signup_completed;05/03/2026 06:54;
8886;2309;onboarding_completed;05/03/2026 06:58;
8887;2309;lesson_start;05/03/2026 06:59;101.0
8888;2309;quiz_completed;05/03/2026 07:02;101.0
8889;2309;streak_extended;08/03/2026 05:02;104.0
8890;2309;streak_extended;10/03/2026 06:02;106.0
8891;2310;app_open;19/01/2026 06:37;
8892;2310;signup_completed;19/01/2026 06:38;
8893;2310;onboarding_completed;19/01/2026 06:40;
8894;2310;lesson_start;19/01/2026 06:42;101.0
8895;2311;app_open;01/02/2026 05:12;
8896;2311;signup_completed;01/02/2026 05:13;
8897;2311;onboarding_completed;01/02/2026 05:16;
8898;2311;lesson_start;01/02/2026 05:17;101.0
8899;2312;app_open;28/02/2026 17:45;
8900;2312;signup_completed;28/02/2026 17:47;
8901;2313;app_open;16/02/2026 04:17;
8902;2313;signup_completed;16/02/2026 04:18;
8903;2313;onboarding_completed;16/02/2026 04:23;
8904;2313;lesson_start;16/02/2026 04:24;101.0
8905;2313;quiz_completed;16/02/2026 04:31;101.0
8906;2313;streak_extended;17/02/2026 05:31;102.0
8907;2313;streak_extended;19/02/2026 03:31;104.0
8908;2313;streak_extended;21/02/2026 02:31;106.0
8909;2314;app_open;18/02/2026 16:16;
8910;2314;signup_completed;18/02/2026 16:17;
8911;2315;app_open;15/01/2026 15:31;
8912;2315;signup_completed;15/01/2026 15:33;
8913;2315;onboarding_completed;15/01/2026 15:35;
8914;2315;lesson_start;15/01/2026 15:36;101.0
8915;2315;quiz_completed;15/01/2026 15:42;101.0
8916;2315;streak_extended;16/01/2026 14:42;102.0
8917;2315;streak_extended;18/01/2026 13:42;104.0
8918;2316;app_open;07/01/2026 00:10;
8919;2316;signup_completed;07/01/2026 00:11;
8920;2317;app_open;13/02/2026 17:47;
8921;2317;signup_completed;13/02/2026 17:48;
8922;2317;onboarding_completed;13/02/2026 17:50;
8923;2318;app_open;11/01/2026 01:10;
8924;2318;signup_completed;11/01/2026 01:12;
8925;2318;onboarding_completed;11/01/2026 01:16;
8926;2318;lesson_start;11/01/2026 01:16;101.0
8927;2318;quiz_completed;11/01/2026 01:20;101.0
8928;2318;streak_extended;13/01/2026 02:20;103.0
8929;2318;streak_extended;14/01/2026 00:20;104.0
8930;2318;streak_extended;25/01/2026 01:20;115.0
8931;2319;app_open;20/03/2026 17:41;
8932;2319;signup_completed;20/03/2026 17:42;
8933;2319;onboarding_completed;20/03/2026 17:45;
8934;2319;lesson_start;20/03/2026 17:47;101.0
8935;2319;quiz_completed;20/03/2026 17:53;101.0
8936;2319;streak_extended;21/03/2026 19:53;102.0
8937;2319;streak_extended;23/03/2026 17:53;104.0
8938;2319;streak_extended;25/03/2026 17:53;106.0
8939;2319;streak_extended;27/03/2026 15:53;108.0
8940;2320;app_open;29/03/2026 07:07;
8941;2320;signup_completed;29/03/2026 07:07;
8942;2320;onboarding_completed;29/03/2026 07:08;
8943;2320;lesson_start;29/03/2026 07:09;101.0
8944;2320;quiz_completed;29/03/2026 07:12;101.0
8945;2320;streak_extended;30/03/2026 09:12;102.0
8946;2320;streak_extended;31/03/2026 08:12;103.0
8947;2321;app_open;23/03/2026 07:13;
8948;2321;signup_completed;23/03/2026 07:14;
8949;2321;onboarding_completed;23/03/2026 07:18;
8950;2322;app_open;03/02/2026 08:16;
8951;2322;signup_completed;03/02/2026 08:17;
8952;2322;onboarding_completed;03/02/2026 08:21;
8953;2323;app_open;11/03/2026 08:28;
8954;2323;signup_completed;11/03/2026 08:30;
8955;2323;onboarding_completed;11/03/2026 08:34;
8956;2324;app_open;09/01/2026 04:30;
8957;2324;signup_completed;09/01/2026 04:31;
8958;2324;onboarding_completed;09/01/2026 04:35;
8959;2325;app_open;18/02/2026 23:41;
8960;2325;signup_completed;18/02/2026 23:42;
8961;2325;onboarding_completed;18/02/2026 23:45;
8962;2325;lesson_start;18/02/2026 23:45;101.0
8963;2325;quiz_completed;18/02/2026 23:50;101.0
8964;2325;streak_extended;19/02/2026 21:50;102.0
8965;2325;streak_extended;22/02/2026 01:50;104.0
8966;2325;streak_extended;21/03/2026 00:50;131.0
8967;2326;app_open;04/03/2026 17:35;
8968;2326;signup_completed;04/03/2026 17:35;
8969;2327;app_open;17/01/2026 18:05;
8970;2327;signup_completed;17/01/2026 18:06;
8971;2328;app_open;04/01/2026 19:12;
8972;2328;signup_completed;04/01/2026 19:13;
8973;2328;onboarding_completed;04/01/2026 19:16;
8974;2329;app_open;25/01/2026 01:17;
8975;2329;signup_completed;25/01/2026 01:18;
8976;2329;onboarding_completed;25/01/2026 01:20;
8977;2329;lesson_start;25/01/2026 01:21;101.0
8978;2329;quiz_completed;25/01/2026 01:28;101.0
8979;2329;streak_extended;26/01/2026 00:28;102.0
8980;2329;streak_extended;24/02/2026 03:28;131.0
8981;2330;app_open;10/03/2026 16:52;
8982;2330;signup_completed;10/03/2026 16:53;
8983;2330;onboarding_completed;10/03/2026 16:56;
8984;2330;lesson_start;10/03/2026 16:57;101.0
8985;2331;app_open;12/02/2026 12:03;
8986;2331;signup_completed;12/02/2026 12:04;
8987;2331;onboarding_completed;12/02/2026 12:07;
8988;2332;app_open;12/02/2026 15:55;
8989;2332;signup_completed;12/02/2026 15:56;
8990;2332;onboarding_completed;12/02/2026 15:58;
8991;2333;app_open;20/02/2026 21:10;
8992;2333;signup_completed;20/02/2026 21:11;
8993;2333;onboarding_completed;20/02/2026 21:14;
8994;2333;lesson_start;20/02/2026 21:15;101.0
8995;2333;quiz_completed;20/02/2026 21:22;101.0
8996;2333;streak_extended;21/02/2026 21:22;102.0
8997;2333;streak_extended;22/02/2026 23:22;103.0
8998;2333;streak_extended;06/03/2026 23:22;115.0
8999;2334;app_open;20/02/2026 18:05;
9000;2334;signup_completed;20/02/2026 18:06;
9001;2334;onboarding_completed;20/02/2026 18:09;
9002;2335;app_open;01/03/2026 04:56;
9003;2335;signup_completed;01/03/2026 04:58;
9004;2335;onboarding_completed;01/03/2026 05:00;
9005;2335;lesson_start;01/03/2026 05:00;101.0
9006;2335;quiz_completed;01/03/2026 05:07;101.0
9007;2335;streak_extended;03/03/2026 05:07;103.0
9008;2335;streak_extended;04/03/2026 05:07;104.0
9009;2336;app_open;16/01/2026 09:54;
9010;2336;signup_completed;16/01/2026 09:56;
9011;2336;onboarding_completed;16/01/2026 09:59;
9012;2336;lesson_start;16/01/2026 10:00;101.0
9013;2336;quiz_completed;16/01/2026 10:06;101.0
9014;2336;streak_extended;19/01/2026 12:06;104.0
9015;2337;app_open;05/02/2026 07:56;
9016;2337;signup_completed;05/02/2026 07:57;
9017;2337;onboarding_completed;05/02/2026 07:58;
9018;2337;lesson_start;05/02/2026 07:59;101.0
9019;2337;quiz_completed;05/02/2026 08:07;101.0
9020;2338;app_open;06/02/2026 04:48;
9021;2338;signup_completed;06/02/2026 04:49;
9022;2339;app_open;28/01/2026 11:11;
9023;2339;signup_completed;28/01/2026 11:12;
9024;2340;app_open;07/02/2026 14:44;
9025;2340;signup_completed;07/02/2026 14:45;
9026;2341;app_open;09/02/2026 16:30;
9027;2341;signup_completed;09/02/2026 16:31;
9028;2342;app_open;17/03/2026 04:38;
9029;2342;signup_completed;17/03/2026 04:39;
9030;2343;app_open;02/02/2026 20:27;
9031;2343;signup_completed;02/02/2026 20:28;
9032;2344;app_open;07/03/2026 21:56;
9033;2344;signup_completed;07/03/2026 21:57;
9034;2344;onboarding_completed;07/03/2026 22:01;
9035;2344;lesson_start;07/03/2026 22:02;101.0
9036;2344;quiz_completed;07/03/2026 22:09;101.0
9037;2344;streak_extended;09/03/2026 20:09;103.0
9038;2344;streak_extended;06/04/2026 22:09;131.0
9039;2345;app_open;28/02/2026 01:10;
9040;2345;signup_completed;28/02/2026 01:11;
9041;2345;onboarding_completed;28/02/2026 01:14;
9042;2346;app_open;06/01/2026 02:01;
9043;2346;signup_completed;06/01/2026 02:02;
9044;2346;onboarding_completed;06/01/2026 02:04;
9045;2347;app_open;18/03/2026 15:01;
9046;2347;signup_completed;18/03/2026 15:03;
9047;2347;onboarding_completed;18/03/2026 15:05;
9048;2347;lesson_start;18/03/2026 15:07;101.0
9049;2347;quiz_completed;18/03/2026 15:14;101.0
9050;2347;streak_extended;19/03/2026 14:14;102.0
9051;2348;app_open;03/03/2026 06:04;
9052;2348;signup_completed;03/03/2026 06:05;
9053;2349;app_open;04/03/2026 20:19;
9054;2349;signup_completed;04/03/2026 20:21;
9055;2349;onboarding_completed;04/03/2026 20:23;
9056;2350;app_open;02/02/2026 11:47;
9057;2350;signup_completed;02/02/2026 11:48;
9058;2350;onboarding_completed;02/02/2026 11:50;
9059;2351;app_open;07/01/2026 09:35;
9060;2351;signup_completed;07/01/2026 09:36;
9061;2352;app_open;02/02/2026 00:14;
9062;2352;signup_completed;02/02/2026 00:15;
9063;2353;app_open;10/01/2026 04:12;
9064;2353;signup_completed;10/01/2026 04:14;
9065;2354;app_open;24/02/2026 04:08;
9066;2354;signup_completed;24/02/2026 04:09;
9067;2354;onboarding_completed;24/02/2026 04:11;
9068;2354;lesson_start;24/02/2026 04:12;101.0
9069;2354;quiz_completed;24/02/2026 04:20;101.0
9070;2354;streak_extended;01/03/2026 04:20;106.0
9071;2354;streak_extended;03/03/2026 03:20;108.0
9072;2355;app_open;07/03/2026 20:44;
9073;2355;signup_completed;07/03/2026 20:44;
9074;2356;app_open;07/02/2026 12:45;
9075;2357;app_open;28/01/2026 14:06;
9076;2357;signup_completed;28/01/2026 14:08;
9077;2357;onboarding_completed;28/01/2026 14:10;
9078;2358;app_open;25/01/2026 11:11;
9079;2358;signup_completed;25/01/2026 11:12;
9080;2358;onboarding_completed;25/01/2026 11:16;
9081;2358;lesson_start;25/01/2026 11:18;101.0
9082;2358;quiz_completed;25/01/2026 11:26;101.0
9083;2358;streak_extended;26/01/2026 11:26;102.0
9084;2358;streak_extended;27/01/2026 13:26;103.0
9085;2358;streak_extended;28/01/2026 09:26;104.0
9086;2359;app_open;12/03/2026 06:25;
9087;2359;signup_completed;12/03/2026 06:26;
9088;2359;onboarding_completed;12/03/2026 06:30;
9089;2360;app_open;24/03/2026 16:17;
9090;2360;signup_completed;24/03/2026 16:18;
9091;2360;onboarding_completed;24/03/2026 16:21;
9092;2361;app_open;05/03/2026 17:54;
9093;2361;signup_completed;05/03/2026 17:55;
9094;2361;onboarding_completed;05/03/2026 17:58;
9095;2361;lesson_start;05/03/2026 17:59;101.0
9096;2362;app_open;29/03/2026 23:55;
9097;2362;signup_completed;29/03/2026 23:57;
9098;2362;onboarding_completed;29/03/2026 23:59;
9099;2363;app_open;28/02/2026 12:23;
9100;2363;signup_completed;28/02/2026 12:25;
9101;2363;onboarding_completed;28/02/2026 12:28;
9102;2364;app_open;26/03/2026 18:53;
9103;2364;signup_completed;26/03/2026 18:54;
9104;2364;onboarding_completed;26/03/2026 18:58;
9105;2364;lesson_start;26/03/2026 19:00;101.0
9106;2364;quiz_completed;26/03/2026 19:06;101.0
9107;2364;streak_extended;27/03/2026 19:06;102.0
9108;2364;streak_extended;29/03/2026 21:06;104.0
9109;2364;streak_extended;31/03/2026 19:06;106.0
9110;2365;app_open;15/01/2026 14:23;
9111;2365;signup_completed;15/01/2026 14:24;
9112;2365;onboarding_completed;15/01/2026 14:28;
9113;2365;lesson_start;15/01/2026 14:29;101.0
9114;2365;quiz_completed;15/01/2026 14:33;101.0
9115;2365;streak_extended;16/01/2026 14:33;102.0
9116;2365;streak_extended;17/01/2026 14:33;103.0
9117;2365;streak_extended;18/01/2026 14:33;104.0
9118;2365;streak_extended;22/01/2026 16:33;108.0
9119;2366;app_open;02/02/2026 08:47;
9120;2367;app_open;08/01/2026 21:54;
9121;2367;signup_completed;08/01/2026 21:55;
9122;2367;onboarding_completed;08/01/2026 21:57;
9123;2367;lesson_start;08/01/2026 21:59;101.0
9124;2367;quiz_completed;08/01/2026 22:03;101.0
9125;2367;streak_extended;09/01/2026 22:03;102.0
9126;2368;app_open;26/02/2026 13:52;
9127;2369;app_open;06/03/2026 10:19;
9128;2369;signup_completed;06/03/2026 10:21;
9129;2370;app_open;14/01/2026 17:33;
9130;2370;signup_completed;14/01/2026 17:34;
9131;2370;onboarding_completed;14/01/2026 17:38;
9132;2371;app_open;03/02/2026 23:08;
9133;2371;signup_completed;03/02/2026 23:10;
9134;2371;onboarding_completed;03/02/2026 23:14;
9135;2372;app_open;31/01/2026 02:53;
9136;2372;signup_completed;31/01/2026 02:54;
9137;2372;onboarding_completed;31/01/2026 02:58;
9138;2373;app_open;05/03/2026 16:43;
9139;2374;app_open;09/03/2026 19:34;
9140;2374;signup_completed;09/03/2026 19:35;
9141;2375;app_open;06/03/2026 06:53;
9142;2375;signup_completed;06/03/2026 06:54;
9143;2375;onboarding_completed;06/03/2026 06:58;
9144;2375;lesson_start;06/03/2026 07:00;101.0
9145;2376;app_open;08/02/2026 01:19;
9146;2376;signup_completed;08/02/2026 01:21;
9147;2376;onboarding_completed;08/02/2026 01:24;
9148;2376;lesson_start;08/02/2026 01:24;101.0
9149;2377;app_open;13/01/2026 12:28;
9150;2377;signup_completed;13/01/2026 12:30;
9151;2378;app_open;27/02/2026 18:32;
9152;2379;app_open;10/03/2026 19:42;
9153;2380;app_open;09/01/2026 05:24;
9154;2380;signup_completed;09/01/2026 05:25;
9155;2381;app_open;31/01/2026 01:22;
9156;2381;signup_completed;31/01/2026 01:23;
9157;2381;onboarding_completed;31/01/2026 01:25;
9158;2381;lesson_start;31/01/2026 01:26;101.0
9159;2381;quiz_completed;31/01/2026 01:30;101.0
9160;2381;streak_extended;01/02/2026 00:30;102.0
9161;2382;app_open;24/02/2026 06:22;
9162;2382;signup_completed;24/02/2026 06:24;
9163;2382;onboarding_completed;24/02/2026 06:29;
9164;2382;lesson_start;24/02/2026 06:29;101.0
9165;2383;app_open;06/02/2026 13:43;
9166;2383;signup_completed;06/02/2026 13:45;
9167;2384;app_open;04/03/2026 11:26;
9168;2385;app_open;18/03/2026 20:42;
9169;2385;signup_completed;18/03/2026 20:43;
9170;2386;app_open;01/02/2026 21:24;
9171;2386;signup_completed;01/02/2026 21:24;
9172;2386;onboarding_completed;01/02/2026 21:26;
9173;2386;lesson_start;01/02/2026 21:27;101.0
9174;2386;quiz_completed;01/02/2026 21:31;101.0
9175;2386;streak_extended;04/02/2026 20:31;104.0
9176;2386;streak_extended;15/02/2026 19:31;115.0
9177;2387;app_open;20/03/2026 22:51;
9178;2387;signup_completed;20/03/2026 22:52;
9179;2387;onboarding_completed;20/03/2026 22:55;
9180;2388;app_open;13/01/2026 09:46;
9181;2388;signup_completed;13/01/2026 09:47;
9182;2388;onboarding_completed;13/01/2026 09:50;
9183;2389;app_open;07/03/2026 01:29;
9184;2389;signup_completed;07/03/2026 01:30;
9185;2389;onboarding_completed;07/03/2026 01:32;
9186;2389;lesson_start;07/03/2026 01:32;101.0
9187;2390;app_open;10/03/2026 05:42;
9188;2390;signup_completed;10/03/2026 05:44;
9189;2390;onboarding_completed;10/03/2026 05:45;
9190;2391;app_open;22/03/2026 11:36;
9191;2391;signup_completed;22/03/2026 11:38;
9192;2391;onboarding_completed;22/03/2026 11:41;
9193;2392;app_open;13/03/2026 17:28;
9194;2392;signup_completed;13/03/2026 17:29;
9195;2392;onboarding_completed;13/03/2026 17:32;
9196;2392;lesson_start;13/03/2026 17:33;101.0
9197;2393;app_open;08/03/2026 13:07;
9198;2393;signup_completed;08/03/2026 13:09;
9199;2394;app_open;30/03/2026 14:09;
9200;2394;signup_completed;30/03/2026 14:11;
9201;2394;onboarding_completed;30/03/2026 14:12;
9202;2394;lesson_start;30/03/2026 14:13;101.0
9203;2395;app_open;21/02/2026 02:35;
9204;2395;signup_completed;21/02/2026 02:35;
9205;2395;onboarding_completed;21/02/2026 02:36;
9206;2395;lesson_start;21/02/2026 02:38;101.0
9207;2395;quiz_completed;21/02/2026 02:43;101.0
9208;2395;streak_extended;22/02/2026 00:43;102.0
9209;2395;streak_extended;23/02/2026 04:43;103.0
9210;2395;streak_extended;24/02/2026 01:43;104.0
9211;2395;streak_extended;07/03/2026 03:43;115.0
9212;2396;app_open;10/01/2026 01:45;
9213;2396;signup_completed;10/01/2026 01:46;
9214;2396;onboarding_completed;10/01/2026 01:49;
9215;2397;app_open;04/03/2026 17:20;
9216;2397;signup_completed;04/03/2026 17:21;
9217;2398;app_open;07/03/2026 02:16;
9218;2398;signup_completed;07/03/2026 02:17;
9219;2399;app_open;11/02/2026 02:36;
9220;2399;signup_completed;11/02/2026 02:37;
9221;2399;onboarding_completed;11/02/2026 02:39;
9222;2399;lesson_start;11/02/2026 02:39;101.0
9223;2399;quiz_completed;11/02/2026 02:47;101.0
9224;2399;streak_extended;12/02/2026 00:47;102.0
9225;2399;streak_extended;13/02/2026 03:47;103.0
9226;2399;streak_extended;16/02/2026 00:47;106.0
9227;2399;streak_extended;25/02/2026 04:47;115.0
9228;2400;app_open;19/02/2026 08:51;
9229;2400;signup_completed;19/02/2026 08:53;
9230;2400;onboarding_completed;19/02/2026 08:56;
9231;2400;lesson_start;19/02/2026 08:58;101.0
9232;2401;app_open;05/02/2026 03:07;
9233;2401;signup_completed;05/02/2026 03:08;
9234;2401;onboarding_completed;05/02/2026 03:09;
9235;2401;lesson_start;05/02/2026 03:11;101.0
9236;2401;quiz_completed;05/02/2026 03:14;101.0
9237;2401;streak_extended;08/02/2026 04:14;104.0
9238;2401;streak_extended;12/02/2026 01:14;108.0
9239;2402;app_open;02/01/2026 18:28;
9240;2402;signup_completed;02/01/2026 18:30;
9241;2403;app_open;05/02/2026 04:54;
9242;2403;signup_completed;05/02/2026 04:55;
9243;2404;app_open;30/01/2026 23:42;
9244;2404;signup_completed;30/01/2026 23:43;
9245;2404;onboarding_completed;30/01/2026 23:44;
9246;2404;lesson_start;30/01/2026 23:44;101.0
9247;2404;quiz_completed;30/01/2026 23:50;101.0
9248;2404;streak_extended;31/01/2026 21:50;102.0
9249;2404;streak_extended;02/02/2026 22:50;104.0
9250;2405;app_open;18/01/2026 12:02;
9251;2405;signup_completed;18/01/2026 12:03;
9252;2405;onboarding_completed;18/01/2026 12:06;
9253;2405;lesson_start;18/01/2026 12:06;101.0
9254;2405;quiz_completed;18/01/2026 12:14;101.0
9255;2405;streak_extended;19/01/2026 10:14;102.0
9256;2405;streak_extended;20/01/2026 10:14;103.0
9257;2406;app_open;21/01/2026 19:06;
9258;2406;signup_completed;21/01/2026 19:08;
9259;2406;onboarding_completed;21/01/2026 19:11;
9260;2406;lesson_start;21/01/2026 19:13;101.0
9261;2406;quiz_completed;21/01/2026 19:19;101.0
9262;2406;streak_extended;22/01/2026 18:19;102.0
9263;2406;streak_extended;24/01/2026 20:19;104.0
9264;2407;app_open;03/02/2026 04:17;
9265;2407;signup_completed;03/02/2026 04:18;
9266;2408;app_open;16/03/2026 09:16;
9267;2408;signup_completed;16/03/2026 09:17;
9268;2408;onboarding_completed;16/03/2026 09:20;
9269;2408;lesson_start;16/03/2026 09:20;101.0
9270;2408;quiz_completed;16/03/2026 09:24;101.0
9271;2408;streak_extended;17/03/2026 07:24;102.0
9272;2408;streak_extended;18/03/2026 11:24;103.0
9273;2408;streak_extended;23/03/2026 10:24;108.0
9274;2409;app_open;17/02/2026 05:05;
9275;2409;signup_completed;17/02/2026 05:06;
9276;2409;onboarding_completed;17/02/2026 05:11;
9277;2409;lesson_start;17/02/2026 05:12;101.0
9278;2409;quiz_completed;17/02/2026 05:19;101.0
9279;2409;streak_extended;18/02/2026 07:19;102.0
9280;2409;streak_extended;20/02/2026 06:19;104.0
9281;2409;streak_extended;24/02/2026 03:19;108.0
9282;2410;app_open;19/01/2026 15:24;
9283;2410;signup_completed;19/01/2026 15:24;
9284;2410;onboarding_completed;19/01/2026 15:26;
9285;2410;lesson_start;19/01/2026 15:28;101.0
9286;2410;quiz_completed;19/01/2026 15:32;101.0
9287;2410;streak_extended;21/01/2026 13:32;103.0
9288;2410;streak_extended;02/02/2026 15:32;115.0
9289;2410;streak_extended;18/02/2026 16:32;131.0
9290;2411;app_open;22/01/2026 23:53;
9291;2411;signup_completed;22/01/2026 23:54;
9292;2412;app_open;14/01/2026 08:33;
9293;2412;signup_completed;14/01/2026 08:33;
9294;2412;onboarding_completed;14/01/2026 08:38;
9295;2413;app_open;16/01/2026 01:02;
9296;2413;signup_completed;16/01/2026 01:04;
9297;2414;app_open;08/01/2026 11:48;
9298;2414;signup_completed;08/01/2026 11:49;
9299;2414;onboarding_completed;08/01/2026 11:51;
9300;2414;lesson_start;08/01/2026 11:51;101.0
9301;2414;quiz_completed;08/01/2026 11:55;101.0
9302;2414;streak_extended;09/01/2026 13:55;102.0
9303;2414;streak_extended;10/01/2026 11:55;103.0
9304;2414;streak_extended;13/01/2026 09:55;106.0
9305;2414;streak_extended;15/01/2026 10:55;108.0
9306;2415;app_open;29/01/2026 17:14;
9307;2415;signup_completed;29/01/2026 17:15;
9308;2416;app_open;23/03/2026 23:39;
9309;2416;signup_completed;23/03/2026 23:40;
9310;2416;onboarding_completed;23/03/2026 23:42;
9311;2417;app_open;18/03/2026 12:27;
9312;2417;signup_completed;18/03/2026 12:27;
9313;2417;onboarding_completed;18/03/2026 12:30;
9314;2417;lesson_start;18/03/2026 12:32;101.0
9315;2417;quiz_completed;18/03/2026 12:39;101.0
9316;2417;streak_extended;19/03/2026 14:39;102.0
9317;2417;streak_extended;20/03/2026 10:39;103.0
9318;2417;streak_extended;21/03/2026 14:39;104.0
9319;2418;app_open;10/01/2026 19:40;
9320;2418;signup_completed;10/01/2026 19:41;
9321;2418;onboarding_completed;10/01/2026 19:45;
9322;2419;app_open;19/02/2026 07:00;
9323;2419;signup_completed;19/02/2026 07:01;
9324;2419;onboarding_completed;19/02/2026 07:03;
9325;2419;lesson_start;19/02/2026 07:05;101.0
9326;2419;quiz_completed;19/02/2026 07:12;101.0
9327;2420;app_open;16/03/2026 20:16;
9328;2420;signup_completed;16/03/2026 20:17;
9329;2421;app_open;22/02/2026 09:45;
9330;2421;signup_completed;22/02/2026 09:47;
9331;2422;app_open;23/03/2026 01:58;
9332;2423;app_open;13/03/2026 17:09;
9333;2424;app_open;27/03/2026 19:07;
9334;2424;signup_completed;27/03/2026 19:09;
9335;2424;onboarding_completed;27/03/2026 19:11;
9336;2424;lesson_start;27/03/2026 19:11;101.0
9337;2424;quiz_completed;27/03/2026 19:19;101.0
9338;2424;streak_extended;28/03/2026 18:19;102.0
9339;2424;streak_extended;29/03/2026 17:19;103.0
9340;2425;app_open;21/02/2026 02:54;
9341;2425;signup_completed;21/02/2026 02:55;
9342;2425;onboarding_completed;21/02/2026 02:58;
9343;2426;app_open;04/01/2026 15:57;
9344;2426;signup_completed;04/01/2026 15:59;
9345;2426;onboarding_completed;04/01/2026 16:02;
9346;2426;lesson_start;04/01/2026 16:03;101.0
9347;2427;app_open;06/03/2026 06:24;
9348;2427;signup_completed;06/03/2026 06:24;
9349;2427;onboarding_completed;06/03/2026 06:27;
9350;2428;app_open;02/02/2026 16:43;
9351;2428;signup_completed;02/02/2026 16:43;
9352;2428;onboarding_completed;02/02/2026 16:46;
9353;2429;app_open;27/03/2026 02:08;
9354;2429;signup_completed;27/03/2026 02:09;
9355;2429;onboarding_completed;27/03/2026 02:12;
9356;2429;lesson_start;27/03/2026 02:13;101.0
9357;2429;quiz_completed;27/03/2026 02:18;101.0
9358;2429;streak_extended;28/03/2026 02:18;102.0
9359;2429;streak_extended;01/04/2026 00:18;106.0
9360;2429;streak_extended;03/04/2026 04:18;108.0
9361;2429;streak_extended;10/04/2026 00:18;115.0
9362;2430;app_open;16/03/2026 09:37;
9363;2430;signup_completed;16/03/2026 09:39;
9364;2431;app_open;02/03/2026 00:07;
9365;2431;signup_completed;02/03/2026 00:07;
9366;2432;app_open;13/01/2026 17:21;
9367;2432;signup_completed;13/01/2026 17:23;
9368;2432;onboarding_completed;13/01/2026 17:28;
9369;2433;app_open;27/02/2026 23:41;
9370;2434;app_open;06/02/2026 13:49;
9371;2434;signup_completed;06/02/2026 13:50;
9372;2434;onboarding_completed;06/02/2026 13:53;
9373;2434;lesson_start;06/02/2026 13:54;101.0
9374;2434;quiz_completed;06/02/2026 13:59;101.0
9375;2435;app_open;15/01/2026 23:26;
9376;2436;app_open;16/01/2026 18:03;
9377;2436;signup_completed;16/01/2026 18:05;
9378;2436;onboarding_completed;16/01/2026 18:07;
9379;2436;lesson_start;16/01/2026 18:09;101.0
9380;2436;quiz_completed;16/01/2026 18:16;101.0
9381;2436;streak_extended;19/01/2026 20:16;104.0
9382;2436;streak_extended;21/01/2026 19:16;106.0
9383;2437;app_open;18/01/2026 13:24;
9384;2438;app_open;22/03/2026 17:10;
9385;2438;signup_completed;22/03/2026 17:10;
9386;2438;onboarding_completed;22/03/2026 17:15;
9387;2439;app_open;09/03/2026 06:26;
9388;2439;signup_completed;09/03/2026 06:27;
9389;2439;onboarding_completed;09/03/2026 06:30;
9390;2439;lesson_start;09/03/2026 06:31;101.0
9391;2439;quiz_completed;09/03/2026 06:37;101.0
9392;2439;streak_extended;10/03/2026 04:37;102.0
9393;2439;streak_extended;11/03/2026 05:37;103.0
9394;2439;streak_extended;16/03/2026 05:37;108.0
9395;2440;app_open;16/03/2026 20:47;
9396;2440;signup_completed;16/03/2026 20:49;
9397;2440;onboarding_completed;16/03/2026 20:51;
9398;2440;lesson_start;16/03/2026 20:51;101.0
9399;2440;quiz_completed;16/03/2026 20:57;101.0
9400;2440;streak_extended;19/03/2026 21:57;104.0
9401;2441;app_open;02/03/2026 15:45;
9402;2441;signup_completed;02/03/2026 15:46;
9403;2441;onboarding_completed;02/03/2026 15:50;
9404;2441;lesson_start;02/03/2026 15:50;101.0
9405;2441;quiz_completed;02/03/2026 15:55;101.0
9406;2441;streak_extended;04/03/2026 14:55;103.0
9407;2441;streak_extended;16/03/2026 17:55;115.0
9408;2441;streak_extended;01/04/2026 14:55;131.0
9409;2442;app_open;20/03/2026 13:12;
9410;2442;signup_completed;20/03/2026 13:14;
9411;2442;onboarding_completed;20/03/2026 13:18;
9412;2443;app_open;29/03/2026 15:20;
9413;2443;signup_completed;29/03/2026 15:21;
9414;2443;onboarding_completed;29/03/2026 15:23;
9415;2443;lesson_start;29/03/2026 15:24;101.0
9416;2443;quiz_completed;29/03/2026 15:30;101.0
9417;2443;streak_extended;30/03/2026 16:30;102.0
9418;2443;streak_extended;01/04/2026 15:30;104.0
9419;2443;streak_extended;12/04/2026 16:30;115.0
9420;2444;app_open;17/01/2026 01:44;
9421;2444;signup_completed;17/01/2026 01:45;
9422;2445;app_open;12/03/2026 00:28;
9423;2445;signup_completed;12/03/2026 00:30;
9424;2445;onboarding_completed;12/03/2026 00:32;
9425;2446;app_open;12/02/2026 11:51;
9426;2447;app_open;05/01/2026 05:48;
9427;2447;signup_completed;05/01/2026 05:49;
9428;2448;app_open;09/02/2026 21:22;
9429;2448;signup_completed;09/02/2026 21:22;
9430;2449;app_open;05/02/2026 08:52;
9431;2449;signup_completed;05/02/2026 08:54;
9432;2450;app_open;07/03/2026 16:02;
9433;2450;signup_completed;07/03/2026 16:04;
9434;2450;onboarding_completed;07/03/2026 16:08;
9435;2451;app_open;11/03/2026 20:45;
9436;2451;signup_completed;11/03/2026 20:46;
9437;2451;onboarding_completed;11/03/2026 20:51;
9438;2451;lesson_start;11/03/2026 20:51;101.0
9439;2451;quiz_completed;11/03/2026 20:56;101.0
9440;2451;streak_extended;12/03/2026 18:56;102.0
9441;2451;streak_extended;13/03/2026 18:56;103.0
9442;2452;app_open;24/01/2026 01:29;
9443;2452;signup_completed;24/01/2026 01:30;
9444;2453;app_open;13/02/2026 03:03;
9445;2453;signup_completed;13/02/2026 03:04;
9446;2453;onboarding_completed;13/02/2026 03:08;
9447;2453;lesson_start;13/02/2026 03:10;101.0
9448;2454;app_open;01/03/2026 06:47;
9449;2454;signup_completed;01/03/2026 06:48;
9450;2454;onboarding_completed;01/03/2026 06:50;
9451;2455;app_open;28/01/2026 15:55;
9452;2455;signup_completed;28/01/2026 15:56;
9453;2455;onboarding_completed;28/01/2026 16:01;
9454;2455;lesson_start;28/01/2026 16:01;101.0
9455;2455;quiz_completed;28/01/2026 16:06;101.0
9456;2455;streak_extended;29/01/2026 17:06;102.0
9457;2455;streak_extended;31/01/2026 16:06;104.0
9458;2455;streak_extended;04/02/2026 14:06;108.0
9459;2455;streak_extended;11/02/2026 18:06;115.0
9460;2456;app_open;15/03/2026 01:11;
9461;2456;signup_completed;15/03/2026 01:13;
9462;2456;onboarding_completed;15/03/2026 01:15;
9463;2456;lesson_start;15/03/2026 01:15;101.0
9464;2457;app_open;14/03/2026 16:12;
9465;2457;signup_completed;14/03/2026 16:14;
9466;2457;onboarding_completed;14/03/2026 16:18;
9467;2457;lesson_start;14/03/2026 16:18;101.0
9468;2457;quiz_completed;14/03/2026 16:26;101.0
9469;2458;app_open;18/03/2026 02:23;
9470;2458;signup_completed;18/03/2026 02:23;
9471;2458;onboarding_completed;18/03/2026 02:25;
9472;2459;app_open;13/02/2026 14:04;
9473;2460;app_open;23/01/2026 17:15;
9474;2460;signup_completed;23/01/2026 17:16;
9475;2461;app_open;21/02/2026 20:20;
9476;2461;signup_completed;21/02/2026 20:21;
9477;2461;onboarding_completed;21/02/2026 20:23;
9478;2461;lesson_start;21/02/2026 20:24;101.0
9479;2461;quiz_completed;21/02/2026 20:28;101.0
9480;2461;streak_extended;22/02/2026 21:28;102.0
9481;2461;streak_extended;23/02/2026 22:28;103.0
9482;2461;streak_extended;28/02/2026 19:28;108.0
9483;2461;streak_extended;23/03/2026 22:28;131.0
9484;2462;app_open;24/01/2026 05:18;
9485;2462;signup_completed;24/01/2026 05:18;
9486;2462;onboarding_completed;24/01/2026 05:20;
9487;2463;app_open;31/01/2026 01:06;
9488;2463;signup_completed;31/01/2026 01:08;
9489;2463;onboarding_completed;31/01/2026 01:13;
9490;2463;lesson_start;31/01/2026 01:14;101.0
9491;2464;app_open;20/03/2026 12:13;
9492;2464;signup_completed;20/03/2026 12:14;
9493;2465;app_open;18/03/2026 03:42;
9494;2465;signup_completed;18/03/2026 03:43;
9495;2465;onboarding_completed;18/03/2026 03:48;
9496;2466;app_open;15/02/2026 12:53;
9497;2466;signup_completed;15/02/2026 12:54;
9498;2466;onboarding_completed;15/02/2026 12:58;
9499;2466;lesson_start;15/02/2026 12:58;101.0
9500;2466;quiz_completed;15/02/2026 13:05;101.0
9501;2466;streak_extended;18/02/2026 11:05;104.0
9502;2467;app_open;29/03/2026 18:24;
9503;2468;app_open;23/03/2026 01:57;
9504;2468;signup_completed;23/03/2026 01:59;
9505;2469;app_open;19/01/2026 20:05;
9506;2470;app_open;05/02/2026 17:07;
9507;2470;signup_completed;05/02/2026 17:08;
9508;2470;onboarding_completed;05/02/2026 17:12;
9509;2470;lesson_start;05/02/2026 17:14;101.0
9510;2470;quiz_completed;05/02/2026 17:21;101.0
9511;2470;streak_extended;06/02/2026 17:21;102.0
9512;2470;streak_extended;10/02/2026 18:21;106.0
9513;2471;app_open;07/03/2026 20:34;
9514;2471;signup_completed;07/03/2026 20:35;
9515;2472;app_open;25/02/2026 09:10;
9516;2472;signup_completed;25/02/2026 09:12;
9517;2473;app_open;12/02/2026 18:39;
9518;2473;signup_completed;12/02/2026 18:40;
9519;2473;onboarding_completed;12/02/2026 18:44;
9520;2473;lesson_start;12/02/2026 18:46;101.0
9521;2473;quiz_completed;12/02/2026 18:51;101.0
9522;2473;streak_extended;13/02/2026 19:51;102.0
9523;2473;streak_extended;14/02/2026 16:51;103.0
9524;2474;app_open;14/02/2026 19:47;
9525;2474;signup_completed;14/02/2026 19:48;
9526;2474;onboarding_completed;14/02/2026 19:53;
9527;2475;app_open;16/03/2026 16:55;
9528;2475;signup_completed;16/03/2026 16:56;
9529;2475;onboarding_completed;16/03/2026 16:59;
9530;2476;app_open;28/01/2026 08:34;
9531;2476;signup_completed;28/01/2026 08:36;
9532;2476;onboarding_completed;28/01/2026 08:38;
9533;2476;lesson_start;28/01/2026 08:39;101.0
9534;2476;quiz_completed;28/01/2026 08:42;101.0
9535;2476;streak_extended;30/01/2026 08:42;103.0
9536;2477;app_open;17/03/2026 13:09;
9537;2477;signup_completed;17/03/2026 13:11;
9538;2477;onboarding_completed;17/03/2026 13:12;
9539;2478;app_open;07/02/2026 01:49;
9540;2478;signup_completed;07/02/2026 01:50;
9541;2478;onboarding_completed;07/02/2026 01:55;
9542;2478;lesson_start;07/02/2026 01:56;101.0
9543;2479;app_open;18/02/2026 19:51;
9544;2479;signup_completed;18/02/2026 19:52;
9545;2479;onboarding_completed;18/02/2026 19:53;
9546;2480;app_open;21/02/2026 05:04;
9547;2480;signup_completed;21/02/2026 05:06;
9548;2481;app_open;10/02/2026 15:33;
9549;2481;signup_completed;10/02/2026 15:34;
9550;2481;onboarding_completed;10/02/2026 15:38;
9551;2481;lesson_start;10/02/2026 15:39;101.0
9552;2482;app_open;16/01/2026 17:37;
9553;2482;signup_completed;16/01/2026 17:38;
9554;2482;onboarding_completed;16/01/2026 17:42;
9555;2483;app_open;21/03/2026 07:29;
9556;2483;signup_completed;21/03/2026 07:30;
9557;2483;onboarding_completed;21/03/2026 07:35;
9558;2484;app_open;20/01/2026 09:19;
9559;2484;signup_completed;20/01/2026 09:20;
9560;2484;onboarding_completed;20/01/2026 09:22;
9561;2485;app_open;19/03/2026 19:04;
9562;2485;signup_completed;19/03/2026 19:04;
9563;2485;onboarding_completed;19/03/2026 19:05;
9564;2485;lesson_start;19/03/2026 19:06;101.0
9565;2485;quiz_completed;19/03/2026 19:12;101.0
9566;2485;streak_extended;20/03/2026 21:12;102.0
9567;2485;streak_extended;24/03/2026 18:12;106.0
9568;2486;app_open;28/02/2026 16:58;
9569;2486;signup_completed;28/02/2026 16:59;
9570;2486;onboarding_completed;28/02/2026 17:03;
9571;2487;app_open;14/01/2026 10:29;
9572;2487;signup_completed;14/01/2026 10:30;
9573;2487;onboarding_completed;14/01/2026 10:32;
9574;2488;app_open;26/03/2026 18:14;
9575;2488;signup_completed;26/03/2026 18:16;
9576;2489;app_open;25/01/2026 06:32;
9577;2489;signup_completed;25/01/2026 06:33;
9578;2489;onboarding_completed;25/01/2026 06:35;
9579;2489;lesson_start;25/01/2026 06:35;101.0
9580;2489;quiz_completed;25/01/2026 06:39;101.0
9581;2489;streak_extended;26/01/2026 06:39;102.0
9582;2490;app_open;06/01/2026 01:35;
9583;2490;signup_completed;06/01/2026 01:37;
9584;2491;app_open;04/03/2026 06:03;
9585;2491;signup_completed;04/03/2026 06:04;
9586;2491;onboarding_completed;04/03/2026 06:05;
9587;2491;lesson_start;04/03/2026 06:07;101.0
9588;2491;quiz_completed;04/03/2026 06:13;101.0
9589;2491;streak_extended;06/03/2026 05:13;103.0
9590;2492;app_open;16/02/2026 15:51;
9591;2492;signup_completed;16/02/2026 15:52;
9592;2492;onboarding_completed;16/02/2026 15:54;
9593;2493;app_open;26/03/2026 20:50;
9594;2494;app_open;06/02/2026 00:59;
9595;2494;signup_completed;06/02/2026 01:00;
9596;2495;app_open;23/02/2026 20:10;
9597;2496;app_open;10/01/2026 23:03;
9598;2497;app_open;11/03/2026 01:41;
9599;2497;signup_completed;11/03/2026 01:41;
9600;2497;onboarding_completed;11/03/2026 01:45;
9601;2497;lesson_start;11/03/2026 01:46;101.0
9602;2497;quiz_completed;11/03/2026 01:50;101.0
9603;2497;streak_extended;12/03/2026 01:50;102.0
9604;2497;streak_extended;12/03/2026 23:50;103.0
9605;2498;app_open;24/03/2026 03:04;
9606;2498;signup_completed;24/03/2026 03:05;
9607;2498;onboarding_completed;24/03/2026 03:09;
9608;2499;app_open;20/02/2026 02:09;
9609;2499;signup_completed;20/02/2026 02:10;
9610;2499;onboarding_completed;20/02/2026 02:13;
9611;2499;lesson_start;20/02/2026 02:13;101.0
9612;2499;quiz_completed;20/02/2026 02:20;101.0
9613;2499;streak_extended;21/02/2026 03:20;102.0
9614;2499;streak_extended;22/02/2026 04:20;103.0
9615;2500;app_open;24/03/2026 15:21;
9616;2501;app_open;13/01/2026 02:31;
9617;2501;signup_completed;13/01/2026 02:32;
9618;2501;onboarding_completed;13/01/2026 02:33;
9619;2501;lesson_start;13/01/2026 02:35;101.0
9620;2501;quiz_completed;13/01/2026 02:40;101.0
9621;2501;streak_extended;14/01/2026 01:40;102.0
9622;2501;streak_extended;16/01/2026 00:40;104.0
9623;2502;app_open;28/01/2026 16:14;
9624;2502;signup_completed;28/01/2026 16:15;
9625;2502;onboarding_completed;28/01/2026 16:17;
9626;2502;lesson_start;28/01/2026 16:18;101.0
9627;2503;app_open;09/01/2026 03:26;
9628;2503;signup_completed;09/01/2026 03:27;
9629;2504;app_open;16/03/2026 02:11;
9630;2504;signup_completed;16/03/2026 02:12;
9631;2504;onboarding_completed;16/03/2026 02:16;
9632;2504;lesson_start;16/03/2026 02:17;101.0
9633;2504;quiz_completed;16/03/2026 02:23;101.0
9634;2504;streak_extended;17/03/2026 00:23;102.0
9635;2504;streak_extended;23/03/2026 00:23;108.0
9636;2505;app_open;16/01/2026 13:33;
9637;2506;app_open;27/01/2026 11:38;
9638;2506;signup_completed;27/01/2026 11:40;
9639;2507;app_open;13/02/2026 14:59;
9640;2507;signup_completed;13/02/2026 15:00;
9641;2507;onboarding_completed;13/02/2026 15:03;
9642;2508;app_open;29/03/2026 21:30;
9643;2508;signup_completed;29/03/2026 21:32;
9644;2508;onboarding_completed;29/03/2026 21:35;
9645;2509;app_open;19/02/2026 20:11;
9646;2509;signup_completed;19/02/2026 20:13;
9647;2510;app_open;15/01/2026 07:20;
9648;2510;signup_completed;15/01/2026 07:21;
9649;2510;onboarding_completed;15/01/2026 07:26;
9650;2510;lesson_start;15/01/2026 07:27;101.0
9651;2510;quiz_completed;15/01/2026 07:32;101.0
9652;2510;streak_extended;16/01/2026 07:32;102.0
9653;2510;streak_extended;20/01/2026 07:32;106.0
9654;2511;app_open;22/03/2026 16:28;
9655;2511;signup_completed;22/03/2026 16:29;
9656;2511;onboarding_completed;22/03/2026 16:33;
9657;2511;lesson_start;22/03/2026 16:33;101.0
9658;2512;app_open;12/02/2026 11:23;
9659;2512;signup_completed;12/02/2026 11:24;
9660;2512;onboarding_completed;12/02/2026 11:26;
9661;2513;app_open;09/01/2026 21:42;
9662;2513;signup_completed;09/01/2026 21:44;
9663;2513;onboarding_completed;09/01/2026 21:46;
9664;2513;lesson_start;09/01/2026 21:47;101.0
9665;2514;app_open;30/03/2026 09:37;
9666;2514;signup_completed;30/03/2026 09:39;
9667;2514;onboarding_completed;30/03/2026 09:41;
9668;2514;lesson_start;30/03/2026 09:42;101.0
9669;2514;quiz_completed;30/03/2026 09:45;101.0
9670;2514;streak_extended;31/03/2026 07:45;102.0
9671;2514;streak_extended;01/04/2026 11:45;103.0
9672;2514;streak_extended;02/04/2026 08:45;104.0
9673;2515;app_open;22/01/2026 13:23;
9674;2515;signup_completed;22/01/2026 13:24;
9675;2515;onboarding_completed;22/01/2026 13:25;
9676;2515;lesson_start;22/01/2026 13:27;101.0
9677;2515;quiz_completed;22/01/2026 13:31;101.0
9678;2515;streak_extended;23/01/2026 11:31;102.0
9679;2516;app_open;21/03/2026 07:03;
9680;2516;signup_completed;21/03/2026 07:04;
9681;2516;onboarding_completed;21/03/2026 07:06;
9682;2516;lesson_start;21/03/2026 07:07;101.0
9683;2516;quiz_completed;21/03/2026 07:13;101.0
9684;2516;streak_extended;22/03/2026 09:13;102.0
9685;2516;streak_extended;23/03/2026 09:13;103.0
9686;2516;streak_extended;24/03/2026 07:13;104.0
9687;2516;streak_extended;26/03/2026 05:13;106.0
9688;2516;streak_extended;20/04/2026 09:13;131.0
9689;2517;app_open;13/02/2026 19:12;
9690;2517;signup_completed;13/02/2026 19:13;
9691;2517;onboarding_completed;13/02/2026 19:17;
9692;2517;lesson_start;13/02/2026 19:18;101.0
9693;2518;app_open;27/03/2026 21:20;
9694;2519;app_open;03/02/2026 22:35;
9695;2519;signup_completed;03/02/2026 22:36;
9696;2519;onboarding_completed;03/02/2026 22:40;
9697;2519;lesson_start;03/02/2026 22:42;101.0
9698;2519;quiz_completed;03/02/2026 22:49;101.0
9699;2519;streak_extended;06/02/2026 00:49;103.0
9700;2519;streak_extended;06/02/2026 20:49;104.0
9701;2520;app_open;03/01/2026 14:08;
9702;2520;signup_completed;03/01/2026 14:09;
9703;2520;onboarding_completed;03/01/2026 14:11;
9704;2520;lesson_start;03/01/2026 14:13;101.0
9705;2520;quiz_completed;03/01/2026 14:18;101.0
9706;2520;streak_extended;06/01/2026 13:18;104.0
9707;2520;streak_extended;08/01/2026 15:18;106.0
9708;2521;app_open;10/02/2026 06:46;
9709;2521;signup_completed;10/02/2026 06:47;
9710;2522;app_open;06/01/2026 04:05;
9711;2522;signup_completed;06/01/2026 04:07;
9712;2522;onboarding_completed;06/01/2026 04:09;
9713;2523;app_open;08/02/2026 11:48;
9714;2523;signup_completed;08/02/2026 11:49;
9715;2524;app_open;18/02/2026 17:45;
9716;2524;signup_completed;18/02/2026 17:46;
9717;2525;app_open;06/02/2026 07:23;
9718;2525;signup_completed;06/02/2026 07:24;
9719;2526;app_open;23/01/2026 21:24;
9720;2526;signup_completed;23/01/2026 21:24;
9721;2526;onboarding_completed;23/01/2026 21:27;
9722;2527;app_open;07/02/2026 11:49;
9723;2527;signup_completed;07/02/2026 11:51;
9724;2527;onboarding_completed;07/02/2026 11:55;
9725;2528;app_open;08/01/2026 22:09;
9726;2528;signup_completed;08/01/2026 22:10;
9727;2528;onboarding_completed;08/01/2026 22:14;
9728;2528;lesson_start;08/01/2026 22:16;101.0
9729;2528;quiz_completed;08/01/2026 22:23;101.0
9730;2528;streak_extended;11/01/2026 00:23;103.0
9731;2528;streak_extended;11/01/2026 23:23;104.0
9732;2528;streak_extended;13/01/2026 20:23;106.0
9733;2529;app_open;06/02/2026 09:36;
9734;2529;signup_completed;06/02/2026 09:38;
9735;2529;onboarding_completed;06/02/2026 09:40;
9736;2529;lesson_start;06/02/2026 09:41;101.0
9737;2530;app_open;22/01/2026 19:12;
9738;2530;signup_completed;22/01/2026 19:13;
9739;2530;onboarding_completed;22/01/2026 19:15;
9740;2530;lesson_start;22/01/2026 19:16;101.0
9741;2530;quiz_completed;22/01/2026 19:21;101.0
9742;2530;streak_extended;29/01/2026 21:21;108.0
9743;2531;app_open;03/01/2026 17:40;
9744;2531;signup_completed;03/01/2026 17:42;
9745;2532;app_open;31/01/2026 22:35;
9746;2532;signup_completed;31/01/2026 22:35;
9747;2532;onboarding_completed;31/01/2026 22:39;
9748;2532;lesson_start;31/01/2026 22:40;101.0
9749;2533;app_open;10/01/2026 14:52;
9750;2533;signup_completed;10/01/2026 14:53;
9751;2533;onboarding_completed;10/01/2026 14:55;
9752;2533;lesson_start;10/01/2026 14:55;101.0
9753;2534;app_open;23/03/2026 11:25;
9754;2534;signup_completed;23/03/2026 11:26;
9755;2535;app_open;11/03/2026 09:22;
9756;2535;signup_completed;11/03/2026 09:23;
9757;2535;onboarding_completed;11/03/2026 09:26;
9758;2535;lesson_start;11/03/2026 09:26;101.0
9759;2535;quiz_completed;11/03/2026 09:31;101.0
9760;2535;streak_extended;13/03/2026 08:31;103.0
9761;2535;streak_extended;14/03/2026 08:31;104.0
9762;2535;streak_extended;16/03/2026 08:31;106.0
9763;2535;streak_extended;25/03/2026 08:31;115.0
9764;2536;app_open;05/03/2026 02:31;
9765;2537;app_open;02/02/2026 13:16;
9766;2537;signup_completed;02/02/2026 13:18;
9767;2538;app_open;18/03/2026 20:03;
9768;2538;signup_completed;18/03/2026 20:04;
9769;2539;app_open;15/01/2026 04:19;
9770;2539;signup_completed;15/01/2026 04:20;
9771;2539;onboarding_completed;15/01/2026 04:24;
9772;2540;app_open;14/01/2026 08:37;
9773;2540;signup_completed;14/01/2026 08:38;
9774;2541;app_open;04/01/2026 17:15;
9775;2541;signup_completed;04/01/2026 17:16;
9776;2542;app_open;28/01/2026 20:28;
9777;2542;signup_completed;28/01/2026 20:29;
9778;2542;onboarding_completed;28/01/2026 20:33;
9779;2543;app_open;22/03/2026 13:29;
9780;2543;signup_completed;22/03/2026 13:29;
9781;2543;onboarding_completed;22/03/2026 13:31;
9782;2543;lesson_start;22/03/2026 13:32;101.0
9783;2543;quiz_completed;22/03/2026 13:36;101.0
9784;2543;streak_extended;23/03/2026 15:36;102.0
9785;2543;streak_extended;24/03/2026 15:36;103.0
9786;2543;streak_extended;05/04/2026 13:36;115.0
9787;2544;app_open;15/02/2026 20:53;
9788;2544;signup_completed;15/02/2026 20:55;
9789;2544;onboarding_completed;15/02/2026 21:00;
9790;2544;lesson_start;15/02/2026 21:01;101.0
9791;2544;quiz_completed;15/02/2026 21:05;101.0
9792;2544;streak_extended;17/02/2026 20:05;103.0
9793;2544;streak_extended;22/02/2026 22:05;108.0
9794;2545;app_open;09/03/2026 13:57;
9795;2545;signup_completed;09/03/2026 13:58;
9796;2545;onboarding_completed;09/03/2026 14:01;
9797;2546;app_open;22/03/2026 16:37;
9798;2546;signup_completed;22/03/2026 16:38;
9799;2546;onboarding_completed;22/03/2026 16:43;
9800;2546;lesson_start;22/03/2026 16:44;101.0
9801;2547;app_open;14/01/2026 11:24;
9802;2547;signup_completed;14/01/2026 11:25;
9803;2547;onboarding_completed;14/01/2026 11:28;
9804;2547;lesson_start;14/01/2026 11:28;101.0
9805;2547;quiz_completed;14/01/2026 11:35;101.0
9806;2547;streak_extended;15/01/2026 12:35;102.0
9807;2547;streak_extended;16/01/2026 12:35;103.0
9808;2548;app_open;15/03/2026 16:13;
9809;2549;app_open;10/03/2026 12:01;
9810;2549;signup_completed;10/03/2026 12:01;
9811;2550;app_open;15/02/2026 13:06;
9812;2550;signup_completed;15/02/2026 13:06;
9813;2551;app_open;13/02/2026 13:19;
9814;2551;signup_completed;13/02/2026 13:20;
9815;2552;app_open;01/03/2026 17:51;
9816;2552;signup_completed;01/03/2026 17:52;
9817;2552;onboarding_completed;01/03/2026 17:54;
9818;2553;app_open;01/01/2026 12:14;
9819;2553;signup_completed;01/01/2026 12:15;
9820;2553;onboarding_completed;01/01/2026 12:16;
9821;2553;lesson_start;01/01/2026 12:17;101.0
9822;2553;quiz_completed;01/01/2026 12:21;101.0
9823;2553;streak_extended;02/01/2026 11:21;102.0
9824;2554;app_open;29/03/2026 22:48;
9825;2554;signup_completed;29/03/2026 22:48;
9826;2554;onboarding_completed;29/03/2026 22:52;
9827;2555;app_open;08/01/2026 16:36;
9828;2555;signup_completed;08/01/2026 16:37;
9829;2555;onboarding_completed;08/01/2026 16:41;
9830;2555;lesson_start;08/01/2026 16:41;101.0
9831;2555;quiz_completed;08/01/2026 16:46;101.0
9832;2555;streak_extended;09/01/2026 16:46;102.0
9833;2555;streak_extended;11/01/2026 14:46;104.0
9834;2556;app_open;02/01/2026 20:16;
9835;2556;signup_completed;02/01/2026 20:18;
9836;2557;app_open;25/01/2026 20:20;
9837;2557;signup_completed;25/01/2026 20:22;
9838;2557;onboarding_completed;25/01/2026 20:27;
9839;2558;app_open;21/01/2026 22:30;
9840;2558;signup_completed;21/01/2026 22:32;
9841;2558;onboarding_completed;21/01/2026 22:33;
9842;2558;lesson_start;21/01/2026 22:35;101.0
9843;2558;quiz_completed;21/01/2026 22:42;101.0
9844;2558;streak_extended;22/01/2026 21:42;102.0
9845;2558;streak_extended;21/02/2026 00:42;131.0
9846;2559;app_open;23/03/2026 01:36;
9847;2560;app_open;15/01/2026 12:24;
9848;2560;signup_completed;15/01/2026 12:25;
9849;2560;onboarding_completed;15/01/2026 12:29;
9850;2560;lesson_start;15/01/2026 12:30;101.0
9851;2560;quiz_completed;15/01/2026 12:38;101.0
9852;2560;streak_extended;16/01/2026 14:38;102.0
9853;2560;streak_extended;22/01/2026 14:38;108.0
9854;2561;app_open;23/02/2026 06:48;
9855;2561;signup_completed;23/02/2026 06:50;
9856;2562;app_open;12/03/2026 14:34;
9857;2562;signup_completed;12/03/2026 14:35;
9858;2562;onboarding_completed;12/03/2026 14:38;
9859;2562;lesson_start;12/03/2026 14:40;101.0
9860;2562;quiz_completed;12/03/2026 14:47;101.0
9861;2562;streak_extended;14/03/2026 13:47;103.0
9862;2563;app_open;01/03/2026 02:47;
9863;2563;signup_completed;01/03/2026 02:49;
9864;2563;onboarding_completed;01/03/2026 02:51;
9865;2564;app_open;21/02/2026 05:47;
9866;2564;signup_completed;21/02/2026 05:48;
9867;2564;onboarding_completed;21/02/2026 05:51;
9868;2565;app_open;11/02/2026 02:15;
9869;2565;signup_completed;11/02/2026 02:17;
9870;2565;onboarding_completed;11/02/2026 02:21;
9871;2566;app_open;11/01/2026 19:05;
9872;2566;signup_completed;11/01/2026 19:05;
9873;2566;onboarding_completed;11/01/2026 19:07;
9874;2566;lesson_start;11/01/2026 19:08;101.0
9875;2567;app_open;17/03/2026 08:36;
9876;2567;signup_completed;17/03/2026 08:37;
9877;2568;app_open;28/01/2026 23:19;
9878;2568;signup_completed;28/01/2026 23:20;
9879;2568;onboarding_completed;28/01/2026 23:22;
9880;2568;lesson_start;28/01/2026 23:23;101.0
9881;2568;quiz_completed;28/01/2026 23:26;101.0
9882;2569;app_open;24/01/2026 01:44;
9883;2569;signup_completed;24/01/2026 01:45;
9884;2570;app_open;30/01/2026 05:43;
9885;2570;signup_completed;30/01/2026 05:44;
9886;2571;app_open;12/01/2026 19:55;
9887;2571;signup_completed;12/01/2026 19:56;
9888;2571;onboarding_completed;12/01/2026 19:59;
9889;2572;app_open;05/01/2026 15:15;
9890;2572;signup_completed;05/01/2026 15:16;
9891;2572;onboarding_completed;05/01/2026 15:20;
9892;2572;lesson_start;05/01/2026 15:21;101.0
9893;2573;app_open;24/01/2026 03:36;
9894;2573;signup_completed;24/01/2026 03:37;
9895;2573;onboarding_completed;24/01/2026 03:39;
9896;2573;lesson_start;24/01/2026 03:39;101.0
9897;2573;quiz_completed;24/01/2026 03:45;101.0
9898;2573;streak_extended;26/01/2026 05:45;103.0
9899;2573;streak_extended;27/01/2026 01:45;104.0
9900;2573;streak_extended;07/02/2026 05:45;115.0
9901;2574;app_open;10/02/2026 18:15;
9902;2574;signup_completed;10/02/2026 18:16;
9903;2574;onboarding_completed;10/02/2026 18:18;
9904;2574;lesson_start;10/02/2026 18:20;101.0
9905;2575;app_open;04/03/2026 00:51;
9906;2575;signup_completed;04/03/2026 00:52;
9907;2575;onboarding_completed;04/03/2026 00:55;
9908;2576;app_open;19/03/2026 01:55;
9909;2576;signup_completed;19/03/2026 01:56;
9910;2576;onboarding_completed;19/03/2026 02:00;
9911;2577;app_open;02/03/2026 11:15;
9912;2577;signup_completed;02/03/2026 11:16;
9913;2577;onboarding_completed;02/03/2026 11:19;
9914;2577;lesson_start;02/03/2026 11:20;101.0
9915;2577;quiz_completed;02/03/2026 11:27;101.0
9916;2577;streak_extended;09/03/2026 10:27;108.0
9917;2578;app_open;14/02/2026 09:09;
9918;2578;signup_completed;14/02/2026 09:10;
9919;2578;onboarding_completed;14/02/2026 09:14;
9920;2578;lesson_start;14/02/2026 09:16;101.0
9921;2578;quiz_completed;14/02/2026 09:20;101.0
9922;2578;streak_extended;16/02/2026 09:20;103.0
9923;2579;app_open;07/01/2026 02:21;
9924;2579;signup_completed;07/01/2026 02:22;
9925;2579;onboarding_completed;07/01/2026 02:25;
9926;2580;app_open;11/01/2026 18:19;
9927;2580;signup_completed;11/01/2026 18:19;
9928;2580;onboarding_completed;11/01/2026 18:23;
9929;2580;lesson_start;11/01/2026 18:24;101.0
9930;2580;quiz_completed;11/01/2026 18:28;101.0
9931;2580;streak_extended;13/01/2026 18:28;103.0
9932;2580;streak_extended;10/02/2026 20:28;131.0
9933;2581;app_open;23/03/2026 05:37;
9934;2581;signup_completed;23/03/2026 05:38;
9935;2582;app_open;29/03/2026 21:08;
9936;2582;signup_completed;29/03/2026 21:10;
9937;2582;onboarding_completed;29/03/2026 21:12;
9938;2582;lesson_start;29/03/2026 21:12;101.0
9939;2582;quiz_completed;29/03/2026 21:17;101.0
9940;2582;streak_extended;30/03/2026 20:17;102.0
9941;2582;streak_extended;01/04/2026 21:17;104.0
9942;2582;streak_extended;03/04/2026 22:17;106.0
9943;2582;streak_extended;05/04/2026 21:17;108.0
9944;2583;app_open;18/02/2026 12:41;
9945;2583;signup_completed;18/02/2026 12:42;
9946;2584;app_open;27/02/2026 22:30;
9947;2584;signup_completed;27/02/2026 22:31;
9948;2584;onboarding_completed;27/02/2026 22:32;
9949;2584;lesson_start;27/02/2026 22:33;101.0
9950;2585;app_open;22/02/2026 01:05;
9951;2585;signup_completed;22/02/2026 01:06;
9952;2585;onboarding_completed;22/02/2026 01:10;
9953;2585;lesson_start;22/02/2026 01:12;101.0
9954;2585;quiz_completed;22/02/2026 01:17;101.0
9955;2585;streak_extended;24/02/2026 03:17;103.0
9956;2585;streak_extended;28/02/2026 23:17;108.0
9957;2585;streak_extended;24/03/2026 01:17;131.0
9958;2586;app_open;02/01/2026 14:17;
9959;2586;signup_completed;02/01/2026 14:19;
9960;2586;onboarding_completed;02/01/2026 14:21;
9961;2586;lesson_start;02/01/2026 14:22;101.0
9962;2586;quiz_completed;02/01/2026 14:28;101.0
9963;2586;streak_extended;04/01/2026 16:28;103.0
9964;2586;streak_extended;09/01/2026 13:28;108.0
9965;2586;streak_extended;01/02/2026 15:28;131.0
9966;2587;app_open;03/03/2026 08:33;
9967;2587;signup_completed;03/03/2026 08:35;
9968;2588;app_open;20/02/2026 00:54;
9969;2588;signup_completed;20/02/2026 00:55;
9970;2588;onboarding_completed;20/02/2026 00:58;
9971;2588;lesson_start;20/02/2026 00:59;101.0
9972;2588;quiz_completed;20/02/2026 01:04;101.0
9973;2588;streak_extended;21/02/2026 02:04;102.0
9974;2588;streak_extended;23/02/2026 02:04;104.0
9975;2589;app_open;25/02/2026 19:57;
9976;2589;signup_completed;25/02/2026 19:58;
9977;2589;onboarding_completed;25/02/2026 20:03;
9978;2589;lesson_start;25/02/2026 20:04;101.0
9979;2589;quiz_completed;25/02/2026 20:07;101.0
9980;2589;streak_extended;26/02/2026 20:07;102.0
9981;2589;streak_extended;28/02/2026 20:07;104.0
9982;2590;app_open;24/01/2026 11:45;
9983;2590;signup_completed;24/01/2026 11:46;
9984;2591;app_open;11/03/2026 18:19;
9985;2591;signup_completed;11/03/2026 18:20;
9986;2591;onboarding_completed;11/03/2026 18:23;
9987;2591;lesson_start;11/03/2026 18:23;101.0
9988;2591;quiz_completed;11/03/2026 18:31;101.0
9989;2591;streak_extended;12/03/2026 18:31;102.0
9990;2591;streak_extended;10/04/2026 17:31;131.0
9991;2592;app_open;14/01/2026 22:33;
9992;2592;signup_completed;14/01/2026 22:34;
9993;2592;onboarding_completed;14/01/2026 22:36;
9994;2592;lesson_start;14/01/2026 22:37;101.0
9995;2592;quiz_completed;14/01/2026 22:44;101.0
9996;2592;streak_extended;16/01/2026 23:44;103.0
9997;2593;app_open;29/01/2026 06:42;
9998;2593;signup_completed;29/01/2026 06:44;
9999;2593;onboarding_completed;29/01/2026 06:48;
10000;2593;lesson_start;29/01/2026 06:50;101.0
10001;2593;quiz_completed;29/01/2026 06:53;101.0
10002;2594;app_open;11/02/2026 16:11;
10003;2594;signup_completed;11/02/2026 16:12;
10004;2594;onboarding_completed;11/02/2026 16:16;
10005;2594;lesson_start;11/02/2026 16:17;101.0
10006;2594;quiz_completed;11/02/2026 16:22;101.0
10007;2595;app_open;01/01/2026 03:38;
10008;2595;signup_completed;01/01/2026 03:40;
10009;2595;onboarding_completed;01/01/2026 03:41;
10010;2596;app_open;01/03/2026 16:36;
10011;2596;signup_completed;01/03/2026 16:38;
10012;2596;onboarding_completed;01/03/2026 16:42;
10013;2596;lesson_start;01/03/2026 16:43;101.0
10014;2596;quiz_completed;01/03/2026 16:51;101.0
10015;2596;streak_extended;02/03/2026 14:51;102.0
10016;2596;streak_extended;08/03/2026 17:51;108.0
10017;2597;app_open;04/02/2026 06:07;
10018;2597;signup_completed;04/02/2026 06:08;
10019;2598;app_open;24/01/2026 08:33;
10020;2598;signup_completed;24/01/2026 08:35;
10021;2599;app_open;25/02/2026 09:44;
10022;2599;signup_completed;25/02/2026 09:45;
10023;2600;app_open;10/02/2026 10:40;
10024;2600;signup_completed;10/02/2026 10:41;
10025;2601;app_open;19/01/2026 04:28;
10026;2601;signup_completed;19/01/2026 04:30;
10027;2601;onboarding_completed;19/01/2026 04:33;
10028;2602;app_open;06/03/2026 12:05;
10029;2603;app_open;06/03/2026 21:03;
10030;2603;signup_completed;06/03/2026 21:04;
10031;2603;onboarding_completed;06/03/2026 21:08;
10032;2603;lesson_start;06/03/2026 21:10;101.0
10033;2603;quiz_completed;06/03/2026 21:15;101.0
10034;2603;streak_extended;07/03/2026 22:15;102.0
10035;2604;app_open;09/01/2026 07:29;
10036;2604;signup_completed;09/01/2026 07:30;
10037;2604;onboarding_completed;09/01/2026 07:32;
10038;2605;app_open;20/02/2026 19:48;
10039;2605;signup_completed;20/02/2026 19:50;
10040;2606;app_open;05/02/2026 00:16;
10041;2606;signup_completed;05/02/2026 00:16;
10042;2606;onboarding_completed;05/02/2026 00:18;
10043;2607;app_open;07/01/2026 13:42;
10044;2607;signup_completed;07/01/2026 13:44;
10045;2607;onboarding_completed;07/01/2026 13:45;
10046;2607;lesson_start;07/01/2026 13:46;101.0
10047;2608;app_open;21/02/2026 01:48;
10048;2608;signup_completed;21/02/2026 01:49;
10049;2608;onboarding_completed;21/02/2026 01:52;
10050;2608;lesson_start;21/02/2026 01:52;101.0
10051;2608;quiz_completed;21/02/2026 02:00;101.0
10052;2608;streak_extended;22/02/2026 00:00;102.0
10053;2608;streak_extended;23/02/2026 04:00;103.0
10054;2609;app_open;22/02/2026 19:48;
10055;2609;signup_completed;22/02/2026 19:50;
10056;2610;app_open;19/02/2026 06:09;
10057;2610;signup_completed;19/02/2026 06:11;
10058;2610;onboarding_completed;19/02/2026 06:16;
10059;2611;app_open;18/03/2026 08:28;
10060;2611;signup_completed;18/03/2026 08:29;
10061;2611;onboarding_completed;18/03/2026 08:32;
10062;2611;lesson_start;18/03/2026 08:33;101.0
10063;2611;quiz_completed;18/03/2026 08:36;101.0
10064;2611;streak_extended;19/03/2026 09:36;102.0
10065;2611;streak_extended;21/03/2026 07:36;104.0
10066;2612;app_open;19/02/2026 06:50;
10067;2612;signup_completed;19/02/2026 06:51;
10068;2612;onboarding_completed;19/02/2026 06:55;
10069;2613;app_open;23/02/2026 19:16;
10070;2613;signup_completed;23/02/2026 19:17;
10071;2614;app_open;02/01/2026 23:22;
10072;2614;signup_completed;02/01/2026 23:24;
10073;2614;onboarding_completed;02/01/2026 23:27;
10074;2614;lesson_start;02/01/2026 23:28;101.0
10075;2615;app_open;07/02/2026 21:49;
10076;2615;signup_completed;07/02/2026 21:49;
10077;2616;app_open;26/03/2026 19:00;
10078;2617;app_open;15/02/2026 15:29;
10079;2617;signup_completed;15/02/2026 15:30;
10080;2617;onboarding_completed;15/02/2026 15:35;
10081;2617;lesson_start;15/02/2026 15:35;101.0
10082;2617;quiz_completed;15/02/2026 15:43;101.0
10083;2617;streak_extended;16/02/2026 13:43;102.0
10084;2618;app_open;05/01/2026 05:26;
10085;2618;signup_completed;05/01/2026 05:27;
10086;2619;app_open;03/03/2026 17:13;
10087;2619;signup_completed;03/03/2026 17:14;
10088;2620;app_open;07/02/2026 13:29;
10089;2620;signup_completed;07/02/2026 13:30;
10090;2620;onboarding_completed;07/02/2026 13:33;
10091;2620;lesson_start;07/02/2026 13:35;101.0
10092;2621;app_open;06/02/2026 05:51;
10093;2622;app_open;25/01/2026 15:02;
10094;2622;signup_completed;25/01/2026 15:04;
10095;2622;onboarding_completed;25/01/2026 15:06;
10096;2622;lesson_start;25/01/2026 15:07;101.0
10097;2622;quiz_completed;25/01/2026 15:14;101.0
10098;2622;streak_extended;08/02/2026 16:14;115.0
10099;2623;app_open;14/03/2026 13:22;
10100;2623;signup_completed;14/03/2026 13:24;
10101;2623;onboarding_completed;14/03/2026 13:25;
10102;2624;app_open;02/01/2026 13:50;
10103;2624;signup_completed;02/01/2026 13:51;
10104;2624;onboarding_completed;02/01/2026 13:55;
10105;2625;app_open;04/02/2026 16:05;
10106;2625;signup_completed;04/02/2026 16:06;
10107;2625;onboarding_completed;04/02/2026 16:11;
10108;2626;app_open;18/03/2026 13:23;
10109;2626;signup_completed;18/03/2026 13:24;
10110;2626;onboarding_completed;18/03/2026 13:27;
10111;2626;lesson_start;18/03/2026 13:29;101.0
10112;2626;quiz_completed;18/03/2026 13:34;101.0
10113;2626;streak_extended;19/03/2026 15:34;102.0
10114;2626;streak_extended;25/03/2026 11:34;108.0
10115;2627;app_open;07/01/2026 13:25;
10116;2627;signup_completed;07/01/2026 13:27;
10117;2627;onboarding_completed;07/01/2026 13:29;
10118;2628;app_open;03/02/2026 11:26;
10119;2628;signup_completed;03/02/2026 11:28;
10120;2628;onboarding_completed;03/02/2026 11:31;
10121;2628;lesson_start;03/02/2026 11:32;101.0
10122;2629;app_open;24/01/2026 09:51;
10123;2629;signup_completed;24/01/2026 09:52;
10124;2629;onboarding_completed;24/01/2026 09:56;
10125;2630;app_open;13/03/2026 03:52;
10126;2630;signup_completed;13/03/2026 03:53;
10127;2631;app_open;05/03/2026 19:09;
10128;2632;app_open;02/03/2026 23:56;
10129;2632;signup_completed;02/03/2026 23:58;
10130;2632;onboarding_completed;03/03/2026 00:02;
10131;2632;lesson_start;03/03/2026 00:03;101.0
10132;2633;app_open;11/01/2026 01:33;
10133;2633;signup_completed;11/01/2026 01:34;
10134;2633;onboarding_completed;11/01/2026 01:39;
10135;2634;app_open;16/03/2026 21:43;
10136;2634;signup_completed;16/03/2026 21:44;
10137;2634;onboarding_completed;16/03/2026 21:46;
10138;2635;app_open;26/02/2026 11:55;
10139;2635;signup_completed;26/02/2026 11:57;
10140;2636;app_open;13/03/2026 09:06;
10141;2636;signup_completed;13/03/2026 09:08;
10142;2637;app_open;15/03/2026 11:11;
10143;2637;signup_completed;15/03/2026 11:12;
10144;2637;onboarding_completed;15/03/2026 11:14;
10145;2638;app_open;02/02/2026 06:49;
10146;2638;signup_completed;02/02/2026 06:50;
10147;2639;app_open;13/01/2026 22:52;
10148;2639;signup_completed;13/01/2026 22:53;
10149;2639;onboarding_completed;13/01/2026 22:56;
10150;2640;app_open;05/01/2026 07:18;
10151;2640;signup_completed;05/01/2026 07:20;
10152;2640;onboarding_completed;05/01/2026 07:22;
10153;2640;lesson_start;05/01/2026 07:24;101.0
10154;2640;quiz_completed;05/01/2026 07:28;101.0
10155;2640;streak_extended;08/01/2026 05:28;104.0
10156;2641;app_open;04/02/2026 04:54;
10157;2641;signup_completed;04/02/2026 04:56;
10158;2641;onboarding_completed;04/02/2026 04:57;
10159;2641;lesson_start;04/02/2026 04:58;101.0
10160;2641;quiz_completed;04/02/2026 05:05;101.0
10161;2641;streak_extended;09/02/2026 03:05;106.0
10162;2642;app_open;23/02/2026 00:18;
10163;2642;signup_completed;23/02/2026 00:19;
10164;2642;onboarding_completed;23/02/2026 00:21;
10165;2642;lesson_start;23/02/2026 00:22;101.0
10166;2642;quiz_completed;23/02/2026 00:29;101.0
10167;2642;streak_extended;28/02/2026 00:29;106.0
10168;2643;app_open;02/02/2026 20:52;
10169;2644;app_open;20/03/2026 23:36;
10170;2644;signup_completed;20/03/2026 23:37;
10171;2644;onboarding_completed;20/03/2026 23:41;
10172;2645;app_open;04/03/2026 09:49;
10173;2646;app_open;17/01/2026 23:59;
10174;2646;signup_completed;18/01/2026 00:00;
10175;2646;onboarding_completed;18/01/2026 00:03;
10176;2647;app_open;22/03/2026 14:56;
10177;2647;signup_completed;22/03/2026 14:57;
10178;2647;onboarding_completed;22/03/2026 15:00;
10179;2648;app_open;17/03/2026 15:32;
10180;2648;signup_completed;17/03/2026 15:32;
10181;2648;onboarding_completed;17/03/2026 15:37;
10182;2648;lesson_start;17/03/2026 15:38;101.0
10183;2648;quiz_completed;17/03/2026 15:43;101.0
10184;2648;streak_extended;18/03/2026 13:43;102.0
10185;2648;streak_extended;22/03/2026 17:43;106.0
10186;2648;streak_extended;31/03/2026 14:43;115.0
10187;2649;app_open;08/03/2026 11:25;
10188;2649;signup_completed;08/03/2026 11:27;
10189;2649;onboarding_completed;08/03/2026 11:28;
10190;2649;lesson_start;08/03/2026 11:29;101.0
10191;2649;quiz_completed;08/03/2026 11:32;101.0
10192;2649;streak_extended;09/03/2026 09:32;102.0
10193;2650;app_open;15/02/2026 02:38;
10194;2651;app_open;09/03/2026 12:22;
10195;2652;app_open;16/02/2026 11:03;
10196;2652;signup_completed;16/02/2026 11:05;
10197;2652;onboarding_completed;16/02/2026 11:10;
10198;2652;lesson_start;16/02/2026 11:10;101.0
10199;2653;app_open;03/03/2026 08:03;
10200;2653;signup_completed;03/03/2026 08:04;
10201;2653;onboarding_completed;03/03/2026 08:05;
10202;2653;lesson_start;03/03/2026 08:06;101.0
10203;2653;quiz_completed;03/03/2026 08:12;101.0
10204;2653;streak_extended;04/03/2026 10:12;102.0
10205;2653;streak_extended;06/03/2026 10:12;104.0
10206;2654;app_open;18/01/2026 16:44;
10207;2654;signup_completed;18/01/2026 16:46;
10208;2655;app_open;20/03/2026 18:55;
10209;2655;signup_completed;20/03/2026 18:56;
10210;2655;onboarding_completed;20/03/2026 19:00;
10211;2656;app_open;14/01/2026 02:13;
10212;2656;signup_completed;14/01/2026 02:14;
10213;2656;onboarding_completed;14/01/2026 02:19;
10214;2656;lesson_start;14/01/2026 02:20;101.0
10215;2657;app_open;07/01/2026 03:02;
10216;2658;app_open;11/03/2026 12:30;
10217;2658;signup_completed;11/03/2026 12:31;
10218;2658;onboarding_completed;11/03/2026 12:33;
10219;2658;lesson_start;11/03/2026 12:34;101.0
10220;2658;quiz_completed;11/03/2026 12:42;101.0
10221;2659;app_open;17/03/2026 08:39;
10222;2659;signup_completed;17/03/2026 08:40;
10223;2660;app_open;14/02/2026 10:28;
10224;2660;signup_completed;14/02/2026 10:30;
10225;2660;onboarding_completed;14/02/2026 10:33;
10226;2661;app_open;04/01/2026 14:10;
10227;2661;signup_completed;04/01/2026 14:12;
10228;2661;onboarding_completed;04/01/2026 14:17;
10229;2661;lesson_start;04/01/2026 14:18;101.0
10230;2661;quiz_completed;04/01/2026 14:25;101.0
10231;2661;streak_extended;05/01/2026 14:25;102.0
10232;2661;streak_extended;07/01/2026 13:25;104.0
10233;2662;app_open;29/01/2026 11:46;
10234;2662;signup_completed;29/01/2026 11:46;
10235;2662;onboarding_completed;29/01/2026 11:49;
10236;2663;app_open;20/01/2026 13:44;
10237;2663;signup_completed;20/01/2026 13:45;
10238;2663;onboarding_completed;20/01/2026 13:47;
10239;2663;lesson_start;20/01/2026 13:48;101.0
10240;2663;quiz_completed;20/01/2026 13:52;101.0
10241;2663;streak_extended;21/01/2026 13:52;102.0
10242;2663;streak_extended;22/01/2026 14:52;103.0
10243;2663;streak_extended;23/01/2026 15:52;104.0
10244;2663;streak_extended;27/01/2026 11:52;108.0
10245;2663;streak_extended;03/02/2026 13:52;115.0
10246;2664;app_open;05/01/2026 06:04;
10247;2664;signup_completed;05/01/2026 06:06;
10248;2664;onboarding_completed;05/01/2026 06:07;
10249;2664;lesson_start;05/01/2026 06:08;101.0
10250;2664;quiz_completed;05/01/2026 06:13;101.0
10251;2664;streak_extended;06/01/2026 05:13;102.0
10252;2664;streak_extended;07/01/2026 05:13;103.0
10253;2665;app_open;18/03/2026 19:25;
10254;2665;signup_completed;18/03/2026 19:26;
10255;2665;onboarding_completed;18/03/2026 19:27;
10256;2665;lesson_start;18/03/2026 19:28;101.0
10257;2665;quiz_completed;18/03/2026 19:32;101.0
10258;2665;streak_extended;20/03/2026 17:32;103.0
10259;2666;app_open;20/01/2026 08:47;
10260;2666;signup_completed;20/01/2026 08:49;
10261;2666;onboarding_completed;20/01/2026 08:52;
10262;2667;app_open;28/03/2026 00:02;
10263;2668;app_open;05/01/2026 01:38;
10264;2668;signup_completed;05/01/2026 01:40;
10265;2668;onboarding_completed;05/01/2026 01:44;
10266;2668;lesson_start;05/01/2026 01:45;101.0
10267;2668;quiz_completed;05/01/2026 01:53;101.0
10268;2668;streak_extended;05/01/2026 23:53;102.0
10269;2668;streak_extended;07/01/2026 02:53;103.0
10270;2668;streak_extended;08/01/2026 01:53;104.0
10271;2668;streak_extended;09/01/2026 23:53;106.0
10272;2668;streak_extended;04/02/2026 01:53;131.0
10273;2669;app_open;31/01/2026 15:23;
10274;2669;signup_completed;31/01/2026 15:24;
10275;2669;onboarding_completed;31/01/2026 15:28;
10276;2669;lesson_start;31/01/2026 15:30;101.0
10277;2669;quiz_completed;31/01/2026 15:35;101.0
10278;2669;streak_extended;05/02/2026 13:35;106.0
10279;2669;streak_extended;14/02/2026 16:35;115.0
10280;2670;app_open;31/01/2026 02:31;
10281;2670;signup_completed;31/01/2026 02:32;
10282;2670;onboarding_completed;31/01/2026 02:34;
10283;2671;app_open;20/02/2026 00:55;
10284;2671;signup_completed;20/02/2026 00:56;
10285;2671;onboarding_completed;20/02/2026 00:59;
10286;2671;lesson_start;20/02/2026 01:00;101.0
10287;2672;app_open;08/02/2026 15:55;
10288;2673;app_open;21/03/2026 04:02;
10289;2673;signup_completed;21/03/2026 04:03;
10290;2673;onboarding_completed;21/03/2026 04:05;
10291;2674;app_open;22/02/2026 17:21;
10292;2674;signup_completed;22/02/2026 17:22;
10293;2674;onboarding_completed;22/02/2026 17:24;
10294;2675;app_open;15/02/2026 23:06;
10295;2675;signup_completed;15/02/2026 23:06;
10296;2675;onboarding_completed;15/02/2026 23:09;
10297;2676;app_open;25/01/2026 14:15;
10298;2676;signup_completed;25/01/2026 14:17;
10299;2676;onboarding_completed;25/01/2026 14:19;
10300;2677;app_open;04/01/2026 13:19;
10301;2677;signup_completed;04/01/2026 13:20;
10302;2677;onboarding_completed;04/01/2026 13:23;
10303;2677;lesson_start;04/01/2026 13:24;101.0
10304;2677;quiz_completed;04/01/2026 13:28;101.0
10305;2677;streak_extended;06/01/2026 14:28;103.0
10306;2677;streak_extended;07/01/2026 14:28;104.0
10307;2677;streak_extended;11/01/2026 12:28;108.0
10308;2678;app_open;15/03/2026 03:17;
10309;2678;signup_completed;15/03/2026 03:18;
10310;2678;onboarding_completed;15/03/2026 03:20;
10311;2679;app_open;04/03/2026 19:23;
10312;2679;signup_completed;04/03/2026 19:24;
10313;2680;app_open;19/01/2026 13:18;
10314;2680;signup_completed;19/01/2026 13:19;
10315;2681;app_open;28/01/2026 18:41;
10316;2681;signup_completed;28/01/2026 18:42;
10317;2681;onboarding_completed;28/01/2026 18:45;
10318;2682;app_open;04/02/2026 15:48;
10319;2682;signup_completed;04/02/2026 15:50;
10320;2683;app_open;25/03/2026 16:55;
10321;2683;signup_completed;25/03/2026 16:56;
10322;2683;onboarding_completed;25/03/2026 17:00;
10323;2684;app_open;17/03/2026 19:29;
10324;2684;signup_completed;17/03/2026 19:31;
10325;2684;onboarding_completed;17/03/2026 19:35;
10326;2685;app_open;05/01/2026 15:23;
10327;2685;signup_completed;05/01/2026 15:24;
10328;2686;app_open;26/03/2026 01:27;
10329;2686;signup_completed;26/03/2026 01:28;
10330;2686;onboarding_completed;26/03/2026 01:33;
10331;2686;lesson_start;26/03/2026 01:34;101.0
10332;2686;quiz_completed;26/03/2026 01:37;101.0
10333;2686;streak_extended;27/03/2026 01:37;102.0
10334;2687;app_open;05/03/2026 15:57;
10335;2687;signup_completed;05/03/2026 15:59;
10336;2687;onboarding_completed;05/03/2026 16:02;
10337;2688;app_open;02/02/2026 05:26;
10338;2688;signup_completed;02/02/2026 05:28;
10339;2689;app_open;27/01/2026 12:38;
10340;2689;signup_completed;27/01/2026 12:39;
10341;2689;onboarding_completed;27/01/2026 12:44;
10342;2689;lesson_start;27/01/2026 12:44;101.0
10343;2689;quiz_completed;27/01/2026 12:49;101.0
10344;2689;streak_extended;28/01/2026 12:49;102.0
10345;2689;streak_extended;29/01/2026 10:49;103.0
10346;2689;streak_extended;10/02/2026 11:49;115.0
10347;2689;streak_extended;26/02/2026 10:49;131.0
10348;2690;app_open;13/01/2026 02:02;
10349;2690;signup_completed;13/01/2026 02:03;
10350;2691;app_open;19/03/2026 14:36;
10351;2691;signup_completed;19/03/2026 14:37;
10352;2691;onboarding_completed;19/03/2026 14:39;
10353;2692;app_open;05/02/2026 17:32;
10354;2692;signup_completed;05/02/2026 17:34;
10355;2693;app_open;12/02/2026 10:10;
10356;2693;signup_completed;12/02/2026 10:11;
10357;2693;onboarding_completed;12/02/2026 10:13;
10358;2694;app_open;28/03/2026 08:39;
10359;2694;signup_completed;28/03/2026 08:39;
10360;2694;onboarding_completed;28/03/2026 08:40;
10361;2694;lesson_start;28/03/2026 08:41;101.0
10362;2694;quiz_completed;28/03/2026 08:49;101.0
10363;2694;streak_extended;29/03/2026 07:49;102.0
10364;2694;streak_extended;30/03/2026 10:49;103.0
10365;2694;streak_extended;02/04/2026 09:49;106.0
10366;2694;streak_extended;11/04/2026 06:49;115.0
10367;2695;app_open;08/02/2026 20:07;
10368;2695;signup_completed;08/02/2026 20:08;
10369;2695;onboarding_completed;08/02/2026 20:12;
10370;2695;lesson_start;08/02/2026 20:13;101.0
10371;2695;quiz_completed;08/02/2026 20:20;101.0
10372;2695;streak_extended;10/02/2026 21:20;103.0
10373;2695;streak_extended;11/02/2026 18:20;104.0
10374;2695;streak_extended;22/02/2026 19:20;115.0
10375;2696;app_open;14/03/2026 04:01;
10376;2696;signup_completed;14/03/2026 04:02;
10377;2696;onboarding_completed;14/03/2026 04:06;
10378;2696;lesson_start;14/03/2026 04:07;101.0
10379;2696;quiz_completed;14/03/2026 04:11;101.0
10380;2696;streak_extended;15/03/2026 04:11;102.0
10381;2696;streak_extended;16/03/2026 03:11;103.0
10382;2697;app_open;12/02/2026 16:39;
10383;2697;signup_completed;12/02/2026 16:40;
10384;2697;onboarding_completed;12/02/2026 16:44;
10385;2697;lesson_start;12/02/2026 16:45;101.0
10386;2697;quiz_completed;12/02/2026 16:53;101.0
10387;2697;streak_extended;13/02/2026 15:53;102.0
10388;2698;app_open;28/03/2026 20:39;
10389;2698;signup_completed;28/03/2026 20:40;
10390;2699;app_open;07/02/2026 12:56;
10391;2699;signup_completed;07/02/2026 12:57;
10392;2699;onboarding_completed;07/02/2026 12:59;
10393;2700;app_open;02/02/2026 22:00;
10394;2701;app_open;19/01/2026 03:18;
10395;2701;signup_completed;19/01/2026 03:20;
10396;2702;app_open;18/02/2026 04:14;
10397;2702;signup_completed;18/02/2026 04:14;
10398;2702;onboarding_completed;18/02/2026 04:15;
10399;2703;app_open;09/03/2026 04:38;
10400;2703;signup_completed;09/03/2026 04:39;
10401;2703;onboarding_completed;09/03/2026 04:42;
10402;2704;app_open;18/02/2026 07:18;
10403;2704;signup_completed;18/02/2026 07:19;
10404;2705;app_open;05/02/2026 15:58;
10405;2705;signup_completed;05/02/2026 16:00;
10406;2705;onboarding_completed;05/02/2026 16:02;
10407;2705;lesson_start;05/02/2026 16:03;101.0
10408;2705;quiz_completed;05/02/2026 16:09;101.0
10409;2705;streak_extended;06/02/2026 17:09;102.0
10410;2705;streak_extended;08/02/2026 17:09;104.0
10411;2705;streak_extended;07/03/2026 17:09;131.0
10412;2706;app_open;19/03/2026 09:49;
10413;2706;signup_completed;19/03/2026 09:50;
10414;2706;onboarding_completed;19/03/2026 09:51;
10415;2706;lesson_start;19/03/2026 09:52;101.0
10416;2706;quiz_completed;19/03/2026 09:56;101.0
10417;2706;streak_extended;24/03/2026 09:56;106.0
10418;2706;streak_extended;02/04/2026 11:56;115.0
10419;2707;app_open;20/02/2026 10:00;
10420;2707;signup_completed;20/02/2026 10:00;
10421;2707;onboarding_completed;20/02/2026 10:02;
10422;2707;lesson_start;20/02/2026 10:03;101.0
10423;2708;app_open;26/01/2026 21:30;
10424;2709;app_open;19/03/2026 18:48;
10425;2709;signup_completed;19/03/2026 18:49;
10426;2709;onboarding_completed;19/03/2026 18:50;
10427;2709;lesson_start;19/03/2026 18:51;101.0
10428;2709;quiz_completed;19/03/2026 18:57;101.0
10429;2709;streak_extended;20/03/2026 18:57;102.0
10430;2709;streak_extended;21/03/2026 17:57;103.0
10431;2709;streak_extended;22/03/2026 18:57;104.0
10432;2709;streak_extended;02/04/2026 19:57;115.0
10433;2710;app_open;09/01/2026 00:29;
10434;2710;signup_completed;09/01/2026 00:31;
10435;2710;onboarding_completed;09/01/2026 00:35;
10436;2711;app_open;12/03/2026 14:13;
10437;2711;signup_completed;12/03/2026 14:14;
10438;2711;onboarding_completed;12/03/2026 14:17;
10439;2712;app_open;11/02/2026 05:09;
10440;2712;signup_completed;11/02/2026 05:10;
10441;2713;app_open;08/01/2026 15:54;
10442;2714;app_open;11/02/2026 19:23;
10443;2714;signup_completed;11/02/2026 19:24;
10444;2714;onboarding_completed;11/02/2026 19:29;
10445;2715;app_open;28/02/2026 11:49;
10446;2715;signup_completed;28/02/2026 11:50;
10447;2715;onboarding_completed;28/02/2026 11:53;
10448;2715;lesson_start;28/02/2026 11:53;101.0
10449;2715;quiz_completed;28/02/2026 11:58;101.0
10450;2716;app_open;21/03/2026 20:11;
10451;2716;signup_completed;21/03/2026 20:13;
10452;2716;onboarding_completed;21/03/2026 20:14;
10453;2717;app_open;18/01/2026 12:29;
10454;2718;app_open;22/02/2026 23:02;
10455;2718;signup_completed;22/02/2026 23:04;
10456;2719;app_open;29/01/2026 12:31;
10457;2719;signup_completed;29/01/2026 12:32;
10458;2719;onboarding_completed;29/01/2026 12:33;
10459;2720;app_open;01/02/2026 04:28;
10460;2720;signup_completed;01/02/2026 04:29;
10461;2720;onboarding_completed;01/02/2026 04:33;
10462;2720;lesson_start;01/02/2026 04:34;101.0
10463;2720;quiz_completed;01/02/2026 04:38;101.0
10464;2720;streak_extended;03/02/2026 06:38;103.0
10465;2720;streak_extended;06/02/2026 03:38;106.0
10466;2720;streak_extended;08/02/2026 05:38;108.0
10467;2720;streak_extended;03/03/2026 06:38;131.0
10468;2721;app_open;10/01/2026 23:04;
10469;2722;app_open;08/01/2026 18:34;
10470;2722;signup_completed;08/01/2026 18:35;
10471;2723;app_open;01/02/2026 20:06;
10472;2724;app_open;06/03/2026 04:03;
10473;2724;signup_completed;06/03/2026 04:04;
10474;2724;onboarding_completed;06/03/2026 04:09;
10475;2724;lesson_start;06/03/2026 04:09;101.0
10476;2724;quiz_completed;06/03/2026 04:16;101.0
10477;2724;streak_extended;07/03/2026 03:16;102.0
10478;2724;streak_extended;11/03/2026 06:16;106.0
10479;2724;streak_extended;05/04/2026 03:16;131.0
10480;2725;app_open;29/01/2026 16:53;
10481;2725;signup_completed;29/01/2026 16:53;
10482;2725;onboarding_completed;29/01/2026 16:56;
10483;2726;app_open;30/01/2026 18:11;
10484;2726;signup_completed;30/01/2026 18:12;
10485;2726;onboarding_completed;30/01/2026 18:14;
10486;2727;app_open;13/02/2026 07:03;
10487;2727;signup_completed;13/02/2026 07:04;
10488;2727;onboarding_completed;13/02/2026 07:06;
10489;2728;app_open;28/02/2026 12:12;
10490;2728;signup_completed;28/02/2026 12:13;
10491;2728;onboarding_completed;28/02/2026 12:16;
10492;2728;lesson_start;28/02/2026 12:17;101.0
10493;2728;quiz_completed;28/02/2026 12:25;101.0
10494;2728;streak_extended;01/03/2026 12:25;102.0
10495;2728;streak_extended;03/03/2026 12:25;104.0
10496;2728;streak_extended;07/03/2026 13:25;108.0
10497;2728;streak_extended;14/03/2026 13:25;115.0
10498;2729;app_open;11/03/2026 16:16;
10499;2729;signup_completed;11/03/2026 16:18;
10500;2729;onboarding_completed;11/03/2026 16:20;
10501;2729;lesson_start;11/03/2026 16:20;101.0
10502;2729;quiz_completed;11/03/2026 16:23;101.0
10503;2729;streak_extended;13/03/2026 16:23;103.0
10504;2729;streak_extended;16/03/2026 15:23;106.0
10505;2729;streak_extended;18/03/2026 17:23;108.0
10506;2730;app_open;11/02/2026 08:55;
10507;2730;signup_completed;11/02/2026 08:56;
10508;2730;onboarding_completed;11/02/2026 08:59;
10509;2730;lesson_start;11/02/2026 08:59;101.0
10510;2731;app_open;17/01/2026 04:18;
10511;2731;signup_completed;17/01/2026 04:20;
10512;2731;onboarding_completed;17/01/2026 04:21;
10513;2732;app_open;08/03/2026 23:16;
10514;2732;signup_completed;08/03/2026 23:17;
10515;2732;onboarding_completed;08/03/2026 23:18;
10516;2733;app_open;13/02/2026 02:22;
10517;2733;signup_completed;13/02/2026 02:23;
10518;2733;onboarding_completed;13/02/2026 02:25;
10519;2733;lesson_start;13/02/2026 02:26;101.0
10520;2733;quiz_completed;13/02/2026 02:32;101.0
10521;2733;streak_extended;14/02/2026 04:32;102.0
10522;2733;streak_extended;16/02/2026 02:32;104.0
10523;2733;streak_extended;18/02/2026 00:32;106.0
10524;2734;app_open;04/02/2026 03:09;
10525;2734;signup_completed;04/02/2026 03:11;
10526;2734;onboarding_completed;04/02/2026 03:15;
10527;2735;app_open;13/02/2026 09:53;
10528;2735;signup_completed;13/02/2026 09:54;
10529;2735;onboarding_completed;13/02/2026 09:57;
10530;2735;lesson_start;13/02/2026 09:57;101.0
10531;2735;quiz_completed;13/02/2026 10:00;101.0
10532;2735;streak_extended;16/02/2026 08:00;104.0
10533;2735;streak_extended;18/02/2026 11:00;106.0
10534;2735;streak_extended;20/02/2026 12:00;108.0
10535;2736;app_open;05/01/2026 02:41;
10536;2736;signup_completed;05/01/2026 02:43;
10537;2737;app_open;12/03/2026 13:36;
10538;2737;signup_completed;12/03/2026 13:37;
10539;2737;onboarding_completed;12/03/2026 13:39;
10540;2737;lesson_start;12/03/2026 13:40;101.0
10541;2737;quiz_completed;12/03/2026 13:47;101.0
10542;2737;streak_extended;14/03/2026 15:47;103.0
10543;2738;app_open;26/03/2026 11:20;
10544;2738;signup_completed;26/03/2026 11:21;
10545;2738;onboarding_completed;26/03/2026 11:26;
10546;2739;app_open;30/03/2026 12:11;
10547;2739;signup_completed;30/03/2026 12:12;
10548;2739;onboarding_completed;30/03/2026 12:16;
10549;2739;lesson_start;30/03/2026 12:17;101.0
10550;2739;quiz_completed;30/03/2026 12:22;101.0
10551;2739;streak_extended;01/04/2026 12:22;103.0
10552;2739;streak_extended;06/04/2026 13:22;108.0
10553;2740;app_open;04/02/2026 05:31;
10554;2740;signup_completed;04/02/2026 05:32;
10555;2740;onboarding_completed;04/02/2026 05:35;
10556;2740;lesson_start;04/02/2026 05:36;101.0
10557;2740;quiz_completed;04/02/2026 05:40;101.0
10558;2740;streak_extended;05/02/2026 07:40;102.0
10559;2741;app_open;01/03/2026 16:42;
10560;2741;signup_completed;01/03/2026 16:43;
10561;2741;onboarding_completed;01/03/2026 16:46;
10562;2741;lesson_start;01/03/2026 16:46;101.0
10563;2741;quiz_completed;01/03/2026 16:49;101.0
10564;2741;streak_extended;02/03/2026 17:49;102.0
10565;2741;streak_extended;08/03/2026 15:49;108.0
10566;2742;app_open;12/02/2026 05:29;
10567;2742;signup_completed;12/02/2026 05:30;
10568;2743;app_open;27/01/2026 15:45;
10569;2743;signup_completed;27/01/2026 15:47;
10570;2743;onboarding_completed;27/01/2026 15:50;
10571;2744;app_open;04/03/2026 02:04;
10572;2744;signup_completed;04/03/2026 02:06;
10573;2744;onboarding_completed;04/03/2026 02:10;
10574;2744;lesson_start;04/03/2026 02:12;101.0
10575;2744;quiz_completed;04/03/2026 02:16;101.0
10576;2744;streak_extended;05/03/2026 04:16;102.0
10577;2744;streak_extended;09/03/2026 04:16;106.0
10578;2745;app_open;18/03/2026 20:16;
10579;2745;signup_completed;18/03/2026 20:18;
10580;2745;onboarding_completed;18/03/2026 20:22;
10581;2745;lesson_start;18/03/2026 20:24;101.0
10582;2745;quiz_completed;18/03/2026 20:30;101.0
10583;2745;streak_extended;19/03/2026 21:30;102.0
10584;2745;streak_extended;17/04/2026 20:30;131.0
10585;2746;app_open;06/01/2026 13:39;
10586;2746;signup_completed;06/01/2026 13:41;
10587;2746;onboarding_completed;06/01/2026 13:43;
10588;2746;lesson_start;06/01/2026 13:45;101.0
10589;2746;quiz_completed;06/01/2026 13:52;101.0
10590;2746;streak_extended;07/01/2026 11:52;102.0
10591;2746;streak_extended;13/01/2026 11:52;108.0
10592;2746;streak_extended;20/01/2026 15:52;115.0
10593;2746;streak_extended;05/02/2026 12:52;131.0
10594;2747;app_open;08/01/2026 06:51;
10595;2747;signup_completed;08/01/2026 06:52;
10596;2747;onboarding_completed;08/01/2026 06:53;
10597;2747;lesson_start;08/01/2026 06:54;101.0
10598;2747;quiz_completed;08/01/2026 07:00;101.0
10599;2748;app_open;07/03/2026 03:58;
10600;2748;signup_completed;07/03/2026 03:59;
10601;2749;app_open;03/03/2026 21:30;
10602;2749;signup_completed;03/03/2026 21:31;
10603;2749;onboarding_completed;03/03/2026 21:34;
10604;2749;lesson_start;03/03/2026 21:34;101.0
10605;2749;quiz_completed;03/03/2026 21:42;101.0
10606;2749;streak_extended;04/03/2026 23:42;102.0
10607;2749;streak_extended;10/03/2026 19:42;108.0
10608;2750;app_open;09/02/2026 10:32;
10609;2750;signup_completed;09/02/2026 10:33;
10610;2750;onboarding_completed;09/02/2026 10:35;
10611;2751;app_open;05/02/2026 06:34;
10612;2751;signup_completed;05/02/2026 06:35;
10613;2751;onboarding_completed;05/02/2026 06:38;
10614;2751;lesson_start;05/02/2026 06:39;101.0
10615;2752;app_open;19/02/2026 19:34;
10616;2752;signup_completed;19/02/2026 19:35;
10617;2752;onboarding_completed;19/02/2026 19:38;
10618;2753;app_open;19/03/2026 18:41;
10619;2754;app_open;14/03/2026 19:23;
10620;2754;signup_completed;14/03/2026 19:24;
10621;2755;app_open;07/03/2026 23:08;
10622;2755;signup_completed;07/03/2026 23:09;
10623;2755;onboarding_completed;07/03/2026 23:11;
10624;2755;lesson_start;07/03/2026 23:12;101.0
10625;2755;quiz_completed;07/03/2026 23:16;101.0
10626;2755;streak_extended;09/03/2026 23:16;103.0
10627;2755;streak_extended;10/03/2026 22:16;104.0
10628;2756;app_open;16/01/2026 12:47;
10629;2756;signup_completed;16/01/2026 12:48;
10630;2756;onboarding_completed;16/01/2026 12:52;
10631;2756;lesson_start;16/01/2026 12:52;101.0
10632;2757;app_open;04/01/2026 00:33;
10633;2757;signup_completed;04/01/2026 00:34;
10634;2757;onboarding_completed;04/01/2026 00:36;
10635;2757;lesson_start;04/01/2026 00:38;101.0
10636;2757;quiz_completed;04/01/2026 00:44;101.0
10637;2758;app_open;14/01/2026 20:42;
10638;2758;signup_completed;14/01/2026 20:43;
10639;2758;onboarding_completed;14/01/2026 20:44;
10640;2758;lesson_start;14/01/2026 20:45;101.0
10641;2758;quiz_completed;14/01/2026 20:51;101.0
10642;2758;streak_extended;17/01/2026 18:51;104.0
10643;2759;app_open;24/03/2026 09:32;
10644;2759;signup_completed;24/03/2026 09:34;
10645;2760;app_open;28/02/2026 23:44;
10646;2760;signup_completed;28/02/2026 23:46;
10647;2760;onboarding_completed;28/02/2026 23:49;
10648;2761;app_open;07/03/2026 20:03;
10649;2761;signup_completed;07/03/2026 20:05;
10650;2761;onboarding_completed;07/03/2026 20:08;
10651;2761;lesson_start;07/03/2026 20:09;101.0
10652;2762;app_open;17/03/2026 20:35;
10653;2762;signup_completed;17/03/2026 20:37;
10654;2763;app_open;12/02/2026 13:01;
10655;2763;signup_completed;12/02/2026 13:02;
10656;2763;onboarding_completed;12/02/2026 13:04;
10657;2764;app_open;04/01/2026 09:05;
10658;2764;signup_completed;04/01/2026 09:05;
10659;2765;app_open;13/01/2026 06:08;
10660;2766;app_open;07/01/2026 12:39;
10661;2766;signup_completed;07/01/2026 12:41;
10662;2766;onboarding_completed;07/01/2026 12:45;
10663;2766;lesson_start;07/01/2026 12:47;101.0
10664;2766;quiz_completed;07/01/2026 12:50;101.0
10665;2766;streak_extended;08/01/2026 12:50;102.0
10666;2766;streak_extended;09/01/2026 11:50;103.0
10667;2766;streak_extended;10/01/2026 13:50;104.0
10668;2767;app_open;23/01/2026 21:54;
10669;2767;signup_completed;23/01/2026 21:55;
10670;2767;onboarding_completed;23/01/2026 21:56;
10671;2767;lesson_start;23/01/2026 21:57;101.0
10672;2768;app_open;17/03/2026 14:04;
10673;2769;app_open;04/03/2026 15:20;
10674;2769;signup_completed;04/03/2026 15:21;
10675;2769;onboarding_completed;04/03/2026 15:24;
10676;2769;lesson_start;04/03/2026 15:25;101.0
10677;2769;quiz_completed;04/03/2026 15:31;101.0
10678;2769;streak_extended;18/03/2026 16:31;115.0
10679;2770;app_open;05/02/2026 13:36;
10680;2770;signup_completed;05/02/2026 13:37;
10681;2770;onboarding_completed;05/02/2026 13:42;
10682;2770;lesson_start;05/02/2026 13:43;101.0
10683;2770;quiz_completed;05/02/2026 13:51;101.0
10684;2770;streak_extended;06/02/2026 15:51;102.0
10685;2770;streak_extended;08/02/2026 14:51;104.0
10686;2770;streak_extended;07/03/2026 14:51;131.0
10687;2771;app_open;05/02/2026 03:52;
10688;2771;signup_completed;05/02/2026 03:52;
10689;2771;onboarding_completed;05/02/2026 03:54;
10690;2772;app_open;07/02/2026 04:06;
10691;2772;signup_completed;07/02/2026 04:08;
10692;2773;app_open;25/02/2026 01:46;
10693;2773;signup_completed;25/02/2026 01:47;
10694;2774;app_open;04/01/2026 03:27;
10695;2774;signup_completed;04/01/2026 03:28;
10696;2774;onboarding_completed;04/01/2026 03:31;
10697;2774;lesson_start;04/01/2026 03:33;101.0
10698;2774;quiz_completed;04/01/2026 03:39;101.0
10699;2775;app_open;28/02/2026 17:58;
10700;2776;app_open;15/01/2026 21:32;
10701;2776;signup_completed;15/01/2026 21:33;
10702;2776;onboarding_completed;15/01/2026 21:35;
10703;2777;app_open;07/03/2026 22:19;
10704;2777;signup_completed;07/03/2026 22:21;
10705;2777;onboarding_completed;07/03/2026 22:25;
10706;2777;lesson_start;07/03/2026 22:25;101.0
10707;2778;app_open;13/02/2026 16:23;
10708;2778;signup_completed;13/02/2026 16:25;
10709;2779;app_open;06/02/2026 00:24;
10710;2779;signup_completed;06/02/2026 00:26;
10711;2780;app_open;06/02/2026 02:51;
10712;2780;signup_completed;06/02/2026 02:52;
10713;2780;onboarding_completed;06/02/2026 02:54;
10714;2781;app_open;13/02/2026 02:27;
10715;2781;signup_completed;13/02/2026 02:29;
10716;2781;onboarding_completed;13/02/2026 02:30;
10717;2782;app_open;16/03/2026 02:06;
10718;2782;signup_completed;16/03/2026 02:08;
10719;2783;app_open;08/01/2026 11:09;
10720;2783;signup_completed;08/01/2026 11:11;
10721;2783;onboarding_completed;08/01/2026 11:15;
10722;2784;app_open;25/02/2026 17:20;
10723;2784;signup_completed;25/02/2026 17:21;
10724;2784;onboarding_completed;25/02/2026 17:24;
10725;2784;lesson_start;25/02/2026 17:26;101.0
10726;2785;app_open;14/01/2026 08:51;
10727;2785;signup_completed;14/01/2026 08:52;
10728;2785;onboarding_completed;14/01/2026 08:57;
10729;2785;lesson_start;14/01/2026 08:58;101.0
10730;2785;quiz_completed;14/01/2026 09:01;101.0
10731;2785;streak_extended;15/01/2026 07:01;102.0
10732;2785;streak_extended;16/01/2026 11:01;103.0
10733;2785;streak_extended;17/01/2026 11:01;104.0
10734;2786;app_open;21/02/2026 09:43;
10735;2786;signup_completed;21/02/2026 09:45;
10736;2787;app_open;05/02/2026 15:03;
10737;2787;signup_completed;05/02/2026 15:04;
10738;2787;onboarding_completed;05/02/2026 15:07;
10739;2787;lesson_start;05/02/2026 15:08;101.0
10740;2787;quiz_completed;05/02/2026 15:12;101.0
10741;2787;streak_extended;10/02/2026 17:12;106.0
10742;2787;streak_extended;19/02/2026 13:12;115.0
10743;2788;app_open;08/02/2026 15:29;
10744;2788;signup_completed;08/02/2026 15:30;
10745;2788;onboarding_completed;08/02/2026 15:35;
10746;2788;lesson_start;08/02/2026 15:35;101.0
10747;2788;quiz_completed;08/02/2026 15:43;101.0
10748;2788;streak_extended;09/02/2026 17:43;102.0
10749;2788;streak_extended;10/03/2026 14:43;131.0
10750;2789;app_open;31/01/2026 12:34;
10751;2789;signup_completed;31/01/2026 12:34;
10752;2789;onboarding_completed;31/01/2026 12:37;
10753;2789;lesson_start;31/01/2026 12:38;101.0
10754;2789;quiz_completed;31/01/2026 12:42;101.0
10755;2789;streak_extended;02/02/2026 14:42;103.0
10756;2789;streak_extended;03/02/2026 13:42;104.0
10757;2789;streak_extended;14/02/2026 14:42;115.0
10758;2790;app_open;05/03/2026 01:35;
10759;2790;signup_completed;05/03/2026 01:36;
10760;2791;app_open;28/01/2026 01:23;
10761;2791;signup_completed;28/01/2026 01:25;
10762;2791;onboarding_completed;28/01/2026 01:28;
10763;2792;app_open;25/01/2026 05:38;
10764;2793;app_open;12/01/2026 00:21;
10765;2793;signup_completed;12/01/2026 00:22;
10766;2793;onboarding_completed;12/01/2026 00:25;
10767;2793;lesson_start;12/01/2026 00:26;101.0
10768;2793;quiz_completed;12/01/2026 00:34;101.0
10769;2793;streak_extended;17/01/2026 00:34;106.0
10770;2793;streak_extended;26/01/2026 01:34;115.0
10771;2794;app_open;03/01/2026 12:22;
10772;2794;signup_completed;03/01/2026 12:23;
10773;2795;app_open;13/03/2026 10:14;
10774;2795;signup_completed;13/03/2026 10:15;
10775;2795;onboarding_completed;13/03/2026 10:18;
10776;2795;lesson_start;13/03/2026 10:18;101.0
10777;2795;quiz_completed;13/03/2026 10:24;101.0
10778;2795;streak_extended;14/03/2026 08:24;102.0
10779;2795;streak_extended;15/03/2026 08:24;103.0
10780;2796;app_open;19/01/2026 01:31;
10781;2796;signup_completed;19/01/2026 01:32;
10782;2796;onboarding_completed;19/01/2026 01:34;
10783;2796;lesson_start;19/01/2026 01:36;101.0
10784;2796;quiz_completed;19/01/2026 01:39;101.0
10785;2796;streak_extended;21/01/2026 01:39;103.0
10786;2797;app_open;18/02/2026 10:51;
10787;2798;app_open;20/02/2026 06:26;
10788;2799;app_open;07/02/2026 13:44;
10789;2799;signup_completed;07/02/2026 13:45;
10790;2799;onboarding_completed;07/02/2026 13:48;
10791;2800;app_open;30/03/2026 16:42;
10792;2800;signup_completed;30/03/2026 16:44;
10793;2801;app_open;24/02/2026 12:47;
10794;2801;signup_completed;24/02/2026 12:49;
10795;2801;onboarding_completed;24/02/2026 12:53;
10796;2801;lesson_start;24/02/2026 12:54;101.0
10797;2801;quiz_completed;24/02/2026 13:01;101.0
10798;2801;streak_extended;01/03/2026 13:01;106.0
10799;2802;app_open;12/01/2026 10:24;
10800;2802;signup_completed;12/01/2026 10:25;
10801;2802;onboarding_completed;12/01/2026 10:28;
10802;2802;lesson_start;12/01/2026 10:29;101.0
10803;2802;quiz_completed;12/01/2026 10:33;101.0
10804;2802;streak_extended;14/01/2026 11:33;103.0
10805;2802;streak_extended;19/01/2026 09:33;108.0
10806;2803;app_open;26/01/2026 09:59;
10807;2803;signup_completed;26/01/2026 10:00;
10808;2803;onboarding_completed;26/01/2026 10:02;
10809;2804;app_open;17/03/2026 05:47;
10810;2804;signup_completed;17/03/2026 05:49;
10811;2804;onboarding_completed;17/03/2026 05:53;
10812;2805;app_open;26/01/2026 06:31;
10813;2805;signup_completed;26/01/2026 06:33;
10814;2805;onboarding_completed;26/01/2026 06:36;
10815;2805;lesson_start;26/01/2026 06:37;101.0
10816;2805;quiz_completed;26/01/2026 06:45;101.0
10817;2805;streak_extended;28/01/2026 04:45;103.0
10818;2805;streak_extended;29/01/2026 04:45;104.0
10819;2806;app_open;10/03/2026 08:31;
10820;2806;signup_completed;10/03/2026 08:32;
10821;2806;onboarding_completed;10/03/2026 08:34;
10822;2806;lesson_start;10/03/2026 08:36;101.0
10823;2807;app_open;13/02/2026 07:53;
10824;2807;signup_completed;13/02/2026 07:55;
10825;2807;onboarding_completed;13/02/2026 07:59;
10826;2807;lesson_start;13/02/2026 08:00;101.0
10827;2807;quiz_completed;13/02/2026 08:06;101.0
10828;2807;streak_extended;14/02/2026 09:06;102.0
10829;2807;streak_extended;16/02/2026 09:06;104.0
10830;2808;app_open;21/01/2026 19:59;
10831;2808;signup_completed;21/01/2026 20:00;
10832;2808;onboarding_completed;21/01/2026 20:04;
10833;2808;lesson_start;21/01/2026 20:04;101.0
10834;2809;app_open;01/03/2026 09:46;
10835;2809;signup_completed;01/03/2026 09:48;
10836;2809;onboarding_completed;01/03/2026 09:49;
10837;2809;lesson_start;01/03/2026 09:50;101.0
10838;2809;quiz_completed;01/03/2026 09:54;101.0
10839;2809;streak_extended;03/03/2026 07:54;103.0
10840;2810;app_open;28/01/2026 17:26;
10841;2810;signup_completed;28/01/2026 17:27;
10842;2811;app_open;09/03/2026 09:05;
10843;2811;signup_completed;09/03/2026 09:06;
10844;2811;onboarding_completed;09/03/2026 09:08;
10845;2812;app_open;30/03/2026 23:33;
10846;2812;signup_completed;30/03/2026 23:34;
10847;2812;onboarding_completed;30/03/2026 23:37;
10848;2813;app_open;17/02/2026 16:34;
10849;2813;signup_completed;17/02/2026 16:35;
10850;2813;onboarding_completed;17/02/2026 16:39;
10851;2814;app_open;20/01/2026 10:26;
10852;2814;signup_completed;20/01/2026 10:28;
10853;2814;onboarding_completed;20/01/2026 10:30;
10854;2815;app_open;12/01/2026 21:45;
10855;2815;signup_completed;12/01/2026 21:46;
10856;2816;app_open;14/01/2026 04:16;
10857;2816;signup_completed;14/01/2026 04:18;
10858;2816;onboarding_completed;14/01/2026 04:23;
10859;2817;app_open;24/03/2026 19:13;
10860;2817;signup_completed;24/03/2026 19:15;
10861;2817;onboarding_completed;24/03/2026 19:19;
10862;2818;app_open;08/01/2026 04:33;
10863;2818;signup_completed;08/01/2026 04:34;
10864;2818;onboarding_completed;08/01/2026 04:37;
10865;2818;lesson_start;08/01/2026 04:38;101.0
10866;2819;app_open;13/02/2026 21:20;
10867;2820;app_open;17/01/2026 18:19;
10868;2820;signup_completed;17/01/2026 18:19;
10869;2820;onboarding_completed;17/01/2026 18:22;
10870;2821;app_open;29/03/2026 06:04;
10871;2822;app_open;11/03/2026 06:16;
10872;2822;signup_completed;11/03/2026 06:16;
10873;2822;onboarding_completed;11/03/2026 06:21;
10874;2823;app_open;13/02/2026 05:11;
10875;2823;signup_completed;13/02/2026 05:13;
10876;2824;app_open;09/01/2026 12:34;
10877;2824;signup_completed;09/01/2026 12:35;
10878;2824;onboarding_completed;09/01/2026 12:37;
10879;2825;app_open;20/03/2026 16:37;
10880;2825;signup_completed;20/03/2026 16:39;
10881;2826;app_open;08/03/2026 05:00;
10882;2826;signup_completed;08/03/2026 05:02;
10883;2826;onboarding_completed;08/03/2026 05:05;
10884;2827;app_open;24/03/2026 02:12;
10885;2827;signup_completed;24/03/2026 02:13;
10886;2827;onboarding_completed;24/03/2026 02:16;
10887;2827;lesson_start;24/03/2026 02:17;101.0
10888;2827;quiz_completed;24/03/2026 02:23;101.0
10889;2827;streak_extended;25/03/2026 02:23;102.0
10890;2827;streak_extended;26/03/2026 01:23;103.0
10891;2827;streak_extended;27/03/2026 02:23;104.0
10892;2827;streak_extended;29/03/2026 02:23;106.0
10893;2828;app_open;01/02/2026 00:41;
10894;2828;signup_completed;01/02/2026 00:42;
10895;2829;app_open;06/03/2026 20:10;
10896;2829;signup_completed;06/03/2026 20:12;
10897;2829;onboarding_completed;06/03/2026 20:16;
10898;2829;lesson_start;06/03/2026 20:16;101.0
10899;2829;quiz_completed;06/03/2026 20:24;101.0
10900;2829;streak_extended;08/03/2026 21:24;103.0
10901;2830;app_open;03/02/2026 17:33;
10902;2830;signup_completed;03/02/2026 17:35;
10903;2830;onboarding_completed;03/02/2026 17:39;
10904;2830;lesson_start;03/02/2026 17:40;101.0
10905;2830;quiz_completed;03/02/2026 17:43;101.0
10906;2830;streak_extended;04/02/2026 19:43;102.0
10907;2830;streak_extended;05/02/2026 16:43;103.0
10908;2830;streak_extended;10/02/2026 16:43;108.0
10909;2831;app_open;10/03/2026 21:20;
10910;2831;signup_completed;10/03/2026 21:22;
10911;2832;app_open;07/01/2026 07:19;
10912;2832;signup_completed;07/01/2026 07:20;
10913;2832;onboarding_completed;07/01/2026 07:22;
10914;2832;lesson_start;07/01/2026 07:23;101.0
10915;2832;quiz_completed;07/01/2026 07:26;101.0
10916;2832;streak_extended;08/01/2026 06:26;102.0
10917;2832;streak_extended;10/01/2026 07:26;104.0
10918;2833;app_open;23/02/2026 09:35;
10919;2833;signup_completed;23/02/2026 09:36;
10920;2834;app_open;22/02/2026 15:21;
10921;2834;signup_completed;22/02/2026 15:21;
10922;2834;onboarding_completed;22/02/2026 15:25;
10923;2835;app_open;29/01/2026 04:35;
10924;2835;signup_completed;29/01/2026 04:37;
10925;2835;onboarding_completed;29/01/2026 04:41;
10926;2835;lesson_start;29/01/2026 04:41;101.0
10927;2835;quiz_completed;29/01/2026 04:45;101.0
10928;2835;streak_extended;30/01/2026 06:45;102.0
10929;2835;streak_extended;31/01/2026 03:45;103.0
10930;2835;streak_extended;28/02/2026 06:45;131.0
10931;2836;app_open;28/03/2026 12:57;
10932;2836;signup_completed;28/03/2026 12:58;
10933;2836;onboarding_completed;28/03/2026 13:00;
10934;2837;app_open;30/01/2026 02:56;
10935;2837;signup_completed;30/01/2026 02:57;
10936;2837;onboarding_completed;30/01/2026 02:59;
10937;2837;lesson_start;30/01/2026 03:00;101.0
10938;2837;quiz_completed;30/01/2026 03:04;101.0
10939;2837;streak_extended;31/01/2026 04:04;102.0
10940;2837;streak_extended;13/02/2026 05:04;115.0
10941;2837;streak_extended;01/03/2026 04:04;131.0
10942;2838;app_open;24/03/2026 15:49;
10943;2838;signup_completed;24/03/2026 15:50;
10944;2838;onboarding_completed;24/03/2026 15:54;
10945;2838;lesson_start;24/03/2026 15:55;101.0
10946;2838;quiz_completed;24/03/2026 16:01;101.0
10947;2838;streak_extended;07/04/2026 17:01;115.0
10948;2839;app_open;16/01/2026 07:00;
10949;2839;signup_completed;16/01/2026 07:01;
10950;2840;app_open;11/03/2026 02:38;
10951;2840;signup_completed;11/03/2026 02:39;
10952;2841;app_open;10/03/2026 21:24;
10953;2841;signup_completed;10/03/2026 21:25;
10954;2841;onboarding_completed;10/03/2026 21:26;
10955;2841;lesson_start;10/03/2026 21:26;101.0
10956;2841;quiz_completed;10/03/2026 21:34;101.0
10957;2841;streak_extended;11/03/2026 21:34;102.0
10958;2842;app_open;09/03/2026 23:37;
10959;2842;signup_completed;09/03/2026 23:38;
10960;2842;onboarding_completed;09/03/2026 23:40;
10961;2842;lesson_start;09/03/2026 23:40;101.0
10962;2842;quiz_completed;09/03/2026 23:47;101.0
10963;2842;streak_extended;10/03/2026 21:47;102.0
10964;2842;streak_extended;11/03/2026 23:47;103.0
10965;2842;streak_extended;13/03/2026 01:47;104.0
10966;2842;streak_extended;17/03/2026 00:47;108.0
10967;2843;app_open;03/03/2026 21:56;
10968;2843;signup_completed;03/03/2026 21:58;
10969;2843;onboarding_completed;03/03/2026 22:00;
10970;2844;app_open;17/01/2026 21:39;
10971;2844;signup_completed;17/01/2026 21:40;
10972;2845;app_open;19/03/2026 01:26;
10973;2845;signup_completed;19/03/2026 01:28;
10974;2845;onboarding_completed;19/03/2026 01:32;
10975;2845;lesson_start;19/03/2026 01:33;101.0
10976;2845;quiz_completed;19/03/2026 01:36;101.0
10977;2845;streak_extended;20/03/2026 03:36;102.0
10978;2845;streak_extended;24/03/2026 00:36;106.0
10979;2846;app_open;05/02/2026 02:20;
10980;2846;signup_completed;05/02/2026 02:21;
10981;2846;onboarding_completed;05/02/2026 02:23;
10982;2846;lesson_start;05/02/2026 02:24;101.0
10983;2847;app_open;19/02/2026 09:29;
10984;2847;signup_completed;19/02/2026 09:30;
10985;2847;onboarding_completed;19/02/2026 09:34;
10986;2847;lesson_start;19/02/2026 09:35;101.0
10987;2848;app_open;22/01/2026 18:31;
10988;2848;signup_completed;22/01/2026 18:32;
10989;2848;onboarding_completed;22/01/2026 18:34;
10990;2848;lesson_start;22/01/2026 18:35;101.0
10991;2848;quiz_completed;22/01/2026 18:41;101.0
10992;2848;streak_extended;25/01/2026 18:41;104.0
10993;2849;app_open;12/01/2026 18:47;
10994;2849;signup_completed;12/01/2026 18:49;
10995;2850;app_open;20/01/2026 12:19;
10996;2850;signup_completed;20/01/2026 12:20;
10997;2850;onboarding_completed;20/01/2026 12:23;
10998;2851;app_open;18/03/2026 21:38;
10999;2851;signup_completed;18/03/2026 21:39;
11000;2851;onboarding_completed;18/03/2026 21:43;
11001;2851;lesson_start;18/03/2026 21:44;101.0
11002;2851;quiz_completed;18/03/2026 21:51;101.0
11003;2851;streak_extended;20/03/2026 19:51;103.0
11004;2851;streak_extended;21/03/2026 20:51;104.0
11005;2852;app_open;14/01/2026 11:36;
11006;2852;signup_completed;14/01/2026 11:37;
11007;2852;onboarding_completed;14/01/2026 11:41;
11008;2853;app_open;23/01/2026 23:38;
11009;2854;app_open;18/03/2026 17:42;
11010;2854;signup_completed;18/03/2026 17:43;
11011;2855;app_open;17/02/2026 23:09;
11012;2855;signup_completed;17/02/2026 23:11;
11013;2856;app_open;03/01/2026 13:14;
11014;2856;signup_completed;03/01/2026 13:15;
11015;2856;onboarding_completed;03/01/2026 13:19;
11016;2857;app_open;05/02/2026 00:56;
11017;2857;signup_completed;05/02/2026 00:58;
11018;2858;app_open;23/02/2026 18:57;
11019;2858;signup_completed;23/02/2026 18:58;
11020;2858;onboarding_completed;23/02/2026 19:01;
11021;2859;app_open;25/02/2026 13:30;
11022;2860;app_open;05/02/2026 19:37;
11023;2861;app_open;15/02/2026 09:08;
11024;2861;signup_completed;15/02/2026 09:09;
11025;2861;onboarding_completed;15/02/2026 09:11;
11026;2861;lesson_start;15/02/2026 09:13;101.0
11027;2861;quiz_completed;15/02/2026 09:19;101.0
11028;2861;streak_extended;16/02/2026 11:19;102.0
11029;2861;streak_extended;18/02/2026 08:19;104.0
11030;2861;streak_extended;20/02/2026 08:19;106.0
11031;2862;app_open;20/03/2026 00:40;
11032;2862;signup_completed;20/03/2026 00:41;
11033;2862;onboarding_completed;20/03/2026 00:43;
11034;2862;lesson_start;20/03/2026 00:43;101.0
11035;2862;quiz_completed;20/03/2026 00:50;101.0
11036;2862;streak_extended;25/03/2026 02:50;106.0
11037;2863;app_open;23/02/2026 13:25;
11038;2863;signup_completed;23/02/2026 13:27;
11039;2863;onboarding_completed;23/02/2026 13:30;
11040;2864;app_open;13/01/2026 14:23;
11041;2864;signup_completed;13/01/2026 14:25;
11042;2864;onboarding_completed;13/01/2026 14:29;
11043;2864;lesson_start;13/01/2026 14:31;101.0
11044;2864;quiz_completed;13/01/2026 14:36;101.0
11045;2864;streak_extended;14/01/2026 16:36;102.0
11046;2864;streak_extended;12/02/2026 12:36;131.0
11047;2865;app_open;01/03/2026 09:56;
11048;2865;signup_completed;01/03/2026 09:57;
11049;2865;onboarding_completed;01/03/2026 10:00;
11050;2865;lesson_start;01/03/2026 10:01;101.0
11051;2866;app_open;27/03/2026 20:26;
11052;2866;signup_completed;27/03/2026 20:27;
11053;2866;onboarding_completed;27/03/2026 20:28;
11054;2866;lesson_start;27/03/2026 20:29;101.0
11055;2866;quiz_completed;27/03/2026 20:33;101.0
11056;2866;streak_extended;28/03/2026 21:33;102.0
11057;2866;streak_extended;29/03/2026 19:33;103.0
11058;2867;app_open;09/01/2026 08:53;
11059;2867;signup_completed;09/01/2026 08:55;
11060;2868;app_open;07/01/2026 09:12;
11061;2868;signup_completed;07/01/2026 09:13;
11062;2868;onboarding_completed;07/01/2026 09:15;
11063;2868;lesson_start;07/01/2026 09:15;101.0
11064;2868;quiz_completed;07/01/2026 09:19;101.0
11065;2868;streak_extended;09/01/2026 08:19;103.0
11066;2869;app_open;31/01/2026 00:41;
11067;2869;signup_completed;31/01/2026 00:42;
11068;2869;onboarding_completed;31/01/2026 00:47;
11069;2870;app_open;08/02/2026 15:46;
11070;2870;signup_completed;08/02/2026 15:48;
11071;2870;onboarding_completed;08/02/2026 15:52;
11072;2870;lesson_start;08/02/2026 15:54;101.0
11073;2870;quiz_completed;08/02/2026 15:58;101.0
11074;2870;streak_extended;09/02/2026 17:58;102.0
11075;2870;streak_extended;15/02/2026 16:58;108.0
11076;2871;app_open;11/03/2026 14:34;
11077;2871;signup_completed;11/03/2026 14:35;
11078;2872;app_open;11/03/2026 19:05;
11079;2872;signup_completed;11/03/2026 19:07;
11080;2872;onboarding_completed;11/03/2026 19:12;
11081;2872;lesson_start;11/03/2026 19:12;101.0
11082;2872;quiz_completed;11/03/2026 19:16;101.0
11083;2873;app_open;16/02/2026 11:22;
11084;2873;signup_completed;16/02/2026 11:22;
11085;2873;onboarding_completed;16/02/2026 11:25;
11086;2873;lesson_start;16/02/2026 11:26;101.0
11087;2874;app_open;21/02/2026 00:57;
11088;2874;signup_completed;21/02/2026 00:58;
11089;2874;onboarding_completed;21/02/2026 01:02;
11090;2874;lesson_start;21/02/2026 01:03;101.0
11091;2874;quiz_completed;21/02/2026 01:11;101.0
11092;2874;streak_extended;21/02/2026 23:11;102.0
11093;2874;streak_extended;23/02/2026 00:11;103.0
11094;2874;streak_extended;24/02/2026 01:11;104.0
11095;2874;streak_extended;26/02/2026 02:11;106.0
11096;2875;app_open;09/02/2026 21:13;
11097;2875;signup_completed;09/02/2026 21:14;
11098;2876;app_open;16/03/2026 16:16;
11099;2876;signup_completed;16/03/2026 16:18;
11100;2876;onboarding_completed;16/03/2026 16:22;
11101;2876;lesson_start;16/03/2026 16:24;101.0
11102;2876;quiz_completed;16/03/2026 16:27;101.0
11103;2876;streak_extended;19/03/2026 14:27;104.0
11104;2876;streak_extended;30/03/2026 17:27;115.0
11105;2876;streak_extended;15/04/2026 16:27;131.0
11106;2877;app_open;09/02/2026 18:02;
11107;2877;signup_completed;09/02/2026 18:04;
11108;2877;onboarding_completed;09/02/2026 18:08;
11109;2877;lesson_start;09/02/2026 18:08;101.0
11110;2877;quiz_completed;09/02/2026 18:14;101.0
11111;2877;streak_extended;14/02/2026 20:14;106.0
11112;2878;app_open;21/03/2026 22:31;
11113;2879;app_open;25/02/2026 19:36;
11114;2879;signup_completed;25/02/2026 19:38;
11115;2880;app_open;08/01/2026 03:51;
11116;2880;signup_completed;08/01/2026 03:51;
11117;2881;app_open;13/01/2026 04:01;
11118;2881;signup_completed;13/01/2026 04:02;
11119;2881;onboarding_completed;13/01/2026 04:04;
11120;2882;app_open;31/01/2026 18:43;
11121;2882;signup_completed;31/01/2026 18:44;
11122;2882;onboarding_completed;31/01/2026 18:48;
11123;2883;app_open;04/03/2026 08:45;
11124;2883;signup_completed;04/03/2026 08:46;
11125;2884;app_open;08/01/2026 04:49;
11126;2885;app_open;13/02/2026 16:30;
11127;2885;signup_completed;13/02/2026 16:31;
11128;2885;onboarding_completed;13/02/2026 16:33;
11129;2886;app_open;15/02/2026 05:28;
11130;2886;signup_completed;15/02/2026 05:30;
11131;2886;onboarding_completed;15/02/2026 05:34;
11132;2887;app_open;08/03/2026 00:46;
11133;2887;signup_completed;08/03/2026 00:47;
11134;2888;app_open;20/02/2026 05:32;
11135;2888;signup_completed;20/02/2026 05:32;
11136;2888;onboarding_completed;20/02/2026 05:35;
11137;2888;lesson_start;20/02/2026 05:37;101.0
11138;2889;app_open;03/02/2026 10:46;
11139;2889;signup_completed;03/02/2026 10:47;
11140;2889;onboarding_completed;03/02/2026 10:48;
11141;2890;app_open;13/01/2026 11:02;
11142;2890;signup_completed;13/01/2026 11:04;
11143;2890;onboarding_completed;13/01/2026 11:09;
11144;2891;app_open;27/03/2026 05:47;
11145;2892;app_open;22/03/2026 11:50;
11146;2892;signup_completed;22/03/2026 11:51;
11147;2892;onboarding_completed;22/03/2026 11:52;
11148;2892;lesson_start;22/03/2026 11:53;101.0
11149;2892;quiz_completed;22/03/2026 11:57;101.0
11150;2892;streak_extended;23/03/2026 09:57;102.0
11151;2892;streak_extended;24/03/2026 13:57;103.0
11152;2893;app_open;17/03/2026 18:08;
11153;2893;signup_completed;17/03/2026 18:10;
11154;2893;onboarding_completed;17/03/2026 18:13;
11155;2893;lesson_start;17/03/2026 18:14;101.0
11156;2893;quiz_completed;17/03/2026 18:20;101.0
11157;2893;streak_extended;18/03/2026 19:20;102.0
11158;2893;streak_extended;19/03/2026 16:20;103.0
11159;2893;streak_extended;20/03/2026 16:20;104.0
11160;2893;streak_extended;22/03/2026 19:20;106.0
11161;2894;app_open;23/02/2026 12:37;
11162;2894;signup_completed;23/02/2026 12:39;
11163;2895;app_open;04/03/2026 02:49;
11164;2895;signup_completed;04/03/2026 02:51;
11165;2895;onboarding_completed;04/03/2026 02:54;
11166;2895;lesson_start;04/03/2026 02:54;101.0
11167;2895;quiz_completed;04/03/2026 02:59;101.0
11168;2895;streak_extended;05/03/2026 02:59;102.0
11169;2895;streak_extended;06/03/2026 00:59;103.0
11170;2895;streak_extended;03/04/2026 04:59;131.0
11171;2896;app_open;27/02/2026 01:38;
11172;2896;signup_completed;27/02/2026 01:39;
11173;2896;onboarding_completed;27/02/2026 01:42;
11174;2896;lesson_start;27/02/2026 01:43;101.0
11175;2896;quiz_completed;27/02/2026 01:49;101.0
11176;2896;streak_extended;01/03/2026 01:49;103.0
11177;2896;streak_extended;01/03/2026 23:49;104.0
11178;2897;app_open;18/01/2026 16:00;
11179;2897;signup_completed;18/01/2026 16:01;
11180;2898;app_open;16/03/2026 13:03;
11181;2898;signup_completed;16/03/2026 13:04;
11182;2898;onboarding_completed;16/03/2026 13:08;
11183;2898;lesson_start;16/03/2026 13:09;101.0
11184;2898;quiz_completed;16/03/2026 13:13;101.0
11185;2898;streak_extended;17/03/2026 11:13;102.0
11186;2899;app_open;13/01/2026 12:40;
11187;2899;signup_completed;13/01/2026 12:41;
11188;2899;onboarding_completed;13/01/2026 12:44;
11189;2899;lesson_start;13/01/2026 12:44;101.0
11190;2900;app_open;12/02/2026 00:04;
11191;2900;signup_completed;12/02/2026 00:06;
11192;2900;onboarding_completed;12/02/2026 00:09;
11193;2900;lesson_start;12/02/2026 00:10;101.0
11194;2900;quiz_completed;12/02/2026 00:16;101.0
11195;2900;streak_extended;12/02/2026 22:16;102.0
11196;2900;streak_extended;13/02/2026 22:16;103.0
11197;2900;streak_extended;19/02/2026 00:16;108.0
11198;2900;streak_extended;25/02/2026 23:16;115.0
11199;2900;streak_extended;14/03/2026 01:16;131.0
11200;2901;app_open;18/02/2026 19:45;
11201;2901;signup_completed;18/02/2026 19:46;
11202;2902;app_open;30/03/2026 10:06;
11203;2902;signup_completed;30/03/2026 10:08;
11204;2902;onboarding_completed;30/03/2026 10:13;
11205;2903;app_open;26/03/2026 07:04;
11206;2903;signup_completed;26/03/2026 07:05;
11207;2904;app_open;06/01/2026 09:07;
11208;2905;app_open;22/03/2026 17:16;
11209;2905;signup_completed;22/03/2026 17:18;
11210;2905;onboarding_completed;22/03/2026 17:22;
11211;2905;lesson_start;22/03/2026 17:24;101.0
11212;2906;app_open;13/01/2026 01:18;
11213;2906;signup_completed;13/01/2026 01:20;
11214;2906;onboarding_completed;13/01/2026 01:23;
11215;2906;lesson_start;13/01/2026 01:24;101.0
11216;2906;quiz_completed;13/01/2026 01:28;101.0
11217;2906;streak_extended;14/01/2026 00:28;102.0
11218;2906;streak_extended;15/01/2026 00:28;103.0
11219;2906;streak_extended;18/01/2026 03:28;106.0
11220;2906;streak_extended;19/01/2026 23:28;108.0
11221;2907;app_open;20/02/2026 07:15;
11222;2907;signup_completed;20/02/2026 07:17;
11223;2907;onboarding_completed;20/02/2026 07:21;
11224;2907;lesson_start;20/02/2026 07:21;101.0
11225;2907;quiz_completed;20/02/2026 07:27;101.0
11226;2907;streak_extended;21/02/2026 09:27;102.0
11227;2907;streak_extended;22/02/2026 09:27;103.0
11228;2907;streak_extended;25/02/2026 05:27;106.0
11229;2908;app_open;15/01/2026 20:33;
11230;2908;signup_completed;15/01/2026 20:34;
11231;2908;onboarding_completed;15/01/2026 20:38;
11232;2909;app_open;30/01/2026 12:39;
11233;2910;app_open;16/01/2026 23:40;
11234;2910;signup_completed;16/01/2026 23:42;
11235;2910;onboarding_completed;16/01/2026 23:44;
11236;2911;app_open;16/01/2026 17:24;
11237;2911;signup_completed;16/01/2026 17:26;
11238;2911;onboarding_completed;16/01/2026 17:29;
11239;2912;app_open;01/02/2026 07:51;
11240;2912;signup_completed;01/02/2026 07:52;
11241;2912;onboarding_completed;01/02/2026 07:53;
11242;2912;lesson_start;01/02/2026 07:55;101.0
11243;2912;quiz_completed;01/02/2026 07:58;101.0
11244;2912;streak_extended;02/02/2026 09:58;102.0
11245;2912;streak_extended;03/02/2026 05:58;103.0
11246;2912;streak_extended;04/02/2026 07:58;104.0
11247;2912;streak_extended;06/02/2026 07:58;106.0
11248;2913;app_open;10/03/2026 20:51;
11249;2913;signup_completed;10/03/2026 20:53;
11250;2913;onboarding_completed;10/03/2026 20:57;
11251;2913;lesson_start;10/03/2026 20:59;101.0
11252;2913;quiz_completed;10/03/2026 21:03;101.0
11253;2913;streak_extended;12/03/2026 22:03;103.0
11254;2914;app_open;22/01/2026 21:23;
11255;2914;signup_completed;22/01/2026 21:23;
11256;2914;onboarding_completed;22/01/2026 21:27;
11257;2914;lesson_start;22/01/2026 21:29;101.0
11258;2914;quiz_completed;22/01/2026 21:35;101.0
11259;2914;streak_extended;23/01/2026 21:35;102.0
11260;2915;app_open;03/02/2026 14:17;
11261;2915;signup_completed;03/02/2026 14:18;
11262;2915;onboarding_completed;03/02/2026 14:19;
11263;2915;lesson_start;03/02/2026 14:21;101.0
11264;2915;quiz_completed;03/02/2026 14:28;101.0
11265;2915;streak_extended;04/02/2026 13:28;102.0
11266;2916;app_open;20/02/2026 09:07;
11267;2916;signup_completed;20/02/2026 09:08;
11268;2917;app_open;28/03/2026 21:19;
11269;2917;signup_completed;28/03/2026 21:20;
11270;2917;onboarding_completed;28/03/2026 21:21;
11271;2917;lesson_start;28/03/2026 21:22;101.0
11272;2917;quiz_completed;28/03/2026 21:25;101.0
11273;2918;app_open;28/01/2026 13:52;
11274;2918;signup_completed;28/01/2026 13:54;
11275;2918;onboarding_completed;28/01/2026 13:57;
11276;2918;lesson_start;28/01/2026 13:57;101.0
11277;2918;quiz_completed;28/01/2026 14:03;101.0
11278;2918;streak_extended;29/01/2026 13:03;102.0
11279;2918;streak_extended;31/01/2026 15:03;104.0
11280;2918;streak_extended;04/02/2026 14:03;108.0
11281;2918;streak_extended;11/02/2026 15:03;115.0
11282;2918;streak_extended;27/02/2026 13:03;131.0
11283;2919;app_open;24/03/2026 03:10;
11284;2919;signup_completed;24/03/2026 03:11;
11285;2919;onboarding_completed;24/03/2026 03:15;
11286;2920;app_open;08/01/2026 15:45;
11287;2920;signup_completed;08/01/2026 15:46;
11288;2920;onboarding_completed;08/01/2026 15:47;
11289;2920;lesson_start;08/01/2026 15:48;101.0
11290;2920;quiz_completed;08/01/2026 15:54;101.0
11291;2920;streak_extended;10/01/2026 17:54;103.0
11292;2921;app_open;25/01/2026 07:57;
11293;2922;app_open;20/01/2026 01:24;
11294;2922;signup_completed;20/01/2026 01:25;
11295;2922;onboarding_completed;20/01/2026 01:29;
11296;2922;lesson_start;20/01/2026 01:31;101.0
11297;2922;quiz_completed;20/01/2026 01:36;101.0
11298;2922;streak_extended;21/01/2026 01:36;102.0
11299;2922;streak_extended;02/02/2026 23:36;115.0
11300;2923;app_open;03/03/2026 15:47;
11301;2923;signup_completed;03/03/2026 15:48;
11302;2923;onboarding_completed;03/03/2026 15:51;
11303;2923;lesson_start;03/03/2026 15:51;101.0
11304;2923;quiz_completed;03/03/2026 15:59;101.0
11305;2923;streak_extended;05/03/2026 16:59;103.0
11306;2923;streak_extended;10/03/2026 14:59;108.0
11307;2923;streak_extended;02/04/2026 14:59;131.0
11308;2924;app_open;23/02/2026 11:33;
11309;2924;signup_completed;23/02/2026 11:34;
11310;2924;onboarding_completed;23/02/2026 11:36;
11311;2925;app_open;27/01/2026 15:31;
11312;2925;signup_completed;27/01/2026 15:31;
11313;2926;app_open;13/01/2026 03:40;
11314;2926;signup_completed;13/01/2026 03:41;
11315;2926;onboarding_completed;13/01/2026 03:46;
11316;2927;app_open;02/03/2026 16:24;
11317;2927;signup_completed;02/03/2026 16:25;
11318;2927;onboarding_completed;02/03/2026 16:26;
11319;2928;app_open;30/01/2026 09:37;
11320;2928;signup_completed;30/01/2026 09:39;
11321;2928;onboarding_completed;30/01/2026 09:44;
11322;2929;app_open;01/03/2026 15:43;
11323;2929;signup_completed;01/03/2026 15:43;
11324;2929;onboarding_completed;01/03/2026 15:45;
11325;2929;lesson_start;01/03/2026 15:45;101.0
11326;2929;quiz_completed;01/03/2026 15:50;101.0
11327;2929;streak_extended;02/03/2026 13:50;102.0
11328;2929;streak_extended;03/03/2026 17:50;103.0
11329;2929;streak_extended;06/03/2026 13:50;106.0
11330;2930;app_open;21/02/2026 19:05;
11331;2930;signup_completed;21/02/2026 19:07;
11332;2930;onboarding_completed;21/02/2026 19:12;
11333;2931;app_open;10/01/2026 01:42;
11334;2931;signup_completed;10/01/2026 01:43;
11335;2932;app_open;18/02/2026 19:04;
11336;2932;signup_completed;18/02/2026 19:05;
11337;2933;app_open;04/03/2026 05:36;
11338;2933;signup_completed;04/03/2026 05:37;
11339;2933;onboarding_completed;04/03/2026 05:40;
11340;2933;lesson_start;04/03/2026 05:41;101.0
11341;2934;app_open;17/01/2026 08:57;
11342;2934;signup_completed;17/01/2026 08:57;
11343;2934;onboarding_completed;17/01/2026 08:58;
11344;2934;lesson_start;17/01/2026 09:00;101.0
11345;2934;quiz_completed;17/01/2026 09:04;101.0
11346;2934;streak_extended;18/01/2026 08:04;102.0
11347;2934;streak_extended;19/01/2026 11:04;103.0
11348;2934;streak_extended;20/01/2026 11:04;104.0
11349;2934;streak_extended;31/01/2026 07:04;115.0
11350;2935;app_open;27/02/2026 11:00;
11351;2935;signup_completed;27/02/2026 11:02;
11352;2935;onboarding_completed;27/02/2026 11:04;
11353;2935;lesson_start;27/02/2026 11:06;101.0
11354;2935;quiz_completed;27/02/2026 11:11;101.0
11355;2935;streak_extended;01/03/2026 11:11;103.0
11356;2935;streak_extended;06/03/2026 12:11;108.0
11357;2936;app_open;26/02/2026 09:00;
11358;2936;signup_completed;26/02/2026 09:01;
11359;2936;onboarding_completed;26/02/2026 09:05;
11360;2937;app_open;15/01/2026 23:17;
11361;2937;signup_completed;15/01/2026 23:18;
11362;2937;onboarding_completed;15/01/2026 23:20;
11363;2937;lesson_start;15/01/2026 23:21;101.0
11364;2937;quiz_completed;15/01/2026 23:28;101.0
11365;2937;streak_extended;17/01/2026 01:28;102.0
11366;2937;streak_extended;19/01/2026 00:28;104.0
11367;2938;app_open;17/01/2026 14:55;
11368;2938;signup_completed;17/01/2026 14:56;
11369;2938;onboarding_completed;17/01/2026 15:00;
11370;2938;lesson_start;17/01/2026 15:02;101.0
11371;2938;quiz_completed;17/01/2026 15:06;101.0
11372;2938;streak_extended;16/02/2026 14:06;131.0
11373;2939;app_open;05/03/2026 22:57;
11374;2939;signup_completed;05/03/2026 22:59;
11375;2940;app_open;02/03/2026 15:08;
11376;2940;signup_completed;02/03/2026 15:09;
11377;2940;onboarding_completed;02/03/2026 15:12;
11378;2940;lesson_start;02/03/2026 15:13;101.0
11379;2941;app_open;11/03/2026 23:11;
11380;2941;signup_completed;11/03/2026 23:13;
11381;2941;onboarding_completed;11/03/2026 23:16;
11382;2942;app_open;29/03/2026 13:48;
11383;2942;signup_completed;29/03/2026 13:50;
11384;2942;onboarding_completed;29/03/2026 13:52;
11385;2942;lesson_start;29/03/2026 13:53;101.0
11386;2942;quiz_completed;29/03/2026 14:00;101.0
11387;2943;app_open;28/02/2026 18:04;
11388;2943;signup_completed;28/02/2026 18:05;
11389;2943;onboarding_completed;28/02/2026 18:08;
11390;2943;lesson_start;28/02/2026 18:09;101.0
11391;2943;quiz_completed;28/02/2026 18:12;101.0
11392;2943;streak_extended;02/03/2026 20:12;103.0
11393;2944;app_open;02/02/2026 18:42;
11394;2944;signup_completed;02/02/2026 18:43;
11395;2944;onboarding_completed;02/02/2026 18:45;
11396;2944;lesson_start;02/02/2026 18:45;101.0
11397;2945;app_open;23/03/2026 19:14;
11398;2945;signup_completed;23/03/2026 19:15;
11399;2946;app_open;24/02/2026 17:19;
11400;2946;signup_completed;24/02/2026 17:21;
11401;2946;onboarding_completed;24/02/2026 17:25;
11402;2946;lesson_start;24/02/2026 17:25;101.0
11403;2947;app_open;04/01/2026 23:59;
11404;2947;signup_completed;05/01/2026 00:00;
11405;2947;onboarding_completed;05/01/2026 00:02;
11406;2947;lesson_start;05/01/2026 00:04;101.0
11407;2947;quiz_completed;05/01/2026 00:10;101.0
11408;2947;streak_extended;05/01/2026 23:10;102.0
11409;2947;streak_extended;07/01/2026 01:10;103.0
11410;2948;app_open;22/03/2026 02:56;
11411;2948;signup_completed;22/03/2026 02:57;
11412;2948;onboarding_completed;22/03/2026 03:01;
11413;2948;lesson_start;22/03/2026 03:02;101.0
11414;2949;app_open;25/03/2026 20:45;
11415;2950;app_open;03/01/2026 18:06;
11416;2950;signup_completed;03/01/2026 18:07;
11417;2950;onboarding_completed;03/01/2026 18:09;
11418;2951;app_open;08/01/2026 21:15;
11419;2951;signup_completed;08/01/2026 21:17;
11420;2952;app_open;05/01/2026 09:56;
11421;2952;signup_completed;05/01/2026 09:57;
11422;2952;onboarding_completed;05/01/2026 09:59;
11423;2952;lesson_start;05/01/2026 10:01;101.0
11424;2953;app_open;04/03/2026 06:41;
11425;2953;signup_completed;04/03/2026 06:43;
11426;2953;onboarding_completed;04/03/2026 06:44;
11427;2953;lesson_start;04/03/2026 06:45;101.0
11428;2953;quiz_completed;04/03/2026 06:51;101.0
11429;2953;streak_extended;05/03/2026 05:51;102.0
11430;2954;app_open;16/03/2026 20:36;
11431;2955;app_open;25/02/2026 23:58;
11432;2955;signup_completed;25/02/2026 23:59;
11433;2955;onboarding_completed;26/02/2026 00:03;
11434;2955;lesson_start;26/02/2026 00:03;101.0
11435;2955;quiz_completed;26/02/2026 00:11;101.0
11436;2955;streak_extended;27/02/2026 00:11;102.0
11437;2955;streak_extended;01/03/2026 01:11;104.0
11438;2956;app_open;26/01/2026 16:41;
11439;2957;app_open;05/03/2026 05:14;
11440;2957;signup_completed;05/03/2026 05:15;
11441;2957;onboarding_completed;05/03/2026 05:18;
11442;2958;app_open;21/01/2026 11:13;
11443;2958;signup_completed;21/01/2026 11:15;
11444;2958;onboarding_completed;21/01/2026 11:17;
11445;2959;app_open;16/03/2026 11:08;
11446;2959;signup_completed;16/03/2026 11:10;
11447;2959;onboarding_completed;16/03/2026 11:11;
11448;2959;lesson_start;16/03/2026 11:12;101.0
11449;2960;app_open;25/02/2026 13:10;
11450;2960;signup_completed;25/02/2026 13:12;
11451;2960;onboarding_completed;25/02/2026 13:16;
11452;2960;lesson_start;25/02/2026 13:18;101.0
11453;2961;app_open;10/02/2026 10:43;
11454;2961;signup_completed;10/02/2026 10:43;
11455;2961;onboarding_completed;10/02/2026 10:45;
11456;2961;lesson_start;10/02/2026 10:47;101.0
11457;2961;quiz_completed;10/02/2026 10:50;101.0
11458;2961;streak_extended;11/02/2026 09:50;102.0
11459;2961;streak_extended;12/02/2026 11:50;103.0
11460;2962;app_open;02/03/2026 00:17;
11461;2962;signup_completed;02/03/2026 00:18;
11462;2963;app_open;04/03/2026 00:57;
11463;2964;app_open;03/01/2026 22:34;
11464;2964;signup_completed;03/01/2026 22:35;
11465;2965;app_open;18/02/2026 08:30;
11466;2965;signup_completed;18/02/2026 08:31;
11467;2966;app_open;28/03/2026 07:30;
11468;2966;signup_completed;28/03/2026 07:32;
11469;2966;onboarding_completed;28/03/2026 07:33;
11470;2966;lesson_start;28/03/2026 07:35;101.0
11471;2966;quiz_completed;28/03/2026 07:39;101.0
11472;2966;streak_extended;29/03/2026 08:39;102.0
11473;2967;app_open;02/03/2026 21:23;
11474;2967;signup_completed;02/03/2026 21:24;
11475;2967;onboarding_completed;02/03/2026 21:29;
11476;2967;lesson_start;02/03/2026 21:31;101.0
11477;2967;quiz_completed;02/03/2026 21:34;101.0
11478;2967;streak_extended;04/03/2026 22:34;103.0
11479;2968;app_open;22/02/2026 23:17;
11480;2968;signup_completed;22/02/2026 23:18;
11481;2968;onboarding_completed;22/02/2026 23:19;
11482;2968;lesson_start;22/02/2026 23:20;101.0
11483;2969;app_open;29/01/2026 02:59;
11484;2969;signup_completed;29/01/2026 02:59;
11485;2970;app_open;04/03/2026 07:45;
11486;2970;signup_completed;04/03/2026 07:47;
11487;2970;onboarding_completed;04/03/2026 07:50;
11488;2971;app_open;30/01/2026 07:55;
11489;2971;signup_completed;30/01/2026 07:56;
11490;2972;app_open;16/02/2026 21:20;
11491;2972;signup_completed;16/02/2026 21:21;
11492;2972;onboarding_completed;16/02/2026 21:25;
11493;2972;lesson_start;16/02/2026 21:27;101.0
11494;2972;quiz_completed;16/02/2026 21:35;101.0
11495;2972;streak_extended;17/02/2026 23:35;102.0
11496;2972;streak_extended;18/02/2026 23:35;103.0
11497;2972;streak_extended;02/03/2026 20:35;115.0
11498;2973;app_open;24/01/2026 18:36;
11499;2973;signup_completed;24/01/2026 18:38;
11500;2973;onboarding_completed;24/01/2026 18:41;
11501;2974;app_open;20/03/2026 03:03;
11502;2974;signup_completed;20/03/2026 03:05;
11503;2974;onboarding_completed;20/03/2026 03:08;
11504;2975;app_open;20/03/2026 09:15;
11505;2976;app_open;08/03/2026 12:08;
11506;2976;signup_completed;08/03/2026 12:09;
11507;2976;onboarding_completed;08/03/2026 12:11;
11508;2976;lesson_start;08/03/2026 12:12;101.0
11509;2976;quiz_completed;08/03/2026 12:16;101.0
11510;2976;streak_extended;07/04/2026 12:16;131.0
11511;2977;app_open;09/02/2026 10:15;
11512;2977;signup_completed;09/02/2026 10:16;
11513;2977;onboarding_completed;09/02/2026 10:20;
11514;2978;app_open;29/01/2026 21:04;
11515;2978;signup_completed;29/01/2026 21:06;
11516;2978;onboarding_completed;29/01/2026 21:09;
11517;2979;app_open;14/02/2026 00:50;
11518;2979;signup_completed;14/02/2026 00:51;
11519;2979;onboarding_completed;14/02/2026 00:55;
11520;2980;app_open;08/01/2026 02:02;
11521;2980;signup_completed;08/01/2026 02:02;
11522;2980;onboarding_completed;08/01/2026 02:06;
11523;2980;lesson_start;08/01/2026 02:07;101.0
11524;2980;quiz_completed;08/01/2026 02:12;101.0
11525;2980;streak_extended;09/01/2026 03:12;102.0
11526;2980;streak_extended;10/01/2026 04:12;103.0
11527;2980;streak_extended;11/01/2026 01:12;104.0
11528;2980;streak_extended;15/01/2026 00:12;108.0
11529;2981;app_open;08/03/2026 20:35;
11530;2981;signup_completed;08/03/2026 20:36;
11531;2981;onboarding_completed;08/03/2026 20:39;
11532;2981;lesson_start;08/03/2026 20:40;101.0
11533;2981;quiz_completed;08/03/2026 20:43;101.0
11534;2981;streak_extended;09/03/2026 21:43;102.0
11535;2981;streak_extended;11/03/2026 20:43;104.0
11536;2982;app_open;06/01/2026 19:36;
11537;2982;signup_completed;06/01/2026 19:38;
11538;2982;onboarding_completed;06/01/2026 19:43;
11539;2982;lesson_start;06/01/2026 19:44;101.0
11540;2982;quiz_completed;06/01/2026 19:52;101.0
11541;2982;streak_extended;09/01/2026 17:52;104.0
11542;2982;streak_extended;13/01/2026 21:52;108.0
11543;2983;app_open;16/01/2026 08:21;
11544;2983;signup_completed;16/01/2026 08:22;
11545;2983;onboarding_completed;16/01/2026 08:26;
11546;2983;lesson_start;16/01/2026 08:27;101.0
11547;2984;app_open;12/02/2026 16:21;
11548;2984;signup_completed;12/02/2026 16:23;
11549;2984;onboarding_completed;12/02/2026 16:26;
11550;2984;lesson_start;12/02/2026 16:26;101.0
11551;2984;quiz_completed;12/02/2026 16:30;101.0
11552;2984;streak_extended;13/02/2026 14:30;102.0
11553;2985;app_open;10/02/2026 08:28;
11554;2985;signup_completed;10/02/2026 08:29;
11555;2985;onboarding_completed;10/02/2026 08:32;
11556;2985;lesson_start;10/02/2026 08:33;101.0
11557;2986;app_open;17/02/2026 00:23;
11558;2986;signup_completed;17/02/2026 00:24;
11559;2986;onboarding_completed;17/02/2026 00:26;
11560;2987;app_open;15/02/2026 02:13;
11561;2987;signup_completed;15/02/2026 02:15;
11562;2988;app_open;20/01/2026 19:24;
11563;2988;signup_completed;20/01/2026 19:25;
11564;2988;onboarding_completed;20/01/2026 19:28;
11565;2989;app_open;03/02/2026 00:42;
11566;2989;signup_completed;03/02/2026 00:44;
11567;2989;onboarding_completed;03/02/2026 00:47;
11568;2989;lesson_start;03/02/2026 00:49;101.0
11569;2989;quiz_completed;03/02/2026 00:54;101.0
11570;2989;streak_extended;09/02/2026 23:54;108.0
11571;2989;streak_extended;17/02/2026 02:54;115.0
11572;2990;app_open;28/02/2026 21:37;
11573;2990;signup_completed;28/02/2026 21:38;
11574;2990;onboarding_completed;28/02/2026 21:42;
11575;2990;lesson_start;28/02/2026 21:44;101.0
11576;2990;quiz_completed;28/02/2026 21:49;101.0
11577;2990;streak_extended;01/03/2026 19:49;102.0
11578;2990;streak_extended;07/03/2026 20:49;108.0
11579;2991;app_open;14/01/2026 22:46;
11580;2991;signup_completed;14/01/2026 22:47;
11581;2992;app_open;31/01/2026 08:22;
11582;2992;signup_completed;31/01/2026 08:23;
11583;2992;onboarding_completed;31/01/2026 08:25;
11584;2993;app_open;25/03/2026 15:24;
11585;2993;signup_completed;25/03/2026 15:26;
11586;2994;app_open;11/03/2026 17:54;
11587;2994;signup_completed;11/03/2026 17:54;
11588;2994;onboarding_completed;11/03/2026 17:59;
11589;2995;app_open;01/02/2026 00:03;
11590;2995;signup_completed;01/02/2026 00:04;
11591;2996;app_open;13/03/2026 06:48;
11592;2996;signup_completed;13/03/2026 06:50;
11593;2996;onboarding_completed;13/03/2026 06:54;
11594;2997;app_open;25/03/2026 13:45;
11595;2997;signup_completed;25/03/2026 13:46;
11596;2997;onboarding_completed;25/03/2026 13:49;
11597;2997;lesson_start;25/03/2026 13:51;101.0
11598;2997;quiz_completed;25/03/2026 13:58;101.0
11599;2997;streak_extended;27/03/2026 15:58;103.0
11600;2997;streak_extended;28/03/2026 14:58;104.0
11601;2997;streak_extended;01/04/2026 11:58;108.0
11602;2998;app_open;03/02/2026 12:46;
11603;2998;signup_completed;03/02/2026 12:47;
11604;2998;onboarding_completed;03/02/2026 12:49;
11605;2998;lesson_start;03/02/2026 12:51;101.0
11606;2999;app_open;08/02/2026 17:04;
11607;2999;signup_completed;08/02/2026 17:06;
11608;2999;onboarding_completed;08/02/2026 17:11;
11609;3000;app_open;13/01/2026 16:42;
11610;3000;signup_completed;13/01/2026 16:43;
11611;3000;onboarding_completed;13/01/2026 16:47;
11612;3001;app_open;15/03/2026 20:28;
11613;3001;signup_completed;15/03/2026 20:30;
11614;3002;app_open;05/02/2026 23:25;
11615;3002;signup_completed;05/02/2026 23:27;
11616;3002;onboarding_completed;05/02/2026 23:28;
11617;3002;lesson_start;05/02/2026 23:30;101.0
11618;3002;quiz_completed;05/02/2026 23:36;101.0
11619;3002;streak_extended;08/02/2026 00:36;103.0
11620;3002;streak_extended;11/02/2026 01:36;106.0
11621;3003;app_open;19/02/2026 23:59;
11622;3003;signup_completed;20/02/2026 00:00;
11623;3003;onboarding_completed;20/02/2026 00:04;
11624;3004;app_open;24/02/2026 12:44;
11625;3004;signup_completed;24/02/2026 12:45;
11626;3005;app_open;11/01/2026 07:25;
11627;3006;app_open;31/01/2026 23:35;
11628;3006;signup_completed;31/01/2026 23:36;
11629;3006;onboarding_completed;31/01/2026 23:39;
11630;3007;app_open;24/01/2026 11:17;
11631;3008;app_open;15/02/2026 06:57;
11632;3008;signup_completed;15/02/2026 06:58;
11633;3008;onboarding_completed;15/02/2026 07:02;
11634;3008;lesson_start;15/02/2026 07:03;101.0
11635;3009;app_open;12/01/2026 21:29;
11636;3009;signup_completed;12/01/2026 21:31;
11637;3009;onboarding_completed;12/01/2026 21:34;
11638;3010;app_open;26/01/2026 23:15;
11639;3010;signup_completed;26/01/2026 23:15;
11640;3010;onboarding_completed;26/01/2026 23:20;
11641;3011;app_open;13/02/2026 15:38;
11642;3011;signup_completed;13/02/2026 15:39;
11643;3011;onboarding_completed;13/02/2026 15:43;
11644;3011;lesson_start;13/02/2026 15:43;101.0
11645;3011;quiz_completed;13/02/2026 15:47;101.0
11646;3011;streak_extended;14/02/2026 13:47;102.0
11647;3011;streak_extended;16/02/2026 15:47;104.0
11648;3012;app_open;25/01/2026 01:41;
11649;3013;app_open;14/01/2026 16:16;
11650;3013;signup_completed;14/01/2026 16:17;
11651;3014;app_open;10/01/2026 09:35;
11652;3014;signup_completed;10/01/2026 09:36;
11653;3014;onboarding_completed;10/01/2026 09:39;
11654;3015;app_open;05/01/2026 21:55;
11655;3015;signup_completed;05/01/2026 21:55;
11656;3015;onboarding_completed;05/01/2026 21:57;
11657;3015;lesson_start;05/01/2026 21:58;101.0
11658;3015;quiz_completed;05/01/2026 22:02;101.0
11659;3015;streak_extended;08/01/2026 00:02;103.0
11660;3016;app_open;29/01/2026 04:14;
11661;3016;signup_completed;29/01/2026 04:15;
11662;3017;app_open;07/02/2026 07:08;
11663;3017;signup_completed;07/02/2026 07:09;
11664;3017;onboarding_completed;07/02/2026 07:14;
11665;3018;app_open;25/03/2026 21:38;
11666;3018;signup_completed;25/03/2026 21:39;
11667;3019;app_open;01/03/2026 17:56;
11668;3019;signup_completed;01/03/2026 17:57;
11669;3019;onboarding_completed;01/03/2026 17:59;
11670;3020;app_open;10/02/2026 14:19;
11671;3020;signup_completed;10/02/2026 14:20;
11672;3021;app_open;25/01/2026 02:30;
11673;3021;signup_completed;25/01/2026 02:31;
11674;3021;onboarding_completed;25/01/2026 02:32;
11675;3022;app_open;26/03/2026 00:18;
11676;3022;signup_completed;26/03/2026 00:20;
11677;3022;onboarding_completed;26/03/2026 00:21;
11678;3022;lesson_start;26/03/2026 00:23;101.0
11679;3022;quiz_completed;26/03/2026 00:28;101.0
11680;3022;streak_extended;27/03/2026 22:28;103.0
11681;3022;streak_extended;29/03/2026 02:28;104.0
11682;3022;streak_extended;31/03/2026 00:28;106.0
11683;3023;app_open;29/03/2026 14:32;
11684;3023;signup_completed;29/03/2026 14:34;
11685;3023;onboarding_completed;29/03/2026 14:35;
11686;3024;app_open;16/01/2026 12:07;
11687;3024;signup_completed;16/01/2026 12:08;
11688;3025;app_open;20/03/2026 23:32;
11689;3025;signup_completed;20/03/2026 23:33;
11690;3026;app_open;01/02/2026 18:58;
11691;3027;app_open;26/02/2026 02:06;
11692;3027;signup_completed;26/02/2026 02:07;
11693;3028;app_open;12/03/2026 00:21;
11694;3028;signup_completed;12/03/2026 00:21;
11695;3028;onboarding_completed;12/03/2026 00:22;
11696;3028;lesson_start;12/03/2026 00:24;101.0
11697;3029;app_open;31/01/2026 08:40;
11698;3029;signup_completed;31/01/2026 08:41;
11699;3029;onboarding_completed;31/01/2026 08:44;
11700;3029;lesson_start;31/01/2026 08:44;101.0
11701;3030;app_open;19/01/2026 10:20;
11702;3030;signup_completed;19/01/2026 10:22;
11703;3031;app_open;16/03/2026 02:12;
11704;3031;signup_completed;16/03/2026 02:13;
11705;3032;app_open;16/01/2026 11:17;
11706;3032;signup_completed;16/01/2026 11:19;
11707;3033;app_open;18/02/2026 09:02;
11708;3033;signup_completed;18/02/2026 09:04;
11709;3034;app_open;19/02/2026 23:23;
11710;3034;signup_completed;19/02/2026 23:24;
11711;3034;onboarding_completed;19/02/2026 23:25;
11712;3035;app_open;15/02/2026 07:45;
11713;3035;signup_completed;15/02/2026 07:46;
11714;3035;onboarding_completed;15/02/2026 07:50;
11715;3035;lesson_start;15/02/2026 07:51;101.0
11716;3035;quiz_completed;15/02/2026 07:57;101.0
11717;3035;streak_extended;16/02/2026 09:57;102.0
11718;3035;streak_extended;18/02/2026 05:57;104.0
11719;3035;streak_extended;20/02/2026 06:57;106.0
11720;3035;streak_extended;17/03/2026 09:57;131.0
11721;3036;app_open;18/02/2026 10:11;
11722;3036;signup_completed;18/02/2026 10:13;
11723;3037;app_open;27/03/2026 08:23;
11724;3038;app_open;30/01/2026 22:57;
11725;3038;signup_completed;30/01/2026 22:57;
11726;3039;app_open;18/02/2026 06:57;
11727;3040;app_open;03/01/2026 06:00;
11728;3040;signup_completed;03/01/2026 06:00;
11729;3040;onboarding_completed;03/01/2026 06:03;
11730;3041;app_open;09/01/2026 17:49;
11731;3042;app_open;08/02/2026 04:19;
11732;3042;signup_completed;08/02/2026 04:20;
11733;3042;onboarding_completed;08/02/2026 04:23;
11734;3042;lesson_start;08/02/2026 04:24;101.0
11735;3042;quiz_completed;08/02/2026 04:31;101.0
11736;3042;streak_extended;09/02/2026 03:31;102.0
11737;3042;streak_extended;10/02/2026 06:31;103.0
11738;3042;streak_extended;15/02/2026 05:31;108.0
11739;3043;app_open;19/02/2026 01:46;
11740;3043;signup_completed;19/02/2026 01:47;
11741;3043;onboarding_completed;19/02/2026 01:51;
11742;3044;app_open;14/02/2026 09:25;
11743;3044;signup_completed;14/02/2026 09:27;
11744;3044;onboarding_completed;14/02/2026 09:30;
11745;3045;app_open;24/01/2026 08:56;
11746;3045;signup_completed;24/01/2026 08:57;
11747;3045;onboarding_completed;24/01/2026 09:02;
11748;3045;lesson_start;24/01/2026 09:03;101.0
11749;3045;quiz_completed;24/01/2026 09:08;101.0
11750;3045;streak_extended;25/01/2026 08:08;102.0
11751;3045;streak_extended;07/02/2026 10:08;115.0
11752;3046;app_open;21/01/2026 21:19;
11753;3046;signup_completed;21/01/2026 21:20;
11754;3046;onboarding_completed;21/01/2026 21:22;
11755;3046;lesson_start;21/01/2026 21:23;101.0
11756;3046;quiz_completed;21/01/2026 21:30;101.0
11757;3046;streak_extended;22/01/2026 23:30;102.0
11758;3047;app_open;26/02/2026 15:17;
11759;3048;app_open;04/02/2026 06:18;
11760;3049;app_open;05/01/2026 17:22;
11761;3049;signup_completed;05/01/2026 17:23;
11762;3049;onboarding_completed;05/01/2026 17:27;
11763;3050;app_open;05/01/2026 21:46;
11764;3050;signup_completed;05/01/2026 21:47;
11765;3051;app_open;28/01/2026 07:36;
11766;3051;signup_completed;28/01/2026 07:37;
11767;3051;onboarding_completed;28/01/2026 07:39;
11768;3052;app_open;18/02/2026 01:11;
11769;3052;signup_completed;18/02/2026 01:11;
11770;3052;onboarding_completed;18/02/2026 01:14;
11771;3053;app_open;28/02/2026 00:19;
11772;3053;signup_completed;28/02/2026 00:19;
11773;3053;onboarding_completed;28/02/2026 00:23;
11774;3054;app_open;27/03/2026 15:59;
11775;3054;signup_completed;27/03/2026 16:00;
11776;3054;onboarding_completed;27/03/2026 16:02;
11777;3055;app_open;23/03/2026 19:58;
11778;3055;signup_completed;23/03/2026 20:00;
11779;3055;onboarding_completed;23/03/2026 20:01;
11780;3056;app_open;05/03/2026 12:32;
11781;3057;app_open;07/03/2026 07:05;
11782;3058;app_open;15/02/2026 16:32;
11783;3058;signup_completed;15/02/2026 16:34;
11784;3058;onboarding_completed;15/02/2026 16:38;
11785;3058;lesson_start;15/02/2026 16:39;101.0
11786;3058;quiz_completed;15/02/2026 16:44;101.0
11787;3058;streak_extended;16/02/2026 15:44;102.0
11788;3059;app_open;28/01/2026 17:50;
11789;3059;signup_completed;28/01/2026 17:52;
11790;3059;onboarding_completed;28/01/2026 17:54;
11791;3059;lesson_start;28/01/2026 17:54;101.0
11792;3059;quiz_completed;28/01/2026 18:01;101.0
11793;3059;streak_extended;30/01/2026 20:01;103.0
11794;3059;streak_extended;31/01/2026 18:01;104.0
11795;3060;app_open;22/02/2026 02:34;
11796;3060;signup_completed;22/02/2026 02:36;
11797;3060;onboarding_completed;22/02/2026 02:39;
11798;3061;app_open;01/01/2026 19:03;
11799;3061;signup_completed;01/01/2026 19:05;
11800;3061;onboarding_completed;01/01/2026 19:06;
11801;3061;lesson_start;01/01/2026 19:06;101.0
11802;3061;quiz_completed;01/01/2026 19:11;101.0
11803;3061;streak_extended;02/01/2026 17:11;102.0
11804;3061;streak_extended;03/01/2026 21:11;103.0
11805;3062;app_open;24/03/2026 06:03;
11806;3062;signup_completed;24/03/2026 06:05;
11807;3062;onboarding_completed;24/03/2026 06:07;
11808;3062;lesson_start;24/03/2026 06:08;101.0
11809;3062;quiz_completed;24/03/2026 06:12;101.0
11810;3062;streak_extended;25/03/2026 05:12;102.0
11811;3062;streak_extended;29/03/2026 05:12;106.0
11812;3062;streak_extended;07/04/2026 07:12;115.0
11813;3063;app_open;11/01/2026 10:29;
11814;3063;signup_completed;11/01/2026 10:29;
11815;3064;app_open;11/02/2026 20:08;
11816;3064;signup_completed;11/02/2026 20:09;
11817;3064;onboarding_completed;11/02/2026 20:12;
11818;3064;lesson_start;11/02/2026 20:13;101.0
11819;3065;app_open;14/01/2026 00:05;
11820;3065;signup_completed;14/01/2026 00:06;
11821;3065;onboarding_completed;14/01/2026 00:10;
11822;3066;app_open;27/03/2026 16:16;
11823;3066;signup_completed;27/03/2026 16:16;
11824;3066;onboarding_completed;27/03/2026 16:19;
11825;3066;lesson_start;27/03/2026 16:21;101.0
11826;3066;quiz_completed;27/03/2026 16:26;101.0
11827;3066;streak_extended;28/03/2026 18:26;102.0
11828;3066;streak_extended;29/03/2026 17:26;103.0
11829;3067;app_open;26/01/2026 16:15;
11830;3067;signup_completed;26/01/2026 16:16;
11831;3067;onboarding_completed;26/01/2026 16:19;
11832;3067;lesson_start;26/01/2026 16:20;101.0
11833;3067;quiz_completed;26/01/2026 16:25;101.0
11834;3067;streak_extended;28/01/2026 17:25;103.0
11835;3068;app_open;12/03/2026 15:12;
11836;3068;signup_completed;12/03/2026 15:14;
11837;3068;onboarding_completed;12/03/2026 15:17;
11838;3068;lesson_start;12/03/2026 15:18;101.0
11839;3068;quiz_completed;12/03/2026 15:23;101.0
11840;3069;app_open;05/02/2026 12:19;
11841;3069;signup_completed;05/02/2026 12:20;
11842;3070;app_open;16/03/2026 03:54;
11843;3070;signup_completed;16/03/2026 03:55;
11844;3070;onboarding_completed;16/03/2026 04:00;
11845;3071;app_open;09/02/2026 03:39;
11846;3071;signup_completed;09/02/2026 03:40;
11847;3071;onboarding_completed;09/02/2026 03:41;
11848;3072;app_open;05/02/2026 12:41;
11849;3073;app_open;05/01/2026 09:25;
11850;3073;signup_completed;05/01/2026 09:26;
11851;3074;app_open;08/02/2026 21:25;
11852;3074;signup_completed;08/02/2026 21:27;
11853;3074;onboarding_completed;08/02/2026 21:30;
11854;3075;app_open;05/01/2026 23:12;
11855;3075;signup_completed;05/01/2026 23:13;
11856;3076;app_open;25/02/2026 08:51;
11857;3076;signup_completed;25/02/2026 08:52;
11858;3076;onboarding_completed;25/02/2026 08:57;
11859;3076;lesson_start;25/02/2026 08:58;101.0
11860;3076;quiz_completed;25/02/2026 09:04;101.0
11861;3076;streak_extended;26/02/2026 07:04;102.0
11862;3076;streak_extended;27/02/2026 07:04;103.0
11863;3077;app_open;24/02/2026 13:07;
11864;3077;signup_completed;24/02/2026 13:08;
11865;3077;onboarding_completed;24/02/2026 13:13;
11866;3078;app_open;19/01/2026 21:34;
11867;3078;signup_completed;19/01/2026 21:35;
11868;3078;onboarding_completed;19/01/2026 21:39;
11869;3078;lesson_start;19/01/2026 21:40;101.0
11870;3079;app_open;05/02/2026 04:44;
11871;3079;signup_completed;05/02/2026 04:45;
11872;3080;app_open;23/02/2026 17:06;
11873;3080;signup_completed;23/02/2026 17:07;
11874;3080;onboarding_completed;23/02/2026 17:12;
11875;3080;lesson_start;23/02/2026 17:13;101.0
11876;3081;app_open;29/01/2026 00:29;
11877;3081;signup_completed;29/01/2026 00:31;
11878;3082;app_open;08/01/2026 03:20;
11879;3082;signup_completed;08/01/2026 03:21;
11880;3082;onboarding_completed;08/01/2026 03:23;
11881;3082;lesson_start;08/01/2026 03:23;101.0
11882;3082;quiz_completed;08/01/2026 03:27;101.0
11883;3082;streak_extended;09/01/2026 03:27;102.0
11884;3082;streak_extended;10/01/2026 02:27;103.0
11885;3082;streak_extended;13/01/2026 02:27;106.0
11886;3083;app_open;07/02/2026 12:15;
11887;3083;signup_completed;07/02/2026 12:16;
11888;3084;app_open;18/02/2026 23:00;
11889;3084;signup_completed;18/02/2026 23:01;
11890;3084;onboarding_completed;18/02/2026 23:03;
11891;3085;app_open;13/02/2026 17:24;
11892;3085;signup_completed;13/02/2026 17:25;
11893;3085;onboarding_completed;13/02/2026 17:29;
11894;3086;app_open;16/03/2026 05:11;
11895;3087;app_open;23/02/2026 09:15;
11896;3087;signup_completed;23/02/2026 09:16;
11897;3087;onboarding_completed;23/02/2026 09:20;
11898;3087;lesson_start;23/02/2026 09:20;101.0
11899;3087;quiz_completed;23/02/2026 09:25;101.0
11900;3087;streak_extended;26/02/2026 10:25;104.0
11901;3088;app_open;28/01/2026 03:47;
11902;3088;signup_completed;28/01/2026 03:48;
11903;3088;onboarding_completed;28/01/2026 03:51;
11904;3088;lesson_start;28/01/2026 03:52;101.0
11905;3088;quiz_completed;28/01/2026 03:58;101.0
11906;3088;streak_extended;29/01/2026 03:58;102.0
11907;3088;streak_extended;31/01/2026 04:58;104.0
11908;3089;app_open;22/03/2026 03:06;
11909;3089;signup_completed;22/03/2026 03:08;
11910;3089;onboarding_completed;22/03/2026 03:11;
11911;3090;app_open;02/03/2026 12:15;
11912;3091;app_open;08/03/2026 01:26;
11913;3091;signup_completed;08/03/2026 01:27;
11914;3091;onboarding_completed;08/03/2026 01:31;
11915;3091;lesson_start;08/03/2026 01:32;101.0
11916;3091;quiz_completed;08/03/2026 01:39;101.0
11917;3091;streak_extended;09/03/2026 00:39;102.0
11918;3091;streak_extended;11/03/2026 02:39;104.0
11919;3091;streak_extended;13/03/2026 02:39;106.0
11920;3091;streak_extended;22/03/2026 00:39;115.0
11921;3092;app_open;01/03/2026 07:50;
11922;3092;signup_completed;01/03/2026 07:51;
11923;3092;onboarding_completed;01/03/2026 07:54;
11924;3093;app_open;12/01/2026 12:50;
11925;3093;signup_completed;12/01/2026 12:51;
11926;3094;app_open;13/01/2026 11:48;
11927;3094;signup_completed;13/01/2026 11:49;
11928;3094;onboarding_completed;13/01/2026 11:51;
11929;3094;lesson_start;13/01/2026 11:52;101.0
11930;3094;quiz_completed;13/01/2026 11:59;101.0
11931;3094;streak_extended;18/01/2026 13:59;106.0
11932;3095;app_open;10/01/2026 09:17;
11933;3095;signup_completed;10/01/2026 09:18;
11934;3095;onboarding_completed;10/01/2026 09:22;
11935;3096;app_open;08/02/2026 05:51;
11936;3097;app_open;06/02/2026 05:36;
11937;3097;signup_completed;06/02/2026 05:37;
11938;3097;onboarding_completed;06/02/2026 05:40;
11939;3098;app_open;19/03/2026 04:14;
11940;3098;signup_completed;19/03/2026 04:15;
11941;3098;onboarding_completed;19/03/2026 04:19;
11942;3099;app_open;02/02/2026 22:07;
11943;3099;signup_completed;02/02/2026 22:08;
11944;3100;app_open;24/02/2026 03:50;
11945;3100;signup_completed;24/02/2026 03:52;
11946;3100;onboarding_completed;24/02/2026 03:55;
11947;3100;lesson_start;24/02/2026 03:56;101.0
11948;3101;app_open;05/02/2026 11:55;
11949;3102;app_open;15/03/2026 07:11;
11950;3103;app_open;15/01/2026 00:10;
11951;3103;signup_completed;15/01/2026 00:11;
11952;3104;app_open;20/01/2026 07:50;
11953;3104;signup_completed;20/01/2026 07:51;
11954;3104;onboarding_completed;20/01/2026 07:53;
11955;3104;lesson_start;20/01/2026 07:54;101.0
11956;3105;app_open;28/02/2026 11:50;
11957;3105;signup_completed;28/02/2026 11:51;
11958;3105;onboarding_completed;28/02/2026 11:52;
11959;3105;lesson_start;28/02/2026 11:54;101.0
11960;3106;app_open;19/02/2026 10:20;
11961;3106;signup_completed;19/02/2026 10:21;
11962;3106;onboarding_completed;19/02/2026 10:25;
11963;3106;lesson_start;19/02/2026 10:26;101.0
11964;3107;app_open;08/02/2026 23:17;
11965;3107;signup_completed;08/02/2026 23:18;
11966;3107;onboarding_completed;08/02/2026 23:21;
11967;3107;lesson_start;08/02/2026 23:22;101.0
11968;3107;quiz_completed;08/02/2026 23:29;101.0
11969;3107;streak_extended;10/02/2026 01:29;102.0
11970;3107;streak_extended;10/02/2026 23:29;103.0
11971;3107;streak_extended;11/02/2026 21:29;104.0
11972;3107;streak_extended;10/03/2026 22:29;131.0
11973;3108;app_open;18/02/2026 13:15;
11974;3108;signup_completed;18/02/2026 13:16;
11975;3108;onboarding_completed;18/02/2026 13:20;
11976;3108;lesson_start;18/02/2026 13:22;101.0
11977;3108;quiz_completed;18/02/2026 13:25;101.0
11978;3108;streak_extended;20/03/2026 11:25;131.0
11979;3109;app_open;04/01/2026 21:48;
11980;3109;signup_completed;04/01/2026 21:49;
11981;3109;onboarding_completed;04/01/2026 21:53;
11982;3110;app_open;05/01/2026 09:33;
11983;3110;signup_completed;05/01/2026 09:35;
11984;3111;app_open;04/01/2026 18:40;
11985;3112;app_open;14/01/2026 07:19;
11986;3112;signup_completed;14/01/2026 07:20;
11987;3112;onboarding_completed;14/01/2026 07:22;
11988;3112;lesson_start;14/01/2026 07:24;101.0
11989;3112;quiz_completed;14/01/2026 07:27;101.0
11990;3112;streak_extended;21/01/2026 05:27;108.0
11991;3113;app_open;11/03/2026 06:47;
11992;3113;signup_completed;11/03/2026 06:48;
11993;3114;app_open;02/02/2026 08:02;
11994;3114;signup_completed;02/02/2026 08:04;
11995;3114;onboarding_completed;02/02/2026 08:08;
11996;3114;lesson_start;02/02/2026 08:10;101.0
11997;3114;quiz_completed;02/02/2026 08:14;101.0
11998;3114;streak_extended;03/02/2026 09:14;102.0
11999;3115;app_open;20/03/2026 01:22;
12000;3115;signup_completed;20/03/2026 01:23;
12001;3115;onboarding_completed;20/03/2026 01:25;
12002;3115;lesson_start;20/03/2026 01:25;101.0
12003;3116;app_open;15/02/2026 23:54;
12004;3116;signup_completed;15/02/2026 23:54;
12005;3117;app_open;20/02/2026 10:07;
12006;3117;signup_completed;20/02/2026 10:09;
12007;3117;onboarding_completed;20/02/2026 10:12;
12008;3117;lesson_start;20/02/2026 10:12;101.0
12009;3118;app_open;14/02/2026 08:51;
12010;3118;signup_completed;14/02/2026 08:52;
12011;3118;onboarding_completed;14/02/2026 08:57;
12012;3118;lesson_start;14/02/2026 08:58;101.0
12013;3118;quiz_completed;14/02/2026 09:05;101.0
12014;3118;streak_extended;15/02/2026 10:05;102.0
12015;3118;streak_extended;16/02/2026 07:05;103.0
12016;3118;streak_extended;17/02/2026 11:05;104.0
12017;3119;app_open;15/01/2026 11:03;
12018;3119;signup_completed;15/01/2026 11:04;
12019;3119;onboarding_completed;15/01/2026 11:05;
12020;3119;lesson_start;15/01/2026 11:07;101.0
12021;3119;quiz_completed;15/01/2026 11:14;101.0
12022;3119;streak_extended;16/01/2026 09:14;102.0
12023;3119;streak_extended;17/01/2026 10:14;103.0
12024;3119;streak_extended;29/01/2026 11:14;115.0
12025;3119;streak_extended;14/02/2026 10:14;131.0
12026;3120;app_open;28/02/2026 20:41;
12027;3120;signup_completed;28/02/2026 20:41;
12028;3120;onboarding_completed;28/02/2026 20:44;
12029;3120;lesson_start;28/02/2026 20:44;101.0
12030;3120;quiz_completed;28/02/2026 20:52;101.0
12031;3120;streak_extended;02/03/2026 19:52;103.0
12032;3120;streak_extended;03/03/2026 22:52;104.0
12033;3120;streak_extended;14/03/2026 21:52;115.0
12034;3121;app_open;28/03/2026 17:08;
12035;3121;signup_completed;28/03/2026 17:10;
12036;3121;onboarding_completed;28/03/2026 17:13;
12037;3122;app_open;20/02/2026 01:12;
12038;3122;signup_completed;20/02/2026 01:14;
12039;3122;onboarding_completed;20/02/2026 01:18;
12040;3122;lesson_start;20/02/2026 01:20;101.0
12041;3122;quiz_completed;20/02/2026 01:25;101.0
12042;3123;app_open;14/01/2026 13:42;
12043;3123;signup_completed;14/01/2026 13:43;
12044;3123;onboarding_completed;14/01/2026 13:44;
12045;3123;lesson_start;14/01/2026 13:46;101.0
12046;3124;app_open;01/02/2026 20:12;
12047;3124;signup_completed;01/02/2026 20:14;
12048;3125;app_open;01/03/2026 12:33;
12049;3125;signup_completed;01/03/2026 12:34;
12050;3125;onboarding_completed;01/03/2026 12:37;
12051;3125;lesson_start;01/03/2026 12:39;101.0
12052;3125;quiz_completed;01/03/2026 12:47;101.0
12053;3125;streak_extended;03/03/2026 11:47;103.0
12054;3125;streak_extended;04/03/2026 10:47;104.0
12055;3125;streak_extended;08/03/2026 10:47;108.0
12056;3126;app_open;31/01/2026 22:13;
12057;3126;signup_completed;31/01/2026 22:14;
12058;3127;app_open;16/01/2026 18:39;
12059;3127;signup_completed;16/01/2026 18:40;
12060;3128;app_open;08/02/2026 03:39;
12061;3128;signup_completed;08/02/2026 03:40;
12062;3128;onboarding_completed;08/02/2026 03:43;
12063;3128;lesson_start;08/02/2026 03:44;101.0
12064;3129;app_open;01/03/2026 20:33;
12065;3129;signup_completed;01/03/2026 20:34;
12066;3129;onboarding_completed;01/03/2026 20:35;
12067;3129;lesson_start;01/03/2026 20:36;101.0
12068;3130;app_open;13/03/2026 18:44;
12069;3130;signup_completed;13/03/2026 18:46;
12070;3131;app_open;23/03/2026 19:24;
12071;3131;signup_completed;23/03/2026 19:25;
12072;3132;app_open;30/01/2026 01:15;
12073;3132;signup_completed;30/01/2026 01:16;
12074;3132;onboarding_completed;30/01/2026 01:19;
12075;3132;lesson_start;30/01/2026 01:21;101.0
12076;3132;quiz_completed;30/01/2026 01:27;101.0
12077;3132;streak_extended;01/02/2026 23:27;104.0
12078;3133;app_open;27/02/2026 15:28;
12079;3133;signup_completed;27/02/2026 15:30;
12080;3133;onboarding_completed;27/02/2026 15:32;
12081;3134;app_open;02/02/2026 15:48;
12082;3134;signup_completed;02/02/2026 15:49;
12083;3134;onboarding_completed;02/02/2026 15:52;
12084;3135;app_open;19/02/2026 06:07;
12085;3135;signup_completed;19/02/2026 06:08;
12086;3135;onboarding_completed;19/02/2026 06:10;
12087;3135;lesson_start;19/02/2026 06:11;101.0
12088;3135;quiz_completed;19/02/2026 06:18;101.0
12089;3135;streak_extended;20/02/2026 07:18;102.0
12090;3135;streak_extended;21/02/2026 05:18;103.0
12091;3135;streak_extended;22/02/2026 04:18;104.0
12092;3135;streak_extended;24/02/2026 07:18;106.0
12093;3135;streak_extended;05/03/2026 06:18;115.0
12094;3136;app_open;22/03/2026 10:03;
12095;3136;signup_completed;22/03/2026 10:04;
12096;3136;onboarding_completed;22/03/2026 10:07;
12097;3136;lesson_start;22/03/2026 10:09;101.0
12098;3136;quiz_completed;22/03/2026 10:16;101.0
12099;3136;streak_extended;24/03/2026 11:16;103.0
12100;3136;streak_extended;25/03/2026 08:16;104.0
12101;3137;app_open;19/02/2026 11:43;
12102;3137;signup_completed;19/02/2026 11:44;
12103;3138;app_open;21/02/2026 16:26;
12104;3139;app_open;17/02/2026 13:25;
12105;3139;signup_completed;17/02/2026 13:27;
12106;3139;onboarding_completed;17/02/2026 13:29;
12107;3139;lesson_start;17/02/2026 13:29;101.0
12108;3139;quiz_completed;17/02/2026 13:37;101.0
12109;3139;streak_extended;20/02/2026 12:37;104.0
12110;3139;streak_extended;24/02/2026 13:37;108.0
12111;3140;app_open;10/03/2026 19:29;
12112;3141;app_open;24/02/2026 15:42;
12113;3141;signup_completed;24/02/2026 15:44;
12114;3142;app_open;30/01/2026 02:33;
12115;3142;signup_completed;30/01/2026 02:35;
12116;3142;onboarding_completed;30/01/2026 02:38;
12117;3143;app_open;16/02/2026 02:34;
12118;3143;signup_completed;16/02/2026 02:36;
12119;3143;onboarding_completed;16/02/2026 02:37;
12120;3143;lesson_start;16/02/2026 02:38;101.0
12121;3143;quiz_completed;16/02/2026 02:42;101.0
12122;3143;streak_extended;17/02/2026 00:42;102.0
12123;3143;streak_extended;19/02/2026 04:42;104.0
12124;3143;streak_extended;21/02/2026 03:42;106.0
12125;3143;streak_extended;23/02/2026 01:42;108.0
12126;3143;streak_extended;02/03/2026 04:42;115.0
12127;3144;app_open;21/03/2026 04:49;
12128;3144;signup_completed;21/03/2026 04:51;
12129;3144;onboarding_completed;21/03/2026 04:55;
12130;3145;app_open;02/01/2026 14:46;
12131;3145;signup_completed;02/01/2026 14:47;
12132;3145;onboarding_completed;02/01/2026 14:51;
12133;3146;app_open;05/02/2026 18:20;
12134;3146;signup_completed;05/02/2026 18:22;
12135;3146;onboarding_completed;05/02/2026 18:25;
12136;3146;lesson_start;05/02/2026 18:26;101.0
12137;3146;quiz_completed;05/02/2026 18:33;101.0
12138;3146;streak_extended;07/02/2026 17:33;103.0
12139;3146;streak_extended;10/02/2026 19:33;106.0
12140;3146;streak_extended;12/02/2026 18:33;108.0
12141;3147;app_open;02/02/2026 03:50;
12142;3147;signup_completed;02/02/2026 03:52;
12143;3147;onboarding_completed;02/02/2026 03:56;
12144;3147;lesson_start;02/02/2026 03:57;101.0
12145;3147;quiz_completed;02/02/2026 04:01;101.0
12146;3147;streak_extended;05/02/2026 02:01;104.0
12147;3148;app_open;07/03/2026 10:04;
12148;3148;signup_completed;07/03/2026 10:06;
12149;3149;app_open;11/01/2026 15:23;
12150;3149;signup_completed;11/01/2026 15:25;
12151;3149;onboarding_completed;11/01/2026 15:26;
12152;3149;lesson_start;11/01/2026 15:27;101.0
12153;3150;app_open;10/02/2026 10:36;
12154;3150;signup_completed;10/02/2026 10:37;
12155;3150;onboarding_completed;10/02/2026 10:39;
12156;3151;app_open;26/02/2026 16:07;
12157;3151;signup_completed;26/02/2026 16:08;
12158;3151;onboarding_completed;26/02/2026 16:10;
12159;3152;app_open;30/01/2026 20:56;
12160;3152;signup_completed;30/01/2026 20:58;
12161;3152;onboarding_completed;30/01/2026 20:59;
12162;3152;lesson_start;30/01/2026 21:00;101.0
12163;3152;quiz_completed;30/01/2026 21:08;101.0
12164;3152;streak_extended;01/02/2026 23:08;103.0
12165;3152;streak_extended;04/02/2026 19:08;106.0
12166;3152;streak_extended;06/02/2026 20:08;108.0
12167;3152;streak_extended;01/03/2026 19:08;131.0
12168;3153;app_open;19/03/2026 08:34;
12169;3153;signup_completed;19/03/2026 08:35;
12170;3153;onboarding_completed;19/03/2026 08:40;
12171;3154;app_open;29/03/2026 06:16;
12172;3154;signup_completed;29/03/2026 06:18;
12173;3154;onboarding_completed;29/03/2026 06:21;
12174;3154;lesson_start;29/03/2026 06:22;101.0
12175;3155;app_open;12/03/2026 10:07;
12176;3155;signup_completed;12/03/2026 10:09;
12177;3155;onboarding_completed;12/03/2026 10:12;
12178;3155;lesson_start;12/03/2026 10:13;101.0
12179;3155;quiz_completed;12/03/2026 10:17;101.0
12180;3155;streak_extended;13/03/2026 12:17;102.0
12181;3155;streak_extended;15/03/2026 09:17;104.0
12182;3156;app_open;26/03/2026 16:08;
12183;3156;signup_completed;26/03/2026 16:09;
12184;3156;onboarding_completed;26/03/2026 16:14;
12185;3157;app_open;08/03/2026 19:15;
12186;3157;signup_completed;08/03/2026 19:17;
12187;3157;onboarding_completed;08/03/2026 19:20;
12188;3157;lesson_start;08/03/2026 19:22;101.0
12189;3157;quiz_completed;08/03/2026 19:29;101.0
12190;3157;streak_extended;11/03/2026 18:29;104.0
12191;3157;streak_extended;13/03/2026 19:29;106.0
12192;3157;streak_extended;07/04/2026 19:29;131.0
12193;3158;app_open;03/03/2026 02:16;
12194;3158;signup_completed;03/03/2026 02:18;
12195;3158;onboarding_completed;03/03/2026 02:20;
12196;3158;lesson_start;03/03/2026 02:20;101.0
12197;3158;quiz_completed;03/03/2026 02:26;101.0
12198;3158;streak_extended;10/03/2026 01:26;108.0
12199;3159;app_open;03/01/2026 14:05;
12200;3159;signup_completed;03/01/2026 14:07;
12201;3159;onboarding_completed;03/01/2026 14:09;
12202;3159;lesson_start;03/01/2026 14:10;101.0
12203;3159;quiz_completed;03/01/2026 14:14;101.0
12204;3159;streak_extended;10/01/2026 15:14;108.0
12205;3159;streak_extended;02/02/2026 13:14;131.0
12206;3160;app_open;27/02/2026 22:54;
12207;3160;signup_completed;27/02/2026 22:55;
12208;3160;onboarding_completed;27/02/2026 22:58;
12209;3161;app_open;16/02/2026 01:52;
12210;3161;signup_completed;16/02/2026 01:54;
12211;3161;onboarding_completed;16/02/2026 01:57;
12212;3161;lesson_start;16/02/2026 01:59;101.0
12213;3161;quiz_completed;16/02/2026 02:07;101.0
12214;3161;streak_extended;17/02/2026 01:07;102.0
12215;3161;streak_extended;21/02/2026 04:07;106.0
12216;3161;streak_extended;18/03/2026 03:07;131.0
12217;3162;app_open;26/01/2026 18:43;
12218;3162;signup_completed;26/01/2026 18:44;
12219;3162;onboarding_completed;26/01/2026 18:48;
12220;3163;app_open;05/03/2026 15:38;
12221;3163;signup_completed;05/03/2026 15:39;
12222;3163;onboarding_completed;05/03/2026 15:44;
12223;3163;lesson_start;05/03/2026 15:46;101.0
12224;3163;quiz_completed;05/03/2026 15:52;101.0
12225;3163;streak_extended;06/03/2026 16:52;102.0
12226;3163;streak_extended;08/03/2026 14:52;104.0
12227;3164;app_open;18/03/2026 00:17;
12228;3164;signup_completed;18/03/2026 00:18;
12229;3164;onboarding_completed;18/03/2026 00:22;
12230;3165;app_open;17/03/2026 08:35;
12231;3165;signup_completed;17/03/2026 08:37;
12232;3165;onboarding_completed;17/03/2026 08:42;
12233;3166;app_open;26/02/2026 03:56;
12234;3166;signup_completed;26/02/2026 03:57;
12235;3166;onboarding_completed;26/02/2026 04:02;
12236;3166;lesson_start;26/02/2026 04:03;101.0
12237;3166;quiz_completed;26/02/2026 04:09;101.0
12238;3166;streak_extended;27/02/2026 02:09;102.0
12239;3166;streak_extended;28/02/2026 06:09;103.0
12240;3166;streak_extended;01/03/2026 04:09;104.0
12241;3166;streak_extended;05/03/2026 06:09;108.0
12242;3167;app_open;26/02/2026 01:59;
12243;3167;signup_completed;26/02/2026 02:01;
12244;3167;onboarding_completed;26/02/2026 02:05;
12245;3167;lesson_start;26/02/2026 02:06;101.0
12246;3168;app_open;23/01/2026 02:12;
12247;3168;signup_completed;23/01/2026 02:14;
12248;3168;onboarding_completed;23/01/2026 02:17;
12249;3168;lesson_start;23/01/2026 02:19;101.0
12250;3169;app_open;12/03/2026 00:59;
12251;3169;signup_completed;12/03/2026 01:00;
12252;3169;onboarding_completed;12/03/2026 01:03;
12253;3170;app_open;05/01/2026 23:39;
12254;3171;app_open;26/02/2026 15:42;
12255;3171;signup_completed;26/02/2026 15:43;
12256;3171;onboarding_completed;26/02/2026 15:47;
12257;3171;lesson_start;26/02/2026 15:48;101.0
12258;3171;quiz_completed;26/02/2026 15:54;101.0
12259;3171;streak_extended;27/02/2026 17:54;102.0
12260;3171;streak_extended;01/03/2026 14:54;104.0
12261;3172;app_open;16/02/2026 15:31;
12262;3172;signup_completed;16/02/2026 15:32;
12263;3172;onboarding_completed;16/02/2026 15:35;
12264;3172;lesson_start;16/02/2026 15:37;101.0
12265;3172;quiz_completed;16/02/2026 15:41;101.0
12266;3172;streak_extended;19/02/2026 14:41;104.0
12267;3173;app_open;17/01/2026 13:19;
12268;3173;signup_completed;17/01/2026 13:20;
12269;3173;onboarding_completed;17/01/2026 13:21;
12270;3173;lesson_start;17/01/2026 13:22;101.0
12271;3174;app_open;20/02/2026 21:32;
12272;3174;signup_completed;20/02/2026 21:34;
12273;3175;app_open;03/03/2026 01:44;
12274;3175;signup_completed;03/03/2026 01:44;
12275;3176;app_open;12/03/2026 00:28;
12276;3176;signup_completed;12/03/2026 00:29;
12277;3176;onboarding_completed;12/03/2026 00:32;
12278;3176;lesson_start;12/03/2026 00:32;101.0
12279;3176;quiz_completed;12/03/2026 00:36;101.0
12280;3176;streak_extended;19/03/2026 02:36;108.0
12281;3177;app_open;02/03/2026 04:05;
12282;3177;signup_completed;02/03/2026 04:06;
12283;3177;onboarding_completed;02/03/2026 04:11;
12284;3177;lesson_start;02/03/2026 04:11;101.0
12285;3177;quiz_completed;02/03/2026 04:15;101.0
12286;3177;streak_extended;03/03/2026 03:15;102.0
12287;3177;streak_extended;04/03/2026 03:15;103.0
12288;3177;streak_extended;05/03/2026 04:15;104.0
12289;3178;app_open;17/03/2026 04:57;
12290;3178;signup_completed;17/03/2026 04:59;
12291;3178;onboarding_completed;17/03/2026 05:03;
12292;3178;lesson_start;17/03/2026 05:04;101.0
12293;3179;app_open;23/03/2026 16:03;
12294;3179;signup_completed;23/03/2026 16:04;
12295;3179;onboarding_completed;23/03/2026 16:08;
12296;3180;app_open;06/02/2026 21:54;
12297;3180;signup_completed;06/02/2026 21:55;
12298;3180;onboarding_completed;06/02/2026 21:59;
12299;3180;lesson_start;06/02/2026 22:00;101.0
12300;3181;app_open;15/01/2026 08:20;
12301;3182;app_open;21/03/2026 18:36;
12302;3182;signup_completed;21/03/2026 18:37;
12303;3182;onboarding_completed;21/03/2026 18:39;
12304;3182;lesson_start;21/03/2026 18:41;101.0
12305;3183;app_open;08/03/2026 02:12;
12306;3183;signup_completed;08/03/2026 02:13;
12307;3183;onboarding_completed;08/03/2026 02:17;
12308;3184;app_open;24/01/2026 12:21;
12309;3184;signup_completed;24/01/2026 12:23;
12310;3185;app_open;04/01/2026 01:33;
12311;3186;app_open;25/02/2026 14:11;
12312;3186;signup_completed;25/02/2026 14:12;
12313;3187;app_open;10/03/2026 00:19;
12314;3187;signup_completed;10/03/2026 00:20;
12315;3187;onboarding_completed;10/03/2026 00:25;
12316;3188;app_open;11/01/2026 16:04;
12317;3188;signup_completed;11/01/2026 16:05;
12318;3188;onboarding_completed;11/01/2026 16:07;
12319;3188;lesson_start;11/01/2026 16:08;101.0
12320;3189;app_open;19/01/2026 12:33;
12321;3189;signup_completed;19/01/2026 12:34;
12322;3189;onboarding_completed;19/01/2026 12:37;
12323;3189;lesson_start;19/01/2026 12:39;101.0
12324;3189;quiz_completed;19/01/2026 12:42;101.0
12325;3189;streak_extended;20/01/2026 14:42;102.0
12326;3189;streak_extended;22/01/2026 11:42;104.0
12327;3190;app_open;02/01/2026 20:07;
12328;3190;signup_completed;02/01/2026 20:09;
12329;3190;onboarding_completed;02/01/2026 20:13;
12330;3190;lesson_start;02/01/2026 20:14;101.0
12331;3190;quiz_completed;02/01/2026 20:21;101.0
12332;3190;streak_extended;04/01/2026 18:21;103.0
12333;3190;streak_extended;07/01/2026 18:21;106.0
12334;3191;app_open;12/02/2026 19:41;
12335;3191;signup_completed;12/02/2026 19:42;
12336;3191;onboarding_completed;12/02/2026 19:47;
12337;3191;lesson_start;12/02/2026 19:47;101.0
12338;3192;app_open;31/01/2026 10:57;
12339;3192;signup_completed;31/01/2026 10:59;
12340;3192;onboarding_completed;31/01/2026 11:03;
12341;3193;app_open;10/02/2026 15:49;
12342;3193;signup_completed;10/02/2026 15:50;
12343;3193;onboarding_completed;10/02/2026 15:55;
12344;3193;lesson_start;10/02/2026 15:56;101.0
12345;3194;app_open;15/01/2026 16:51;
12346;3194;signup_completed;15/01/2026 16:52;
12347;3194;onboarding_completed;15/01/2026 16:56;
12348;3194;lesson_start;15/01/2026 16:57;101.0
12349;3194;quiz_completed;15/01/2026 17:03;101.0
12350;3194;streak_extended;16/01/2026 17:03;102.0
12351;3194;streak_extended;17/01/2026 16:03;103.0
12352;3194;streak_extended;18/01/2026 16:03;104.0
12353;3195;app_open;10/02/2026 02:16;
12354;3195;signup_completed;10/02/2026 02:17;
12355;3195;onboarding_completed;10/02/2026 02:22;
12356;3195;lesson_start;10/02/2026 02:23;101.0
12357;3196;app_open;09/03/2026 00:58;
12358;3196;signup_completed;09/03/2026 01:00;
12359;3196;onboarding_completed;09/03/2026 01:04;
12360;3196;lesson_start;09/03/2026 01:04;101.0
12361;3196;quiz_completed;09/03/2026 01:10;101.0
12362;3196;streak_extended;10/03/2026 01:10;102.0
12363;3197;app_open;20/01/2026 19:06;
12364;3197;signup_completed;20/01/2026 19:07;
12365;3197;onboarding_completed;20/01/2026 19:08;
12366;3198;app_open;09/02/2026 20:14;
12367;3198;signup_completed;09/02/2026 20:16;
12368;3199;app_open;18/02/2026 17:19;
12369;3199;signup_completed;18/02/2026 17:21;
12370;3200;app_open;17/03/2026 05:48;
12371;3200;signup_completed;17/03/2026 05:49;
12372;3201;app_open;01/03/2026 08:50;
12373;3201;signup_completed;01/03/2026 08:51;
12374;3201;onboarding_completed;01/03/2026 08:56;
12375;3201;lesson_start;01/03/2026 08:57;101.0
12376;3202;app_open;15/02/2026 18:55;
12377;3202;signup_completed;15/02/2026 18:57;
12378;3202;onboarding_completed;15/02/2026 18:59;
12379;3203;app_open;26/03/2026 17:48;
12380;3203;signup_completed;26/03/2026 17:50;
12381;3204;app_open;24/03/2026 08:51;
12382;3204;signup_completed;24/03/2026 08:52;
12383;3204;onboarding_completed;24/03/2026 08:55;
12384;3204;lesson_start;24/03/2026 08:56;101.0
12385;3205;app_open;13/03/2026 10:37;
12386;3205;signup_completed;13/03/2026 10:38;
12387;3206;app_open;12/03/2026 14:58;
12388;3206;signup_completed;12/03/2026 14:59;
12389;3206;onboarding_completed;12/03/2026 15:03;
12390;3206;lesson_start;12/03/2026 15:05;101.0
12391;3206;quiz_completed;12/03/2026 15:10;101.0
12392;3206;streak_extended;13/03/2026 15:10;102.0
12393;3207;app_open;07/01/2026 01:07;
12394;3207;signup_completed;07/01/2026 01:08;
12395;3208;app_open;10/03/2026 12:34;
12396;3208;signup_completed;10/03/2026 12:35;
12397;3208;onboarding_completed;10/03/2026 12:38;
12398;3208;lesson_start;10/03/2026 12:38;101.0
12399;3209;app_open;14/01/2026 09:45;
12400;3209;signup_completed;14/01/2026 09:46;
12401;3209;onboarding_completed;14/01/2026 09:48;
12402;3210;app_open;20/02/2026 08:37;
12403;3210;signup_completed;20/02/2026 08:38;
12404;3211;app_open;21/01/2026 03:08;
12405;3211;signup_completed;21/01/2026 03:09;
12406;3211;onboarding_completed;21/01/2026 03:12;
12407;3211;lesson_start;21/01/2026 03:13;101.0
12408;3211;quiz_completed;21/01/2026 03:19;101.0
12409;3211;streak_extended;22/01/2026 04:19;102.0
12410;3211;streak_extended;23/01/2026 01:19;103.0
12411;3211;streak_extended;26/01/2026 01:19;106.0
12412;3212;app_open;24/02/2026 10:57;
12413;3212;signup_completed;24/02/2026 10:59;
12414;3212;onboarding_completed;24/02/2026 11:01;
12415;3213;app_open;01/02/2026 13:25;
12416;3213;signup_completed;01/02/2026 13:26;
12417;3213;onboarding_completed;01/02/2026 13:28;
12418;3214;app_open;06/03/2026 07:06;
12419;3214;signup_completed;06/03/2026 07:07;
12420;3215;app_open;16/02/2026 10:41;
12421;3215;signup_completed;16/02/2026 10:42;
12422;3215;onboarding_completed;16/02/2026 10:45;
12423;3216;app_open;21/02/2026 00:27;
12424;3216;signup_completed;21/02/2026 00:28;
12425;3216;onboarding_completed;21/02/2026 00:31;
12426;3217;app_open;06/02/2026 14:03;
12427;3218;app_open;31/01/2026 11:05;
12428;3218;signup_completed;31/01/2026 11:06;
12429;3218;onboarding_completed;31/01/2026 11:09;
12430;3219;app_open;17/01/2026 19:32;
12431;3219;signup_completed;17/01/2026 19:34;
12432;3220;app_open;14/02/2026 15:05;
12433;3220;signup_completed;14/02/2026 15:06;
12434;3221;app_open;30/03/2026 13:24;
12435;3221;signup_completed;30/03/2026 13:25;
12436;3221;onboarding_completed;30/03/2026 13:28;
12437;3221;lesson_start;30/03/2026 13:29;101.0
12438;3221;quiz_completed;30/03/2026 13:33;101.0
12439;3221;streak_extended;31/03/2026 14:33;102.0
12440;3221;streak_extended;01/04/2026 13:33;103.0
12441;3221;streak_extended;02/04/2026 15:33;104.0
12442;3221;streak_extended;06/04/2026 11:33;108.0
12443;3221;streak_extended;13/04/2026 14:33;115.0
12444;3222;app_open;21/02/2026 18:16;
12445;3222;signup_completed;21/02/2026 18:17;
12446;3222;onboarding_completed;21/02/2026 18:20;
12447;3222;lesson_start;21/02/2026 18:21;101.0
12448;3222;quiz_completed;21/02/2026 18:24;101.0
12449;3222;streak_extended;22/02/2026 18:24;102.0
12450;3223;app_open;03/02/2026 05:40;
12451;3223;signup_completed;03/02/2026 05:41;
12452;3223;onboarding_completed;03/02/2026 05:45;
12453;3224;app_open;23/02/2026 00:54;
12454;3224;signup_completed;23/02/2026 00:56;
12455;3224;onboarding_completed;23/02/2026 00:58;
12456;3224;lesson_start;23/02/2026 00:59;101.0
12457;3225;app_open;04/02/2026 09:32;
12458;3225;signup_completed;04/02/2026 09:33;
12459;3226;app_open;07/03/2026 14:53;
12460;3226;signup_completed;07/03/2026 14:53;
12461;3226;onboarding_completed;07/03/2026 14:58;
12462;3227;app_open;16/03/2026 22:51;
12463;3227;signup_completed;16/03/2026 22:52;
12464;3227;onboarding_completed;16/03/2026 22:53;
12465;3228;app_open;26/03/2026 05:46;
12466;3228;signup_completed;26/03/2026 05:47;
12467;3228;onboarding_completed;26/03/2026 05:51;
12468;3228;lesson_start;26/03/2026 05:52;101.0
12469;3228;quiz_completed;26/03/2026 05:58;101.0
12470;3228;streak_extended;28/03/2026 07:58;103.0
12471;3229;app_open;11/03/2026 23:52;
12472;3230;app_open;08/03/2026 02:15;
12473;3230;signup_completed;08/03/2026 02:15;
12474;3230;onboarding_completed;08/03/2026 02:18;
12475;3230;lesson_start;08/03/2026 02:19;101.0
12476;3231;app_open;04/03/2026 11:01;
12477;3231;signup_completed;04/03/2026 11:02;
12478;3231;onboarding_completed;04/03/2026 11:03;
12479;3231;lesson_start;04/03/2026 11:04;101.0
12480;3231;quiz_completed;04/03/2026 11:10;101.0
12481;3231;streak_extended;18/03/2026 12:10;115.0
12482;3232;app_open;20/03/2026 00:38;
12483;3232;signup_completed;20/03/2026 00:40;
12484;3232;onboarding_completed;20/03/2026 00:45;
12485;3233;app_open;09/03/2026 07:32;
12486;3233;signup_completed;09/03/2026 07:33;
12487;3233;onboarding_completed;09/03/2026 07:34;
12488;3234;app_open;26/01/2026 16:00;
12489;3234;signup_completed;26/01/2026 16:01;
12490;3234;onboarding_completed;26/01/2026 16:05;
12491;3234;lesson_start;26/01/2026 16:05;101.0
12492;3234;quiz_completed;26/01/2026 16:09;101.0
12493;3234;streak_extended;27/01/2026 15:09;102.0
12494;3234;streak_extended;31/01/2026 15:09;106.0
12495;3235;app_open;01/03/2026 05:34;
12496;3235;signup_completed;01/03/2026 05:35;
12497;3235;onboarding_completed;01/03/2026 05:39;
12498;3235;lesson_start;01/03/2026 05:40;101.0
12499;3235;quiz_completed;01/03/2026 05:47;101.0
12500;3235;streak_extended;02/03/2026 04:47;102.0
12501;3235;streak_extended;03/03/2026 03:47;103.0
12502;3235;streak_extended;06/03/2026 03:47;106.0
12503;3236;app_open;17/02/2026 00:13;
12504;3236;signup_completed;17/02/2026 00:14;
12505;3236;onboarding_completed;17/02/2026 00:17;
12506;3237;app_open;19/01/2026 16:00;
12507;3237;signup_completed;19/01/2026 16:02;
12508;3237;onboarding_completed;19/01/2026 16:04;
12509;3237;lesson_start;19/01/2026 16:06;101.0
12510;3237;quiz_completed;19/01/2026 16:10;101.0
12511;3237;streak_extended;20/01/2026 16:10;102.0
12512;3237;streak_extended;22/01/2026 14:10;104.0
12513;3238;app_open;24/01/2026 22:25;
12514;3238;signup_completed;24/01/2026 22:27;
12515;3238;onboarding_completed;24/01/2026 22:29;
12516;3239;app_open;28/01/2026 02:07;
12517;3240;app_open;24/02/2026 04:26;
12518;3240;signup_completed;24/02/2026 04:28;
12519;3240;onboarding_completed;24/02/2026 04:32;
12520;3240;lesson_start;24/02/2026 04:33;101.0
12521;3241;app_open;29/01/2026 23:33;
12522;3241;signup_completed;29/01/2026 23:34;
12523;3241;onboarding_completed;29/01/2026 23:36;
12524;3241;lesson_start;29/01/2026 23:37;101.0
12525;3242;app_open;22/01/2026 19:58;
12526;3242;signup_completed;22/01/2026 20:00;
12527;3242;onboarding_completed;22/01/2026 20:02;
12528;3242;lesson_start;22/01/2026 20:03;101.0
12529;3242;quiz_completed;22/01/2026 20:09;101.0
12530;3242;streak_extended;25/01/2026 19:09;104.0
12531;3243;app_open;29/01/2026 21:29;
12532;3243;signup_completed;29/01/2026 21:30;
12533;3243;onboarding_completed;29/01/2026 21:33;
12534;3243;lesson_start;29/01/2026 21:35;101.0
12535;3244;app_open;16/03/2026 20:57;
12536;3244;signup_completed;16/03/2026 20:59;
12537;3244;onboarding_completed;16/03/2026 21:03;
12538;3245;app_open;29/01/2026 01:25;
12539;3245;signup_completed;29/01/2026 01:26;
12540;3246;app_open;10/03/2026 10:32;
12541;3247;app_open;21/01/2026 02:59;
12542;3247;signup_completed;21/01/2026 03:00;
12543;3247;onboarding_completed;21/01/2026 03:05;
12544;3247;lesson_start;21/01/2026 03:07;101.0
12545;3247;quiz_completed;21/01/2026 03:14;101.0
12546;3247;streak_extended;22/01/2026 05:14;102.0
12547;3247;streak_extended;23/01/2026 05:14;103.0
12548;3247;streak_extended;24/01/2026 01:14;104.0
12549;3248;app_open;09/03/2026 00:22;
12550;3248;signup_completed;09/03/2026 00:23;
12551;3248;onboarding_completed;09/03/2026 00:24;
12552;3249;app_open;10/03/2026 10:44;
12553;3249;signup_completed;10/03/2026 10:45;
12554;3250;app_open;17/02/2026 11:27;
12555;3250;signup_completed;17/02/2026 11:28;
12556;3250;onboarding_completed;17/02/2026 11:32;
12557;3250;lesson_start;17/02/2026 11:33;101.0
12558;3250;quiz_completed;17/02/2026 11:39;101.0
12559;3250;streak_extended;18/02/2026 10:39;102.0
12560;3250;streak_extended;03/03/2026 09:39;115.0
12561;3251;app_open;31/01/2026 18:45;
12562;3251;signup_completed;31/01/2026 18:46;
12563;3251;onboarding_completed;31/01/2026 18:47;
12564;3251;lesson_start;31/01/2026 18:48;101.0
12565;3251;quiz_completed;31/01/2026 18:53;101.0
12566;3251;streak_extended;01/02/2026 18:53;102.0
12567;3251;streak_extended;02/02/2026 16:53;103.0
12568;3251;streak_extended;07/02/2026 16:53;108.0
12569;3252;app_open;16/02/2026 14:01;
12570;3252;signup_completed;16/02/2026 14:03;
12571;3252;onboarding_completed;16/02/2026 14:07;
12572;3252;lesson_start;16/02/2026 14:07;101.0
12573;3252;quiz_completed;16/02/2026 14:13;101.0
12574;3252;streak_extended;17/02/2026 16:13;102.0
12575;3252;streak_extended;18/02/2026 14:13;103.0
12576;3252;streak_extended;19/02/2026 15:13;104.0
12577;3253;app_open;03/02/2026 20:46;
12578;3253;signup_completed;03/02/2026 20:47;
12579;3253;onboarding_completed;03/02/2026 20:50;
12580;3254;app_open;24/02/2026 10:01;
12581;3254;signup_completed;24/02/2026 10:03;
12582;3254;onboarding_completed;24/02/2026 10:06;
12583;3255;app_open;19/03/2026 05:25;
12584;3255;signup_completed;19/03/2026 05:27;
12585;3255;onboarding_completed;19/03/2026 05:29;
12586;3255;lesson_start;19/03/2026 05:29;101.0
12587;3255;quiz_completed;19/03/2026 05:33;101.0
12588;3255;streak_extended;20/03/2026 03:33;102.0
12589;3255;streak_extended;18/04/2026 07:33;131.0
12590;3256;app_open;12/03/2026 01:35;
12591;3256;signup_completed;12/03/2026 01:36;
12592;3256;onboarding_completed;12/03/2026 01:38;
12593;3257;app_open;27/01/2026 13:12;
12594;3257;signup_completed;27/01/2026 13:13;
12595;3257;onboarding_completed;27/01/2026 13:18;
12596;3257;lesson_start;27/01/2026 13:18;101.0
12597;3257;quiz_completed;27/01/2026 13:22;101.0
12598;3258;app_open;28/01/2026 22:35;
12599;3258;signup_completed;28/01/2026 22:36;
12600;3258;onboarding_completed;28/01/2026 22:38;
12601;3259;app_open;12/01/2026 19:59;
12602;3259;signup_completed;12/01/2026 20:01;
12603;3259;onboarding_completed;12/01/2026 20:02;
12604;3259;lesson_start;12/01/2026 20:03;101.0
12605;3259;quiz_completed;12/01/2026 20:09;101.0
12606;3259;streak_extended;13/01/2026 19:09;102.0
12607;3259;streak_extended;19/01/2026 18:09;108.0
12608;3259;streak_extended;26/01/2026 21:09;115.0
12609;3260;app_open;25/02/2026 16:17;
12610;3260;signup_completed;25/02/2026 16:19;
12611;3260;onboarding_completed;25/02/2026 16:23;
12612;3260;lesson_start;25/02/2026 16:25;101.0
12613;3260;quiz_completed;25/02/2026 16:32;101.0
12614;3260;streak_extended;27/02/2026 16:32;103.0
12615;3260;streak_extended;28/02/2026 16:32;104.0
12616;3260;streak_extended;02/03/2026 14:32;106.0
12617;3261;app_open;07/03/2026 16:38;
12618;3261;signup_completed;07/03/2026 16:39;
12619;3261;onboarding_completed;07/03/2026 16:40;
12620;3262;app_open;22/02/2026 17:43;
12621;3263;app_open;06/02/2026 20:45;
12622;3263;signup_completed;06/02/2026 20:46;
12623;3263;onboarding_completed;06/02/2026 20:49;
12624;3263;lesson_start;06/02/2026 20:51;101.0
12625;3264;app_open;28/03/2026 23:16;
12626;3264;signup_completed;28/03/2026 23:16;
12627;3264;onboarding_completed;28/03/2026 23:19;
12628;3265;app_open;08/02/2026 07:19;
12629;3265;signup_completed;08/02/2026 07:20;
12630;3265;onboarding_completed;08/02/2026 07:25;
12631;3265;lesson_start;08/02/2026 07:26;101.0
12632;3266;app_open;21/03/2026 10:57;
12633;3266;signup_completed;21/03/2026 10:59;
12634;3266;onboarding_completed;21/03/2026 11:03;
12635;3266;lesson_start;21/03/2026 11:05;101.0
12636;3267;app_open;03/02/2026 12:13;
12637;3267;signup_completed;03/02/2026 12:14;
12638;3267;onboarding_completed;03/02/2026 12:18;
12639;3267;lesson_start;03/02/2026 12:18;101.0
12640;3267;quiz_completed;03/02/2026 12:25;101.0
12641;3267;streak_extended;04/02/2026 12:25;102.0
12642;3267;streak_extended;06/02/2026 14:25;104.0
12643;3268;app_open;17/03/2026 01:22;
12644;3268;signup_completed;17/03/2026 01:23;
12645;3268;onboarding_completed;17/03/2026 01:28;
12646;3269;app_open;20/03/2026 02:53;
12647;3269;signup_completed;20/03/2026 02:54;
12648;3269;onboarding_completed;20/03/2026 02:57;
12649;3270;app_open;15/01/2026 05:18;
12650;3270;signup_completed;15/01/2026 05:20;
12651;3270;onboarding_completed;15/01/2026 05:25;
12652;3270;lesson_start;15/01/2026 05:27;101.0
12653;3270;quiz_completed;15/01/2026 05:30;101.0
12654;3270;streak_extended;22/01/2026 05:30;108.0
12655;3271;app_open;29/01/2026 04:48;
12656;3271;signup_completed;29/01/2026 04:49;
12657;3272;app_open;05/01/2026 02:01;
12658;3272;signup_completed;05/01/2026 02:03;
12659;3272;onboarding_completed;05/01/2026 02:04;
12660;3272;lesson_start;05/01/2026 02:05;101.0
12661;3272;quiz_completed;05/01/2026 02:10;101.0
12662;3273;app_open;28/01/2026 22:13;
12663;3273;signup_completed;28/01/2026 22:14;
12664;3273;onboarding_completed;28/01/2026 22:18;
12665;3274;app_open;11/03/2026 08:04;
12666;3274;signup_completed;11/03/2026 08:05;
12667;3274;onboarding_completed;11/03/2026 08:08;
12668;3274;lesson_start;11/03/2026 08:09;101.0
12669;3274;quiz_completed;11/03/2026 08:14;101.0
12670;3274;streak_extended;12/03/2026 06:14;102.0
12671;3274;streak_extended;16/03/2026 06:14;106.0
12672;3275;app_open;08/01/2026 16:09;
12673;3275;signup_completed;08/01/2026 16:10;
12674;3275;onboarding_completed;08/01/2026 16:14;
12675;3275;lesson_start;08/01/2026 16:16;101.0
12676;3275;quiz_completed;08/01/2026 16:24;101.0
12677;3275;streak_extended;09/01/2026 18:24;102.0
12678;3276;app_open;03/02/2026 15:05;
12679;3276;signup_completed;03/02/2026 15:07;
12680;3277;app_open;12/02/2026 22:48;
12681;3277;signup_completed;12/02/2026 22:49;
12682;3278;app_open;05/03/2026 16:31;
12683;3278;signup_completed;05/03/2026 16:32;
12684;3278;onboarding_completed;05/03/2026 16:37;
12685;3278;lesson_start;05/03/2026 16:39;101.0
12686;3278;quiz_completed;05/03/2026 16:43;101.0
12687;3278;streak_extended;06/03/2026 16:43;102.0
12688;3278;streak_extended;07/03/2026 17:43;103.0
12689;3279;app_open;25/01/2026 21:33;
12690;3279;signup_completed;25/01/2026 21:34;
12691;3280;app_open;14/03/2026 13:25;
12692;3280;signup_completed;14/03/2026 13:27;
12693;3280;onboarding_completed;14/03/2026 13:29;
12694;3280;lesson_start;14/03/2026 13:31;101.0
12695;3280;quiz_completed;14/03/2026 13:38;101.0
12696;3280;streak_extended;28/03/2026 12:38;115.0
12697;3281;app_open;16/02/2026 12:20;
12698;3281;signup_completed;16/02/2026 12:21;
12699;3281;onboarding_completed;16/02/2026 12:24;
12700;3282;app_open;21/01/2026 18:37;
12701;3282;signup_completed;21/01/2026 18:39;
12702;3282;onboarding_completed;21/01/2026 18:44;
12703;3282;lesson_start;21/01/2026 18:45;101.0
12704;3282;quiz_completed;21/01/2026 18:53;101.0
12705;3282;streak_extended;24/01/2026 16:53;104.0
12706;3283;app_open;20/01/2026 14:51;
12707;3284;app_open;22/03/2026 09:16;
12708;3284;signup_completed;22/03/2026 09:17;
12709;3284;onboarding_completed;22/03/2026 09:18;
12710;3285;app_open;22/02/2026 06:58;
12711;3285;signup_completed;22/02/2026 07:00;
12712;3285;onboarding_completed;22/02/2026 07:03;
12713;3285;lesson_start;22/02/2026 07:03;101.0
12714;3285;quiz_completed;22/02/2026 07:10;101.0
12715;3285;streak_extended;23/02/2026 07:10;102.0
12716;3285;streak_extended;24/02/2026 07:10;103.0
12717;3286;app_open;27/01/2026 07:47;
12718;3286;signup_completed;27/01/2026 07:48;
12719;3287;app_open;24/02/2026 13:35;
12720;3287;signup_completed;24/02/2026 13:36;
12721;3287;onboarding_completed;24/02/2026 13:38;
12722;3287;lesson_start;24/02/2026 13:39;101.0
12723;3288;app_open;09/03/2026 14:11;
12724;3288;signup_completed;09/03/2026 14:12;
12725;3288;onboarding_completed;09/03/2026 14:14;
12726;3289;app_open;27/01/2026 08:55;
12727;3289;signup_completed;27/01/2026 08:56;
12728;3289;onboarding_completed;27/01/2026 09:00;
12729;3290;app_open;14/01/2026 07:52;
12730;3290;signup_completed;14/01/2026 07:53;
12731;3290;onboarding_completed;14/01/2026 07:56;
12732;3290;lesson_start;14/01/2026 07:57;101.0
12733;3291;app_open;11/01/2026 14:30;
12734;3291;signup_completed;11/01/2026 14:32;
12735;3291;onboarding_completed;11/01/2026 14:35;
12736;3291;lesson_start;11/01/2026 14:37;101.0
12737;3291;quiz_completed;11/01/2026 14:44;101.0
12738;3292;app_open;01/03/2026 18:37;
12739;3292;signup_completed;01/03/2026 18:38;
12740;3292;onboarding_completed;01/03/2026 18:41;
12741;3292;lesson_start;01/03/2026 18:41;101.0
12742;3293;app_open;13/03/2026 22:24;
12743;3293;signup_completed;13/03/2026 22:25;
12744;3293;onboarding_completed;13/03/2026 22:27;
12745;3293;lesson_start;13/03/2026 22:28;101.0
12746;3293;quiz_completed;13/03/2026 22:35;101.0
12747;3293;streak_extended;14/03/2026 22:35;102.0
12748;3293;streak_extended;15/03/2026 22:35;103.0
12749;3293;streak_extended;18/03/2026 21:35;106.0
12750;3293;streak_extended;12/04/2026 23:35;131.0
12751;3294;app_open;26/02/2026 23:24;
12752;3294;signup_completed;26/02/2026 23:25;
12753;3295;app_open;24/01/2026 05:34;
12754;3295;signup_completed;24/01/2026 05:35;
12755;3295;onboarding_completed;24/01/2026 05:36;
12756;3295;lesson_start;24/01/2026 05:37;101.0
12757;3295;quiz_completed;24/01/2026 05:42;101.0
12758;3295;streak_extended;25/01/2026 05:42;102.0
12759;3295;streak_extended;27/01/2026 07:42;104.0
12760;3296;app_open;24/01/2026 12:58;
12761;3296;signup_completed;24/01/2026 12:59;
12762;3297;app_open;05/01/2026 22:17;
12763;3297;signup_completed;05/01/2026 22:19;
12764;3297;onboarding_completed;05/01/2026 22:20;
12765;3297;lesson_start;05/01/2026 22:20;101.0
12766;3298;app_open;07/03/2026 00:49;
12767;3299;app_open;29/03/2026 21:13;
12768;3300;app_open;21/02/2026 13:24;
12769;3300;signup_completed;21/02/2026 13:26;
12770;3301;app_open;22/01/2026 21:51;
12771;3301;signup_completed;22/01/2026 21:52;
12772;3302;app_open;03/03/2026 22:31;
12773;3302;signup_completed;03/03/2026 22:32;
12774;3302;onboarding_completed;03/03/2026 22:34;
12775;3302;lesson_start;03/03/2026 22:35;101.0
12776;3303;app_open;23/01/2026 14:32;
12777;3303;signup_completed;23/01/2026 14:34;
12778;3303;onboarding_completed;23/01/2026 14:37;
12779;3303;lesson_start;23/01/2026 14:39;101.0
12780;3303;quiz_completed;23/01/2026 14:44;101.0
12781;3303;streak_extended;24/01/2026 15:44;102.0
12782;3303;streak_extended;25/01/2026 16:44;103.0
12783;3303;streak_extended;22/02/2026 16:44;131.0
12784;3304;app_open;06/01/2026 02:18;
12785;3304;signup_completed;06/01/2026 02:19;
12786;3304;onboarding_completed;06/01/2026 02:20;
12787;3304;lesson_start;06/01/2026 02:21;101.0
12788;3304;quiz_completed;06/01/2026 02:26;101.0
12789;3304;streak_extended;07/01/2026 02:26;102.0
12790;3304;streak_extended;08/01/2026 02:26;103.0
12791;3304;streak_extended;11/01/2026 01:26;106.0
12792;3305;app_open;10/01/2026 17:28;
12793;3305;signup_completed;10/01/2026 17:30;
12794;3306;app_open;10/02/2026 03:03;
12795;3306;signup_completed;10/02/2026 03:05;
12796;3307;app_open;02/02/2026 01:38;
12797;3307;signup_completed;02/02/2026 01:40;
12798;3307;onboarding_completed;02/02/2026 01:42;
12799;3307;lesson_start;02/02/2026 01:43;101.0
12800;3307;quiz_completed;02/02/2026 01:49;101.0
12801;3307;streak_extended;02/02/2026 23:49;102.0
12802;3308;app_open;11/03/2026 15:33;
12803;3308;signup_completed;11/03/2026 15:35;
12804;3308;onboarding_completed;11/03/2026 15:39;
12805;3308;lesson_start;11/03/2026 15:40;101.0
12806;3308;quiz_completed;11/03/2026 15:44;101.0
12807;3308;streak_extended;12/03/2026 16:44;102.0
12808;3308;streak_extended;14/03/2026 14:44;104.0
12809;3309;app_open;15/02/2026 20:46;
12810;3309;signup_completed;15/02/2026 20:48;
12811;3309;onboarding_completed;15/02/2026 20:52;
12812;3309;lesson_start;15/02/2026 20:54;101.0
12813;3309;quiz_completed;15/02/2026 20:59;101.0
12814;3309;streak_extended;16/02/2026 21:59;102.0
12815;3309;streak_extended;22/02/2026 20:59;108.0
12816;3310;app_open;10/01/2026 18:17;
12817;3310;signup_completed;10/01/2026 18:18;
12818;3310;onboarding_completed;10/01/2026 18:20;
12819;3310;lesson_start;10/01/2026 18:20;101.0
12820;3311;app_open;08/03/2026 03:17;
12821;3311;signup_completed;08/03/2026 03:19;
12822;3311;onboarding_completed;08/03/2026 03:21;
12823;3311;lesson_start;08/03/2026 03:22;101.0
12824;3311;quiz_completed;08/03/2026 03:29;101.0
12825;3311;streak_extended;09/03/2026 03:29;102.0
12826;3311;streak_extended;10/03/2026 03:29;103.0
12827;3311;streak_extended;11/03/2026 04:29;104.0
12828;3312;app_open;16/03/2026 20:00;
12829;3312;signup_completed;16/03/2026 20:02;
12830;3312;onboarding_completed;16/03/2026 20:04;
12831;3312;lesson_start;16/03/2026 20:04;101.0
12832;3312;quiz_completed;16/03/2026 20:10;101.0
12833;3312;streak_extended;17/03/2026 18:10;102.0
12834;3313;app_open;14/01/2026 08:19;
12835;3313;signup_completed;14/01/2026 08:20;
12836;3313;onboarding_completed;14/01/2026 08:23;
12837;3313;lesson_start;14/01/2026 08:24;101.0
12838;3313;quiz_completed;14/01/2026 08:29;101.0
12839;3313;streak_extended;19/01/2026 06:29;106.0
12840;3314;app_open;01/01/2026 12:04;
12841;3314;signup_completed;01/01/2026 12:06;
12842;3315;app_open;23/02/2026 10:24;
12843;3315;signup_completed;23/02/2026 10:26;
12844;3315;onboarding_completed;23/02/2026 10:27;
12845;3315;lesson_start;23/02/2026 10:28;101.0
12846;3315;quiz_completed;23/02/2026 10:34;101.0
12847;3315;streak_extended;25/02/2026 11:34;103.0
12848;3316;app_open;16/01/2026 08:01;
12849;3316;signup_completed;16/01/2026 08:03;
12850;3316;onboarding_completed;16/01/2026 08:05;
12851;3316;lesson_start;16/01/2026 08:06;101.0
12852;3316;quiz_completed;16/01/2026 08:10;101.0
12853;3316;streak_extended;17/01/2026 08:10;102.0
12854;3316;streak_extended;18/01/2026 09:10;103.0
12855;3316;streak_extended;19/01/2026 09:10;104.0
12856;3316;streak_extended;21/01/2026 10:10;106.0
12857;3316;streak_extended;30/01/2026 06:10;115.0
12858;3317;app_open;09/02/2026 12:09;
12859;3317;signup_completed;09/02/2026 12:10;
12860;3317;onboarding_completed;09/02/2026 12:11;
12861;3318;app_open;05/03/2026 09:21;
12862;3318;signup_completed;05/03/2026 09:21;
12863;3319;app_open;27/03/2026 12:03;
12864;3319;signup_completed;27/03/2026 12:05;
12865;3319;onboarding_completed;27/03/2026 12:06;
12866;3319;lesson_start;27/03/2026 12:07;101.0
12867;3320;app_open;27/03/2026 06:49;
12868;3320;signup_completed;27/03/2026 06:50;
12869;3320;onboarding_completed;27/03/2026 06:54;
12870;3320;lesson_start;27/03/2026 06:56;101.0
12871;3320;quiz_completed;27/03/2026 07:02;101.0
12872;3320;streak_extended;28/03/2026 06:02;102.0
12873;3321;app_open;16/02/2026 04:27;
12874;3322;app_open;16/02/2026 08:32;
12875;3322;signup_completed;16/02/2026 08:33;
12876;3323;app_open;05/03/2026 03:51;
12877;3323;signup_completed;05/03/2026 03:53;
12878;3324;app_open;20/01/2026 08:45;
12879;3324;signup_completed;20/01/2026 08:47;
12880;3324;onboarding_completed;20/01/2026 08:50;
12881;3324;lesson_start;20/01/2026 08:51;101.0
12882;3324;quiz_completed;20/01/2026 08:58;101.0
12883;3324;streak_extended;21/01/2026 06:58;102.0
12884;3324;streak_extended;23/01/2026 08:58;104.0
12885;3324;streak_extended;19/02/2026 07:58;131.0
12886;3325;app_open;15/03/2026 09:24;
12887;3325;signup_completed;15/03/2026 09:25;
12888;3326;app_open;28/01/2026 21:19;
12889;3326;signup_completed;28/01/2026 21:21;
12890;3326;onboarding_completed;28/01/2026 21:24;
12891;3326;lesson_start;28/01/2026 21:25;101.0
12892;3327;app_open;01/02/2026 04:22;
12893;3328;app_open;28/01/2026 17:03;
12894;3328;signup_completed;28/01/2026 17:05;
12895;3328;onboarding_completed;28/01/2026 17:09;
12896;3329;app_open;04/03/2026 17:03;
12897;3329;signup_completed;04/03/2026 17:05;
12898;3329;onboarding_completed;04/03/2026 17:06;
12899;3329;lesson_start;04/03/2026 17:07;101.0
12900;3330;app_open;06/01/2026 17:51;
12901;3330;signup_completed;06/01/2026 17:52;
12902;3330;onboarding_completed;06/01/2026 17:56;
12903;3330;lesson_start;06/01/2026 17:58;101.0
12904;3330;quiz_completed;06/01/2026 18:04;101.0
12905;3330;streak_extended;20/01/2026 17:04;115.0
12906;3331;app_open;30/03/2026 03:38;
12907;3331;signup_completed;30/03/2026 03:40;
12908;3331;onboarding_completed;30/03/2026 03:45;
12909;3332;app_open;16/03/2026 15:15;
12910;3332;signup_completed;16/03/2026 15:16;
12911;3332;onboarding_completed;16/03/2026 15:20;
12912;3332;lesson_start;16/03/2026 15:22;101.0
12913;3333;app_open;09/01/2026 16:27;
12914;3333;signup_completed;09/01/2026 16:28;
12915;3334;app_open;05/03/2026 07:57;
12916;3334;signup_completed;05/03/2026 07:58;
12917;3334;onboarding_completed;05/03/2026 08:00;
12918;3335;app_open;25/02/2026 17:49;
12919;3335;signup_completed;25/02/2026 17:50;
12920;3335;onboarding_completed;25/02/2026 17:52;
12921;3335;lesson_start;25/02/2026 17:52;101.0
12922;3336;app_open;23/01/2026 13:06;
12923;3336;signup_completed;23/01/2026 13:07;
12924;3336;onboarding_completed;23/01/2026 13:11;
12925;3337;app_open;21/02/2026 22:59;
12926;3337;signup_completed;21/02/2026 23:00;
12927;3338;app_open;13/03/2026 17:15;
12928;3338;signup_completed;13/03/2026 17:17;
12929;3338;onboarding_completed;13/03/2026 17:21;
12930;3339;app_open;12/03/2026 04:59;
12931;3339;signup_completed;12/03/2026 05:00;
12932;3339;onboarding_completed;12/03/2026 05:02;
12933;3339;lesson_start;12/03/2026 05:03;101.0
12934;3340;app_open;24/03/2026 13:25;
12935;3340;signup_completed;24/03/2026 13:27;
12936;3341;app_open;04/01/2026 14:54;
12937;3341;signup_completed;04/01/2026 14:55;
12938;3341;onboarding_completed;04/01/2026 14:56;
12939;3342;app_open;30/03/2026 15:58;
12940;3342;signup_completed;30/03/2026 16:00;
12941;3343;app_open;17/01/2026 23:55;
12942;3344;app_open;10/02/2026 13:44;
12943;3344;signup_completed;10/02/2026 13:45;
12944;3344;onboarding_completed;10/02/2026 13:48;
12945;3344;lesson_start;10/02/2026 13:48;101.0
12946;3344;quiz_completed;10/02/2026 13:52;101.0
12947;3344;streak_extended;11/02/2026 15:52;102.0
12948;3344;streak_extended;15/02/2026 15:52;106.0
12949;3344;streak_extended;17/02/2026 14:52;108.0
12950;3345;app_open;27/03/2026 15:46;
12951;3345;signup_completed;27/03/2026 15:47;
12952;3346;app_open;23/03/2026 07:45;
12953;3347;app_open;18/01/2026 01:37;
12954;3347;signup_completed;18/01/2026 01:38;
12955;3347;onboarding_completed;18/01/2026 01:40;
12956;3348;app_open;04/01/2026 12:40;
12957;3348;signup_completed;04/01/2026 12:42;
12958;3348;onboarding_completed;04/01/2026 12:44;
12959;3348;lesson_start;04/01/2026 12:44;101.0
12960;3349;app_open;23/03/2026 04:29;
12961;3349;signup_completed;23/03/2026 04:31;
12962;3349;onboarding_completed;23/03/2026 04:32;
12963;3350;app_open;08/02/2026 13:03;
12964;3350;signup_completed;08/02/2026 13:04;
12965;3350;onboarding_completed;08/02/2026 13:09;
12966;3351;app_open;18/03/2026 12:04;
12967;3352;app_open;18/02/2026 02:19;
12968;3352;signup_completed;18/02/2026 02:21;
12969;3352;onboarding_completed;18/02/2026 02:24;
12970;3352;lesson_start;18/02/2026 02:25;101.0
12971;3352;quiz_completed;18/02/2026 02:32;101.0
12972;3352;streak_extended;19/02/2026 04:32;102.0
12973;3352;streak_extended;20/02/2026 03:32;103.0
12974;3353;app_open;19/01/2026 02:08;
12975;3353;signup_completed;19/01/2026 02:08;
12976;3353;onboarding_completed;19/01/2026 02:10;
12977;3354;app_open;14/03/2026 17:18;
12978;3354;signup_completed;14/03/2026 17:18;
12979;3354;onboarding_completed;14/03/2026 17:22;
12980;3355;app_open;26/03/2026 16:35;
12981;3355;signup_completed;26/03/2026 16:35;
12982;3355;onboarding_completed;26/03/2026 16:37;
12983;3355;lesson_start;26/03/2026 16:39;101.0
12984;3355;quiz_completed;26/03/2026 16:42;101.0
12985;3355;streak_extended;27/03/2026 15:42;102.0
12986;3355;streak_extended;28/03/2026 16:42;103.0
12987;3356;app_open;29/01/2026 02:30;
12988;3356;signup_completed;29/01/2026 02:31;
12989;3356;onboarding_completed;29/01/2026 02:33;
12990;3357;app_open;27/03/2026 02:57;
12991;3357;signup_completed;27/03/2026 02:58;
12992;3357;onboarding_completed;27/03/2026 02:59;
12993;3357;lesson_start;27/03/2026 03:00;101.0
12994;3358;app_open;04/01/2026 15:18;
12995;3358;signup_completed;04/01/2026 15:19;
12996;3358;onboarding_completed;04/01/2026 15:24;
12997;3358;lesson_start;04/01/2026 15:24;101.0
12998;3358;quiz_completed;04/01/2026 15:28;101.0
12999;3358;streak_extended;05/01/2026 13:28;102.0
13000;3358;streak_extended;11/01/2026 13:28;108.0
13001;3359;app_open;01/01/2026 21:35;
13002;3359;signup_completed;01/01/2026 21:36;
13003;3359;onboarding_completed;01/01/2026 21:39;
13004;3359;lesson_start;01/01/2026 21:40;101.0
13005;3359;quiz_completed;01/01/2026 21:43;101.0
13006;3359;streak_extended;02/01/2026 20:43;102.0
13007;3359;streak_extended;03/01/2026 21:43;103.0
13008;3359;streak_extended;06/01/2026 20:43;106.0
13009;3360;app_open;29/01/2026 23:18;
13010;3360;signup_completed;29/01/2026 23:19;
13011;3360;onboarding_completed;29/01/2026 23:20;
13012;3360;lesson_start;29/01/2026 23:20;101.0
13013;3360;quiz_completed;29/01/2026 23:23;101.0
13014;3360;streak_extended;31/01/2026 01:23;102.0
13015;3360;streak_extended;06/02/2026 01:23;108.0
13016;3361;app_open;25/02/2026 03:26;
13017;3361;signup_completed;25/02/2026 03:27;
13018;3362;app_open;28/02/2026 12:35;
13019;3362;signup_completed;28/02/2026 12:36;
13020;3362;onboarding_completed;28/02/2026 12:39;
13021;3363;app_open;11/01/2026 10:01;
13022;3363;signup_completed;11/01/2026 10:02;
13023;3363;onboarding_completed;11/01/2026 10:07;
13024;3364;app_open;02/02/2026 12:42;
13025;3364;signup_completed;02/02/2026 12:43;
13026;3364;onboarding_completed;02/02/2026 12:48;
13027;3364;lesson_start;02/02/2026 12:50;101.0
13028;3364;quiz_completed;02/02/2026 12:56;101.0
13029;3364;streak_extended;03/02/2026 11:56;102.0
13030;3364;streak_extended;05/02/2026 10:56;104.0
13031;3364;streak_extended;07/02/2026 14:56;106.0
13032;3364;streak_extended;16/02/2026 12:56;115.0
13033;3365;app_open;28/01/2026 15:04;
13034;3366;app_open;14/02/2026 02:42;
13035;3366;signup_completed;14/02/2026 02:44;
13036;3366;onboarding_completed;14/02/2026 02:45;
13037;3367;app_open;04/03/2026 06:21;
13038;3367;signup_completed;04/03/2026 06:23;
13039;3367;onboarding_completed;04/03/2026 06:26;
13040;3368;app_open;22/02/2026 17:58;
13041;3368;signup_completed;22/02/2026 18:00;
13042;3368;onboarding_completed;22/02/2026 18:02;
13043;3368;lesson_start;22/02/2026 18:03;101.0
13044;3368;quiz_completed;22/02/2026 18:06;101.0
13045;3368;streak_extended;24/02/2026 17:06;103.0
13046;3368;streak_extended;25/02/2026 19:06;104.0
13047;3368;streak_extended;27/02/2026 16:06;106.0
13048;3369;app_open;20/02/2026 21:45;
13049;3369;signup_completed;20/02/2026 21:46;
13050;3369;onboarding_completed;20/02/2026 21:49;
13051;3369;lesson_start;20/02/2026 21:50;101.0
13052;3369;quiz_completed;20/02/2026 21:55;101.0
13053;3369;streak_extended;21/02/2026 23:55;102.0
13054;3369;streak_extended;22/03/2026 22:55;131.0
13055;3370;app_open;17/02/2026 22:53;
13056;3370;signup_completed;17/02/2026 22:55;
13057;3370;onboarding_completed;17/02/2026 22:58;
13058;3371;app_open;28/03/2026 08:07;
13059;3372;app_open;14/01/2026 00:42;
13060;3372;signup_completed;14/01/2026 00:43;
13061;3372;onboarding_completed;14/01/2026 00:47;
13062;3373;app_open;24/03/2026 15:06;
13063;3373;signup_completed;24/03/2026 15:08;
13064;3374;app_open;18/02/2026 22:54;
13065;3374;signup_completed;18/02/2026 22:54;
13066;3374;onboarding_completed;18/02/2026 22:56;
13067;3374;lesson_start;18/02/2026 22:58;101.0
13068;3374;quiz_completed;18/02/2026 23:05;101.0
13069;3374;streak_extended;20/02/2026 00:05;102.0
13070;3374;streak_extended;21/02/2026 23:05;104.0
13071;3374;streak_extended;23/02/2026 21:05;106.0
13072;3375;app_open;15/02/2026 10:34;
13073;3375;signup_completed;15/02/2026 10:35;
13074;3375;onboarding_completed;15/02/2026 10:38;
13075;3376;app_open;27/01/2026 11:45;
13076;3376;signup_completed;27/01/2026 11:46;
13077;3376;onboarding_completed;27/01/2026 11:48;
13078;3376;lesson_start;27/01/2026 11:50;101.0
13079;3376;quiz_completed;27/01/2026 11:56;101.0
13080;3376;streak_extended;28/01/2026 09:56;102.0
13081;3377;app_open;19/01/2026 17:16;
13082;3377;signup_completed;19/01/2026 17:18;
13083;3377;onboarding_completed;19/01/2026 17:20;
13084;3377;lesson_start;19/01/2026 17:20;101.0
13085;3377;quiz_completed;19/01/2026 17:28;101.0
13086;3377;streak_extended;20/01/2026 17:28;102.0
13087;3378;app_open;20/03/2026 12:40;
13088;3378;signup_completed;20/03/2026 12:41;
13089;3378;onboarding_completed;20/03/2026 12:44;
13090;3379;app_open;11/01/2026 22:29;
13091;3379;signup_completed;11/01/2026 22:30;
13092;3379;onboarding_completed;11/01/2026 22:34;
13093;3379;lesson_start;11/01/2026 22:35;101.0
13094;3379;quiz_completed;11/01/2026 22:42;101.0
13095;3379;streak_extended;12/01/2026 23:42;102.0
13096;3380;app_open;02/02/2026 02:32;
13097;3380;signup_completed;02/02/2026 02:34;
13098;3380;onboarding_completed;02/02/2026 02:37;
13099;3380;lesson_start;02/02/2026 02:38;101.0
13100;3380;quiz_completed;02/02/2026 02:45;101.0
13101;3381;app_open;16/01/2026 18:38;
13102;3381;signup_completed;16/01/2026 18:38;
13103;3382;app_open;12/03/2026 23:37;
13104;3382;signup_completed;12/03/2026 23:39;
13105;3383;app_open;14/02/2026 13:20;
13106;3383;signup_completed;14/02/2026 13:22;
13107;3383;onboarding_completed;14/02/2026 13:25;
13108;3383;lesson_start;14/02/2026 13:26;101.0
13109;3384;app_open;04/03/2026 22:36;
13110;3385;app_open;25/01/2026 23:28;
13111;3385;signup_completed;25/01/2026 23:28;
13112;3385;onboarding_completed;25/01/2026 23:31;
13113;3386;app_open;11/03/2026 18:27;
13114;3387;app_open;19/01/2026 01:52;
13115;3387;signup_completed;19/01/2026 01:54;
13116;3387;onboarding_completed;19/01/2026 01:55;
13117;3387;lesson_start;19/01/2026 01:57;101.0
13118;3387;quiz_completed;19/01/2026 02:05;101.0
13119;3387;streak_extended;22/01/2026 01:05;104.0
13120;3387;streak_extended;24/01/2026 01:05;106.0
13121;3387;streak_extended;18/02/2026 01:05;131.0
13122;3388;app_open;02/01/2026 08:49;
13123;3388;signup_completed;02/01/2026 08:50;
13124;3389;app_open;13/03/2026 12:26;
13125;3389;signup_completed;13/03/2026 12:27;
13126;3389;onboarding_completed;13/03/2026 12:30;
13127;3390;app_open;02/02/2026 17:31;
13128;3390;signup_completed;02/02/2026 17:32;
13129;3390;onboarding_completed;02/02/2026 17:35;
13130;3391;app_open;18/03/2026 18:37;
13131;3391;signup_completed;18/03/2026 18:37;
13132;3391;onboarding_completed;18/03/2026 18:40;
13133;3392;app_open;29/01/2026 15:27;
13134;3392;signup_completed;29/01/2026 15:28;
13135;3392;onboarding_completed;29/01/2026 15:31;
13136;3392;lesson_start;29/01/2026 15:31;101.0
13137;3392;quiz_completed;29/01/2026 15:35;101.0
13138;3392;streak_extended;30/01/2026 15:35;102.0
13139;3392;streak_extended;31/01/2026 13:35;103.0
13140;3392;streak_extended;01/02/2026 16:35;104.0
13141;3393;app_open;25/02/2026 03:01;
13142;3393;signup_completed;25/02/2026 03:03;
13143;3393;onboarding_completed;25/02/2026 03:05;
13144;3393;lesson_start;25/02/2026 03:06;101.0
13145;3394;app_open;07/03/2026 11:28;
13146;3394;signup_completed;07/03/2026 11:29;
13147;3395;app_open;15/03/2026 12:35;
13148;3395;signup_completed;15/03/2026 12:37;
13149;3395;onboarding_completed;15/03/2026 12:39;
13150;3396;app_open;19/01/2026 18:05;
13151;3396;signup_completed;19/01/2026 18:06;
13152;3396;onboarding_completed;19/01/2026 18:09;
13153;3396;lesson_start;19/01/2026 18:10;101.0
13154;3397;app_open;18/01/2026 00:55;
13155;3397;signup_completed;18/01/2026 00:56;
13156;3397;onboarding_completed;18/01/2026 01:01;
13157;3398;app_open;01/03/2026 07:37;
13158;3398;signup_completed;01/03/2026 07:39;
13159;3398;onboarding_completed;01/03/2026 07:42;
13160;3398;lesson_start;01/03/2026 07:42;101.0
13161;3398;quiz_completed;01/03/2026 07:45;101.0
13162;3398;streak_extended;02/03/2026 09:45;102.0
13163;3398;streak_extended;04/03/2026 06:45;104.0
13164;3398;streak_extended;15/03/2026 05:45;115.0
13165;3399;app_open;25/03/2026 02:57;
13166;3399;signup_completed;25/03/2026 02:59;
13167;3399;onboarding_completed;25/03/2026 03:01;
13168;3400;app_open;04/03/2026 00:20;
13169;3401;app_open;29/03/2026 02:15;
13170;3401;signup_completed;29/03/2026 02:17;
13171;3401;onboarding_completed;29/03/2026 02:22;
13172;3401;lesson_start;29/03/2026 02:23;101.0
13173;3402;app_open;09/02/2026 08:51;
13174;3402;signup_completed;09/02/2026 08:53;
13175;3402;onboarding_completed;09/02/2026 08:57;
13176;3403;app_open;22/03/2026 07:01;
13177;3403;signup_completed;22/03/2026 07:02;
13178;3404;app_open;11/02/2026 12:37;
13179;3404;signup_completed;11/02/2026 12:38;
13180;3404;onboarding_completed;11/02/2026 12:43;
13181;3404;lesson_start;11/02/2026 12:44;101.0
13182;3404;quiz_completed;11/02/2026 12:50;101.0
13183;3404;streak_extended;12/02/2026 13:50;102.0
13184;3404;streak_extended;13/02/2026 11:50;103.0
13185;3404;streak_extended;13/03/2026 10:50;131.0
13186;3405;app_open;20/02/2026 00:41;
13187;3405;signup_completed;20/02/2026 00:42;
13188;3405;onboarding_completed;20/02/2026 00:44;
13189;3405;lesson_start;20/02/2026 00:44;101.0
13190;3405;quiz_completed;20/02/2026 00:48;101.0
13191;3405;streak_extended;20/02/2026 23:48;102.0
13192;3405;streak_extended;25/02/2026 01:48;106.0
13193;3406;app_open;01/02/2026 20:07;
13194;3406;signup_completed;01/02/2026 20:09;
13195;3406;onboarding_completed;01/02/2026 20:10;
13196;3407;app_open;09/01/2026 10:06;
13197;3407;signup_completed;09/01/2026 10:07;
13198;3408;app_open;08/02/2026 22:00;
13199;3408;signup_completed;08/02/2026 22:01;
13200;3408;onboarding_completed;08/02/2026 22:04;
13201;3408;lesson_start;08/02/2026 22:06;101.0
13202;3408;quiz_completed;08/02/2026 22:10;101.0
13203;3408;streak_extended;09/02/2026 23:10;102.0
13204;3408;streak_extended;13/02/2026 21:10;106.0
13205;3409;app_open;06/03/2026 23:28;
13206;3409;signup_completed;06/03/2026 23:30;
13207;3410;app_open;10/01/2026 06:15;
13208;3410;signup_completed;10/01/2026 06:17;
13209;3411;app_open;18/01/2026 22:34;
13210;3411;signup_completed;18/01/2026 22:35;
13211;3411;onboarding_completed;18/01/2026 22:37;
13212;3411;lesson_start;18/01/2026 22:39;101.0
13213;3411;quiz_completed;18/01/2026 22:44;101.0
13214;3411;streak_extended;21/01/2026 00:44;103.0
13215;3411;streak_extended;23/01/2026 20:44;106.0
13216;3412;app_open;14/01/2026 15:38;
13217;3413;app_open;16/02/2026 08:32;
13218;3413;signup_completed;16/02/2026 08:33;
13219;3413;onboarding_completed;16/02/2026 08:35;
13220;3413;lesson_start;16/02/2026 08:36;101.0
13221;3413;quiz_completed;16/02/2026 08:43;101.0
13222;3413;streak_extended;21/02/2026 06:43;106.0
13223;3414;app_open;01/02/2026 10:02;
13224;3415;app_open;25/01/2026 01:59;
13225;3416;app_open;01/01/2026 15:54;
13226;3416;signup_completed;01/01/2026 15:55;
13227;3416;onboarding_completed;01/01/2026 15:57;
13228;3416;lesson_start;01/01/2026 15:58;101.0
13229;3416;quiz_completed;01/01/2026 16:06;101.0
13230;3416;streak_extended;02/01/2026 16:06;102.0
13231;3416;streak_extended;03/01/2026 15:06;103.0
13232;3416;streak_extended;15/01/2026 16:06;115.0
13233;3417;app_open;26/01/2026 07:40;
13234;3417;signup_completed;26/01/2026 07:41;
13235;3417;onboarding_completed;26/01/2026 07:45;
13236;3417;lesson_start;26/01/2026 07:45;101.0
13237;3417;quiz_completed;26/01/2026 07:51;101.0
13238;3417;streak_extended;29/01/2026 06:51;104.0
13239;3417;streak_extended;09/02/2026 09:51;115.0
13240;3418;app_open;07/02/2026 05:47;
13241;3418;signup_completed;07/02/2026 05:49;
13242;3418;onboarding_completed;07/02/2026 05:54;
13243;3418;lesson_start;07/02/2026 05:55;101.0
13244;3419;app_open;23/01/2026 20:48;
13245;3420;app_open;13/02/2026 08:58;
13246;3421;app_open;15/03/2026 04:22;
13247;3422;app_open;26/01/2026 22:08;
13248;3422;signup_completed;26/01/2026 22:09;
13249;3423;app_open;02/02/2026 00:04;
13250;3423;signup_completed;02/02/2026 00:05;
13251;3423;onboarding_completed;02/02/2026 00:08;
13252;3424;app_open;30/01/2026 07:35;
13253;3424;signup_completed;30/01/2026 07:36;
13254;3424;onboarding_completed;30/01/2026 07:38;
13255;3424;lesson_start;30/01/2026 07:39;101.0
13256;3424;quiz_completed;30/01/2026 07:46;101.0
13257;3424;streak_extended;01/02/2026 08:46;103.0
13258;3424;streak_extended;06/02/2026 07:46;108.0
13259;3425;app_open;26/02/2026 13:13;
13260;3425;signup_completed;26/02/2026 13:15;
13261;3426;app_open;12/03/2026 04:26;
13262;3426;signup_completed;12/03/2026 04:27;
13263;3426;onboarding_completed;12/03/2026 04:29;
13264;3427;app_open;25/02/2026 14:54;
13265;3427;signup_completed;25/02/2026 14:55;
13266;3427;onboarding_completed;25/02/2026 14:57;
13267;3428;app_open;02/01/2026 02:38;
13268;3428;signup_completed;02/01/2026 02:39;
13269;3428;onboarding_completed;02/01/2026 02:43;
13270;3429;app_open;26/01/2026 09:27;
13271;3429;signup_completed;26/01/2026 09:28;
13272;3429;onboarding_completed;26/01/2026 09:32;
13273;3429;lesson_start;26/01/2026 09:33;101.0
13274;3429;quiz_completed;26/01/2026 09:41;101.0
13275;3429;streak_extended;29/01/2026 10:41;104.0
13276;3429;streak_extended;09/02/2026 07:41;115.0
13277;3430;app_open;05/03/2026 11:11;
13278;3430;signup_completed;05/03/2026 11:12;
13279;3430;onboarding_completed;05/03/2026 11:14;
13280;3431;app_open;04/02/2026 21:49;
13281;3431;signup_completed;04/02/2026 21:50;
13282;3431;onboarding_completed;04/02/2026 21:52;
13283;3432;app_open;09/03/2026 06:16;
13284;3432;signup_completed;09/03/2026 06:18;
13285;3433;app_open;23/01/2026 22:37;
13286;3433;signup_completed;23/01/2026 22:38;
13287;3433;onboarding_completed;23/01/2026 22:40;
13288;3433;lesson_start;23/01/2026 22:40;101.0
13289;3433;quiz_completed;23/01/2026 22:45;101.0
13290;3433;streak_extended;24/01/2026 20:45;102.0
13291;3433;streak_extended;26/01/2026 20:45;104.0
13292;3433;streak_extended;06/02/2026 21:45;115.0
13293;3433;streak_extended;22/02/2026 20:45;131.0
13294;3434;app_open;07/01/2026 00:45;
13295;3434;signup_completed;07/01/2026 00:46;
13296;3435;app_open;06/03/2026 20:03;
13297;3435;signup_completed;06/03/2026 20:03;
13298;3435;onboarding_completed;06/03/2026 20:08;
13299;3435;lesson_start;06/03/2026 20:09;101.0
13300;3436;app_open;12/01/2026 11:29;
13301;3436;signup_completed;12/01/2026 11:29;
13302;3436;onboarding_completed;12/01/2026 11:32;
13303;3436;lesson_start;12/01/2026 11:34;101.0
13304;3437;app_open;15/02/2026 04:26;
13305;3437;signup_completed;15/02/2026 04:28;
13306;3437;onboarding_completed;15/02/2026 04:32;
13307;3437;lesson_start;15/02/2026 04:34;101.0
13308;3437;quiz_completed;15/02/2026 04:38;101.0
13309;3437;streak_extended;16/02/2026 03:38;102.0
13310;3438;app_open;30/01/2026 18:54;
13311;3438;signup_completed;30/01/2026 18:56;
13312;3439;app_open;16/01/2026 12:10;
13313;3439;signup_completed;16/01/2026 12:11;
13314;3439;onboarding_completed;16/01/2026 12:14;
13315;3439;lesson_start;16/01/2026 12:15;101.0
13316;3439;quiz_completed;16/01/2026 12:19;101.0
13317;3439;streak_extended;23/01/2026 11:19;108.0
13318;3439;streak_extended;30/01/2026 14:19;115.0
13319;3439;streak_extended;15/02/2026 10:19;131.0
13320;3440;app_open;09/02/2026 08:41;
13321;3440;signup_completed;09/02/2026 08:43;
13322;3440;onboarding_completed;09/02/2026 08:45;
13323;3441;app_open;08/03/2026 14:40;
13324;3441;signup_completed;08/03/2026 14:41;
13325;3441;onboarding_completed;08/03/2026 14:43;
13326;3441;lesson_start;08/03/2026 14:44;101.0
13327;3441;quiz_completed;08/03/2026 14:50;101.0
13328;3441;streak_extended;09/03/2026 12:50;102.0
13329;3441;streak_extended;11/03/2026 13:50;104.0
13330;3441;streak_extended;13/03/2026 16:50;106.0
13331;3441;streak_extended;22/03/2026 12:50;115.0
13332;3442;app_open;18/02/2026 18:57;
13333;3442;signup_completed;18/02/2026 18:58;
13334;3443;app_open;28/03/2026 21:46;
13335;3443;signup_completed;28/03/2026 21:48;
13336;3443;onboarding_completed;28/03/2026 21:50;
13337;3443;lesson_start;28/03/2026 21:50;101.0
13338;3443;quiz_completed;28/03/2026 21:57;101.0
13339;3443;streak_extended;29/03/2026 21:57;102.0
13340;3443;streak_extended;30/03/2026 20:57;103.0
13341;3444;app_open;28/03/2026 04:43;
13342;3444;signup_completed;28/03/2026 04:45;
13343;3444;onboarding_completed;28/03/2026 04:47;
13344;3444;lesson_start;28/03/2026 04:47;101.0
13345;3444;quiz_completed;28/03/2026 04:55;101.0
13346;3444;streak_extended;29/03/2026 03:55;102.0
13347;3444;streak_extended;30/03/2026 05:55;103.0
13348;3444;streak_extended;31/03/2026 04:55;104.0
13349;3444;streak_extended;02/04/2026 03:55;106.0
13350;3444;streak_extended;04/04/2026 03:55;108.0
13351;3444;streak_extended;27/04/2026 03:55;131.0
13352;3445;app_open;10/03/2026 07:24;
13353;3445;signup_completed;10/03/2026 07:25;
13354;3446;app_open;16/03/2026 17:51;
13355;3446;signup_completed;16/03/2026 17:53;
13356;3446;onboarding_completed;16/03/2026 17:55;
13357;3447;app_open;31/01/2026 04:37;
13358;3447;signup_completed;31/01/2026 04:38;
13359;3447;onboarding_completed;31/01/2026 04:40;
13360;3447;lesson_start;31/01/2026 04:41;101.0
13361;3447;quiz_completed;31/01/2026 04:45;101.0
13362;3447;streak_extended;01/02/2026 03:45;102.0
13363;3447;streak_extended;02/02/2026 02:45;103.0
13364;3447;streak_extended;05/02/2026 04:45;106.0
13365;3447;streak_extended;02/03/2026 06:45;131.0
13366;3448;app_open;09/03/2026 00:29;
13367;3449;app_open;12/01/2026 09:35;
13368;3449;signup_completed;12/01/2026 09:37;
13369;3449;onboarding_completed;12/01/2026 09:39;
13370;3449;lesson_start;12/01/2026 09:41;101.0
13371;3450;app_open;04/03/2026 00:18;
13372;3450;signup_completed;04/03/2026 00:19;
13373;3450;onboarding_completed;04/03/2026 00:20;
13374;3450;lesson_start;04/03/2026 00:22;101.0
13375;3450;quiz_completed;04/03/2026 00:28;101.0
13376;3450;streak_extended;05/03/2026 23:28;103.0
13377;3450;streak_extended;02/04/2026 22:28;131.0
13378;3451;app_open;30/03/2026 22:44;
13379;3451;signup_completed;30/03/2026 22:45;
13380;3452;app_open;29/01/2026 15:29;
13381;3452;signup_completed;29/01/2026 15:30;
13382;3452;onboarding_completed;29/01/2026 15:32;
13383;3453;app_open;05/02/2026 16:26;
13384;3453;signup_completed;05/02/2026 16:26;
13385;3453;onboarding_completed;05/02/2026 16:31;
13386;3453;lesson_start;05/02/2026 16:32;101.0
13387;3453;quiz_completed;05/02/2026 16:38;101.0
13388;3453;streak_extended;06/02/2026 14:38;102.0
13389;3453;streak_extended;12/02/2026 18:38;108.0
13390;3454;app_open;01/03/2026 16:10;
13391;3454;signup_completed;01/03/2026 16:11;
13392;3454;onboarding_completed;01/03/2026 16:16;
13393;3454;lesson_start;01/03/2026 16:17;101.0
13394;3454;quiz_completed;01/03/2026 16:21;101.0
13395;3455;app_open;22/01/2026 10:36;
13396;3455;signup_completed;22/01/2026 10:37;
13397;3455;onboarding_completed;22/01/2026 10:42;
13398;3455;lesson_start;22/01/2026 10:42;101.0
13399;3455;quiz_completed;22/01/2026 10:46;101.0
13400;3455;streak_extended;23/01/2026 12:46;102.0
13401;3456;app_open;22/01/2026 06:36;
13402;3456;signup_completed;22/01/2026 06:37;
13403;3456;onboarding_completed;22/01/2026 06:41;
13404;3457;app_open;13/01/2026 23:14;
13405;3457;signup_completed;13/01/2026 23:15;
13406;3457;onboarding_completed;13/01/2026 23:20;
13407;3457;lesson_start;13/01/2026 23:20;101.0
13408;3457;quiz_completed;13/01/2026 23:25;101.0
13409;3457;streak_extended;15/01/2026 21:25;103.0
13410;3458;app_open;16/02/2026 10:14;
13411;3458;signup_completed;16/02/2026 10:15;
13412;3458;onboarding_completed;16/02/2026 10:17;
13413;3458;lesson_start;16/02/2026 10:19;101.0
13414;3459;app_open;15/01/2026 20:56;
13415;3459;signup_completed;15/01/2026 20:57;
13416;3459;onboarding_completed;15/01/2026 20:59;
13417;3459;lesson_start;15/01/2026 21:00;101.0
13418;3459;quiz_completed;15/01/2026 21:07;101.0
13419;3459;streak_extended;16/01/2026 23:07;102.0
13420;3459;streak_extended;18/01/2026 21:07;104.0
13421;3459;streak_extended;29/01/2026 21:07;115.0
13422;3460;app_open;14/02/2026 04:10;
13423;3460;signup_completed;14/02/2026 04:11;
13424;3460;onboarding_completed;14/02/2026 04:14;
13425;3461;app_open;14/03/2026 14:20;
13426;3461;signup_completed;14/03/2026 14:21;
13427;3461;onboarding_completed;14/03/2026 14:23;
13428;3461;lesson_start;14/03/2026 14:23;101.0
13429;3461;quiz_completed;14/03/2026 14:27;101.0
13430;3461;streak_extended;16/03/2026 12:27;103.0
13431;3461;streak_extended;21/03/2026 14:27;108.0
13432;3462;app_open;28/02/2026 19:28;
13433;3462;signup_completed;28/02/2026 19:29;
13434;3462;onboarding_completed;28/02/2026 19:30;
13435;3462;lesson_start;28/02/2026 19:31;101.0
13436;3463;app_open;06/02/2026 06:36;
13437;3463;signup_completed;06/02/2026 06:37;
13438;3464;app_open;10/02/2026 08:59;
13439;3464;signup_completed;10/02/2026 09:00;
13440;3464;onboarding_completed;10/02/2026 09:05;
13441;3464;lesson_start;10/02/2026 09:06;101.0
13442;3464;quiz_completed;10/02/2026 09:14;101.0
13443;3464;streak_extended;11/02/2026 09:14;102.0
13444;3464;streak_extended;12/02/2026 09:14;103.0
13445;3464;streak_extended;15/02/2026 10:14;106.0
13446;3465;app_open;10/03/2026 03:38;
13447;3465;signup_completed;10/03/2026 03:39;
13448;3465;onboarding_completed;10/03/2026 03:43;
13449;3466;app_open;23/02/2026 07:48;
13450;3466;signup_completed;23/02/2026 07:49;
13451;3467;app_open;30/03/2026 14:58;
13452;3467;signup_completed;30/03/2026 14:59;
13453;3468;app_open;15/02/2026 17:06;
13454;3468;signup_completed;15/02/2026 17:07;
13455;3468;onboarding_completed;15/02/2026 17:08;
13456;3468;lesson_start;15/02/2026 17:10;101.0
13457;3469;app_open;15/03/2026 12:45;
13458;3469;signup_completed;15/03/2026 12:46;
13459;3470;app_open;22/02/2026 04:30;
13460;3470;signup_completed;22/02/2026 04:31;
13461;3470;onboarding_completed;22/02/2026 04:36;
13462;3471;app_open;19/03/2026 20:47;
13463;3471;signup_completed;19/03/2026 20:48;
13464;3472;app_open;06/03/2026 11:27;
13465;3472;signup_completed;06/03/2026 11:27;
13466;3472;onboarding_completed;06/03/2026 11:30;
13467;3473;app_open;22/03/2026 03:47;
13468;3473;signup_completed;22/03/2026 03:48;
13469;3474;app_open;22/01/2026 04:56;
13470;3474;signup_completed;22/01/2026 04:57;
13471;3474;onboarding_completed;22/01/2026 05:00;
13472;3475;app_open;15/03/2026 23:15;
13473;3475;signup_completed;15/03/2026 23:16;
13474;3475;onboarding_completed;15/03/2026 23:19;
13475;3476;app_open;25/01/2026 00:38;
13476;3476;signup_completed;25/01/2026 00:39;
13477;3477;app_open;08/03/2026 01:18;
13478;3477;signup_completed;08/03/2026 01:19;
13479;3477;onboarding_completed;08/03/2026 01:22;
13480;3477;lesson_start;08/03/2026 01:23;101.0
13481;3477;quiz_completed;08/03/2026 01:27;101.0
13482;3477;streak_extended;08/03/2026 23:27;102.0
13483;3477;streak_extended;10/03/2026 01:27;103.0
13484;3478;app_open;15/03/2026 06:40;
13485;3478;signup_completed;15/03/2026 06:40;
13486;3478;onboarding_completed;15/03/2026 06:44;
13487;3479;app_open;27/02/2026 20:20;
13488;3479;signup_completed;27/02/2026 20:22;
13489;3480;app_open;26/03/2026 18:33;
13490;3480;signup_completed;26/03/2026 18:34;
13491;3481;app_open;18/03/2026 10:42;
13492;3481;signup_completed;18/03/2026 10:43;
13493;3481;onboarding_completed;18/03/2026 10:47;
13494;3481;lesson_start;18/03/2026 10:47;101.0
13495;3481;quiz_completed;18/03/2026 10:54;101.0
13496;3481;streak_extended;19/03/2026 09:54;102.0
13497;3481;streak_extended;23/03/2026 09:54;106.0
13498;3481;streak_extended;01/04/2026 08:54;115.0
13499;3482;app_open;08/01/2026 22:46;
13500;3482;signup_completed;08/01/2026 22:47;
13501;3482;onboarding_completed;08/01/2026 22:49;
13502;3483;app_open;21/02/2026 00:31;
13503;3483;signup_completed;21/02/2026 00:31;
13504;3483;onboarding_completed;21/02/2026 00:35;
13505;3483;lesson_start;21/02/2026 00:36;101.0
13506;3484;app_open;13/02/2026 08:59;
13507;3484;signup_completed;13/02/2026 09:01;
13508;3484;onboarding_completed;13/02/2026 09:03;
13509;3484;lesson_start;13/02/2026 09:04;101.0
13510;3484;quiz_completed;13/02/2026 09:12;101.0
13511;3484;streak_extended;15/02/2026 11:12;103.0
13512;3484;streak_extended;20/02/2026 08:12;108.0
13513;3485;app_open;21/02/2026 06:43;
13514;3485;signup_completed;21/02/2026 06:44;
13515;3485;onboarding_completed;21/02/2026 06:46;
13516;3485;lesson_start;21/02/2026 06:47;101.0
13517;3486;app_open;10/03/2026 07:53;
13518;3486;signup_completed;10/03/2026 07:54;
13519;3486;onboarding_completed;10/03/2026 07:57;
13520;3486;lesson_start;10/03/2026 07:59;101.0
13521;3487;app_open;05/02/2026 03:01;
13522;3487;signup_completed;05/02/2026 03:02;
13523;3487;onboarding_completed;05/02/2026 03:05;
13524;3487;lesson_start;05/02/2026 03:06;101.0
13525;3487;quiz_completed;05/02/2026 03:11;101.0
13526;3487;streak_extended;06/02/2026 05:11;102.0
13527;3487;streak_extended;08/02/2026 05:11;104.0
13528;3487;streak_extended;12/02/2026 01:11;108.0
13529;3488;app_open;08/01/2026 13:59;
13530;3488;signup_completed;08/01/2026 14:00;
13531;3489;app_open;24/02/2026 18:36;
13532;3489;signup_completed;24/02/2026 18:37;
13533;3489;onboarding_completed;24/02/2026 18:40;
13534;3489;lesson_start;24/02/2026 18:41;101.0
13535;3489;quiz_completed;24/02/2026 18:44;101.0
13536;3489;streak_extended;25/02/2026 19:44;102.0
13537;3490;app_open;11/01/2026 21:27;
13538;3490;signup_completed;11/01/2026 21:29;
13539;3490;onboarding_completed;11/01/2026 21:30;
13540;3490;lesson_start;11/01/2026 21:31;101.0
13541;3491;app_open;06/01/2026 23:54;
13542;3491;signup_completed;06/01/2026 23:56;
13543;3491;onboarding_completed;06/01/2026 23:59;
13544;3491;lesson_start;07/01/2026 00:00;101.0
13545;3491;quiz_completed;07/01/2026 00:03;101.0
13546;3491;streak_extended;08/01/2026 01:03;102.0
13547;3491;streak_extended;08/01/2026 22:03;103.0
13548;3491;streak_extended;09/01/2026 22:03;104.0
13549;3491;streak_extended;11/01/2026 22:03;106.0
13550;3492;app_open;22/03/2026 11:11;
13551;3492;signup_completed;22/03/2026 11:11;
13552;3492;onboarding_completed;22/03/2026 11:14;
13553;3493;app_open;23/02/2026 04:06;
13554;3493;signup_completed;23/02/2026 04:07;
13555;3494;app_open;29/03/2026 15:52;
13556;3494;signup_completed;29/03/2026 15:53;
13557;3494;onboarding_completed;29/03/2026 15:56;
13558;3494;lesson_start;29/03/2026 15:56;101.0
13559;3494;quiz_completed;29/03/2026 16:03;101.0
13560;3495;app_open;19/02/2026 01:52;
13561;3495;signup_completed;19/02/2026 01:54;
13562;3495;onboarding_completed;19/02/2026 01:56;
13563;3496;app_open;20/01/2026 15:03;
13564;3496;signup_completed;20/01/2026 15:05;
13565;3496;onboarding_completed;20/01/2026 15:07;
13566;3497;app_open;25/02/2026 14:29;
13567;3497;signup_completed;25/02/2026 14:30;
13568;3497;onboarding_completed;25/02/2026 14:34;
13569;3498;app_open;22/02/2026 02:30;
13570;3498;signup_completed;22/02/2026 02:31;
13571;3498;onboarding_completed;22/02/2026 02:32;
13572;3498;lesson_start;22/02/2026 02:33;101.0
13573;3499;app_open;15/01/2026 13:10;
13574;3499;signup_completed;15/01/2026 13:11;
13575;3500;app_open;16/01/2026 23:23;
13576;3501;app_open;01/02/2026 20:34;
13577;3501;signup_completed;01/02/2026 20:34;
13578;3501;onboarding_completed;01/02/2026 20:37;
13579;3502;app_open;24/03/2026 23:05;
13580;3502;signup_completed;24/03/2026 23:06;
13581;3502;onboarding_completed;24/03/2026 23:10;
13582;3502;lesson_start;24/03/2026 23:11;101.0
13583;3502;quiz_completed;24/03/2026 23:17;101.0
13584;3502;streak_extended;25/03/2026 21:17;102.0
13585;3502;streak_extended;08/04/2026 00:17;115.0
13586;3503;app_open;20/02/2026 12:29;
13587;3503;signup_completed;20/02/2026 12:30;
13588;3503;onboarding_completed;20/02/2026 12:32;
13589;3503;lesson_start;20/02/2026 12:33;101.0
13590;3503;quiz_completed;20/02/2026 12:39;101.0
13591;3503;streak_extended;22/02/2026 12:39;103.0
13592;3503;streak_extended;27/02/2026 12:39;108.0
13593;3504;app_open;12/02/2026 21:33;
13594;3504;signup_completed;12/02/2026 21:34;
13595;3504;onboarding_completed;12/02/2026 21:36;
13596;3504;lesson_start;12/02/2026 21:37;101.0
13597;3505;app_open;12/01/2026 06:51;
13598;3506;app_open;08/03/2026 01:12;
13599;3506;signup_completed;08/03/2026 01:13;
13600;3506;onboarding_completed;08/03/2026 01:17;
13601;3507;app_open;20/01/2026 22:37;
13602;3507;signup_completed;20/01/2026 22:37;
13603;3507;onboarding_completed;20/01/2026 22:39;
13604;3507;lesson_start;20/01/2026 22:40;101.0
13605;3508;app_open;11/03/2026 14:32;
13606;3508;signup_completed;11/03/2026 14:34;
13607;3508;onboarding_completed;11/03/2026 14:35;
13608;3509;app_open;26/02/2026 14:49;
13609;3509;signup_completed;26/02/2026 14:51;
13610;3509;onboarding_completed;26/02/2026 14:55;
13611;3509;lesson_start;26/02/2026 14:56;101.0
13612;3509;quiz_completed;26/02/2026 15:03;101.0
13613;3509;streak_extended;27/02/2026 13:03;102.0
13614;3509;streak_extended;28/03/2026 13:03;131.0
13615;3510;app_open;17/02/2026 11:03;
13616;3510;signup_completed;17/02/2026 11:04;
13617;3510;onboarding_completed;17/02/2026 11:08;
13618;3510;lesson_start;17/02/2026 11:09;101.0
13619;3511;app_open;09/01/2026 19:54;
13620;3511;signup_completed;09/01/2026 19:55;
13621;3511;onboarding_completed;09/01/2026 19:58;
13622;3512;app_open;29/03/2026 06:33;
13623;3512;signup_completed;29/03/2026 06:34;
13624;3512;onboarding_completed;29/03/2026 06:38;
13625;3512;lesson_start;29/03/2026 06:39;101.0
13626;3512;quiz_completed;29/03/2026 06:47;101.0
13627;3512;streak_extended;30/03/2026 08:47;102.0
13628;3513;app_open;19/02/2026 13:15;
13629;3513;signup_completed;19/02/2026 13:16;
13630;3513;onboarding_completed;19/02/2026 13:17;
13631;3514;app_open;13/02/2026 06:02;
13632;3514;signup_completed;13/02/2026 06:04;
13633;3514;onboarding_completed;13/02/2026 06:05;
13634;3514;lesson_start;13/02/2026 06:07;101.0
13635;3515;app_open;20/03/2026 12:23;
13636;3515;signup_completed;20/03/2026 12:24;
13637;3515;onboarding_completed;20/03/2026 12:26;
13638;3515;lesson_start;20/03/2026 12:28;101.0
13639;3515;quiz_completed;20/03/2026 12:32;101.0
13640;3515;streak_extended;21/03/2026 10:32;102.0
13641;3515;streak_extended;22/03/2026 10:32;103.0
13642;3516;app_open;06/01/2026 09:38;
13643;3516;signup_completed;06/01/2026 09:38;
13644;3516;onboarding_completed;06/01/2026 09:40;
13645;3516;lesson_start;06/01/2026 09:41;101.0
13646;3516;quiz_completed;06/01/2026 09:47;101.0
13647;3516;streak_extended;07/01/2026 11:47;102.0
13648;3516;streak_extended;08/01/2026 09:47;103.0
13649;3516;streak_extended;09/01/2026 08:47;104.0
13650;3517;app_open;14/02/2026 00:34;
13651;3518;app_open;13/01/2026 19:27;
13652;3519;app_open;19/02/2026 19:57;
13653;3519;signup_completed;19/02/2026 19:58;
13654;3519;onboarding_completed;19/02/2026 19:59;
13655;3519;lesson_start;19/02/2026 20:01;101.0
13656;3519;quiz_completed;19/02/2026 20:05;101.0
13657;3519;streak_extended;21/02/2026 18:05;103.0
13658;3520;app_open;10/02/2026 08:00;
13659;3520;signup_completed;10/02/2026 08:02;
13660;3520;onboarding_completed;10/02/2026 08:04;
13661;3520;lesson_start;10/02/2026 08:05;101.0
13662;3521;app_open;14/02/2026 08:25;
13663;3522;app_open;24/02/2026 18:00;
13664;3522;signup_completed;24/02/2026 18:02;
13665;3523;app_open;06/01/2026 14:32;
13666;3523;signup_completed;06/01/2026 14:33;
13667;3523;onboarding_completed;06/01/2026 14:37;
13668;3524;app_open;24/02/2026 06:05;
13669;3524;signup_completed;24/02/2026 06:07;
13670;3525;app_open;14/02/2026 21:25;
13671;3525;signup_completed;14/02/2026 21:26;
13672;3525;onboarding_completed;14/02/2026 21:28;
13673;3526;app_open;07/03/2026 07:39;
13674;3526;signup_completed;07/03/2026 07:41;
13675;3527;app_open;20/03/2026 08:14;
13676;3527;signup_completed;20/03/2026 08:16;
13677;3528;app_open;30/01/2026 22:05;
13678;3529;app_open;12/03/2026 05:21;
13679;3529;signup_completed;12/03/2026 05:23;
13680;3529;onboarding_completed;12/03/2026 05:26;
13681;3530;app_open;03/01/2026 02:43;
13682;3530;signup_completed;03/01/2026 02:45;
13683;3530;onboarding_completed;03/01/2026 02:47;
13684;3531;app_open;08/02/2026 10:37;
13685;3532;app_open;25/01/2026 16:55;
13686;3533;app_open;21/03/2026 06:28;
13687;3533;signup_completed;21/03/2026 06:29;
13688;3534;app_open;01/01/2026 07:01;
13689;3534;signup_completed;01/01/2026 07:03;
13690;3535;app_open;14/03/2026 09:51;
13691;3535;signup_completed;14/03/2026 09:51;
13692;3535;onboarding_completed;14/03/2026 09:54;
13693;3535;lesson_start;14/03/2026 09:55;101.0
13694;3535;quiz_completed;14/03/2026 10:00;101.0
13695;3535;streak_extended;17/03/2026 08:00;104.0
13696;3536;app_open;22/01/2026 03:44;
13697;3536;signup_completed;22/01/2026 03:45;
13698;3537;app_open;26/02/2026 03:33;
13699;3537;signup_completed;26/02/2026 03:34;
13700;3537;onboarding_completed;26/02/2026 03:37;
13701;3537;lesson_start;26/02/2026 03:38;101.0
13702;3537;quiz_completed;26/02/2026 03:45;101.0
13703;3537;streak_extended;27/02/2026 03:45;102.0
13704;3538;app_open;08/01/2026 02:10;
13705;3538;signup_completed;08/01/2026 02:11;
13706;3538;onboarding_completed;08/01/2026 02:14;
13707;3539;app_open;05/01/2026 09:31;
13708;3540;app_open;11/02/2026 03:17;
13709;3540;signup_completed;11/02/2026 03:18;
13710;3540;onboarding_completed;11/02/2026 03:22;
13711;3540;lesson_start;11/02/2026 03:23;101.0
13712;3540;quiz_completed;11/02/2026 03:27;101.0
13713;3540;streak_extended;14/02/2026 01:27;104.0
13714;3540;streak_extended;18/02/2026 01:27;108.0
13715;3540;streak_extended;25/02/2026 01:27;115.0
13716;3541;app_open;03/02/2026 10:48;
13717;3541;signup_completed;03/02/2026 10:49;
13718;3541;onboarding_completed;03/02/2026 10:53;
13719;3541;lesson_start;03/02/2026 10:55;101.0
13720;3541;quiz_completed;03/02/2026 10:59;101.0
13721;3541;streak_extended;04/02/2026 12:59;102.0
13722;3542;app_open;10/03/2026 00:00;
13723;3542;signup_completed;10/03/2026 00:01;
13724;3543;app_open;07/01/2026 04:34;
13725;3543;signup_completed;07/01/2026 04:36;
13726;3543;onboarding_completed;07/01/2026 04:39;
13727;3543;lesson_start;07/01/2026 04:41;101.0
13728;3543;quiz_completed;07/01/2026 04:46;101.0
13729;3543;streak_extended;09/01/2026 06:46;103.0
13730;3544;app_open;22/02/2026 13:00;
13731;3544;signup_completed;22/02/2026 13:01;
13732;3544;onboarding_completed;22/02/2026 13:03;
13733;3545;app_open;06/01/2026 20:24;
13734;3545;signup_completed;06/01/2026 20:24;
13735;3545;onboarding_completed;06/01/2026 20:27;
13736;3545;lesson_start;06/01/2026 20:28;101.0
13737;3545;quiz_completed;06/01/2026 20:35;101.0
13738;3545;streak_extended;08/01/2026 21:35;103.0
13739;3545;streak_extended;05/02/2026 19:35;131.0
13740;3546;app_open;28/03/2026 19:40;
13741;3546;signup_completed;28/03/2026 19:41;
13742;3547;app_open;07/01/2026 16:49;
13743;3547;signup_completed;07/01/2026 16:50;
13744;3548;app_open;15/02/2026 20:00;
13745;3548;signup_completed;15/02/2026 20:01;
13746;3549;app_open;04/01/2026 01:56;
13747;3549;signup_completed;04/01/2026 01:58;
13748;3550;app_open;28/01/2026 20:58;
13749;3550;signup_completed;28/01/2026 20:59;
13750;3550;onboarding_completed;28/01/2026 21:03;
13751;3551;app_open;09/02/2026 16:43;
13752;3551;signup_completed;09/02/2026 16:44;
13753;3551;onboarding_completed;09/02/2026 16:47;
13754;3551;lesson_start;09/02/2026 16:47;101.0
13755;3551;quiz_completed;09/02/2026 16:54;101.0
13756;3551;streak_extended;11/02/2026 15:54;103.0
13757;3551;streak_extended;12/02/2026 18:54;104.0
13758;3552;app_open;18/01/2026 11:23;
13759;3552;signup_completed;18/01/2026 11:24;
13760;3552;onboarding_completed;18/01/2026 11:27;
13761;3553;app_open;16/03/2026 15:50;
13762;3553;signup_completed;16/03/2026 15:51;
13763;3553;onboarding_completed;16/03/2026 15:53;
13764;3553;lesson_start;16/03/2026 15:54;101.0
13765;3553;quiz_completed;16/03/2026 16:01;101.0
13766;3553;streak_extended;19/03/2026 18:01;104.0
13767;3553;streak_extended;21/03/2026 18:01;106.0
13768;3554;app_open;14/01/2026 03:34;
13769;3554;signup_completed;14/01/2026 03:35;
13770;3555;app_open;16/03/2026 08:30;
13771;3555;signup_completed;16/03/2026 08:32;
13772;3555;onboarding_completed;16/03/2026 08:34;
13773;3555;lesson_start;16/03/2026 08:35;101.0
13774;3555;quiz_completed;16/03/2026 08:41;101.0
13775;3556;app_open;04/03/2026 06:51;
13776;3556;signup_completed;04/03/2026 06:52;
13777;3556;onboarding_completed;04/03/2026 06:54;
13778;3556;lesson_start;04/03/2026 06:55;101.0
13779;3556;quiz_completed;04/03/2026 07:02;101.0
13780;3556;streak_extended;05/03/2026 09:02;102.0
13781;3556;streak_extended;07/03/2026 07:02;104.0
13782;3557;app_open;12/03/2026 19:22;
13783;3557;signup_completed;12/03/2026 19:23;
13784;3558;app_open;04/03/2026 17:00;
13785;3558;signup_completed;04/03/2026 17:01;
13786;3559;app_open;10/02/2026 19:30;
13787;3559;signup_completed;10/02/2026 19:32;
13788;3559;onboarding_completed;10/02/2026 19:37;
13789;3559;lesson_start;10/02/2026 19:37;101.0
13790;3559;quiz_completed;10/02/2026 19:41;101.0
13791;3559;streak_extended;12/02/2026 20:41;103.0
13792;3559;streak_extended;17/02/2026 18:41;108.0
13793;3560;app_open;06/02/2026 08:33;
13794;3560;signup_completed;06/02/2026 08:33;
13795;3560;onboarding_completed;06/02/2026 08:35;
13796;3560;lesson_start;06/02/2026 08:36;101.0
13797;3560;quiz_completed;06/02/2026 08:39;101.0
13798;3560;streak_extended;07/02/2026 08:39;102.0
13799;3560;streak_extended;08/02/2026 10:39;103.0
13800;3561;app_open;28/03/2026 12:57;
13801;3562;app_open;07/02/2026 03:14;
13802;3562;signup_completed;07/02/2026 03:16;
13803;3563;app_open;13/02/2026 13:10;
13804;3564;app_open;26/03/2026 10:21;
13805;3564;signup_completed;26/03/2026 10:22;
13806;3565;app_open;30/03/2026 00:55;
13807;3565;signup_completed;30/03/2026 00:57;
13808;3566;app_open;06/02/2026 15:37;
13809;3566;signup_completed;06/02/2026 15:39;
13810;3566;onboarding_completed;06/02/2026 15:40;
13811;3566;lesson_start;06/02/2026 15:41;101.0
13812;3566;quiz_completed;06/02/2026 15:48;101.0
13813;3566;streak_extended;09/02/2026 17:48;104.0
13814;3567;app_open;06/02/2026 11:19;
13815;3567;signup_completed;06/02/2026 11:19;
13816;3567;onboarding_completed;06/02/2026 11:22;
13817;3568;app_open;08/01/2026 18:59;
13818;3568;signup_completed;08/01/2026 19:00;
13819;3568;onboarding_completed;08/01/2026 19:01;
13820;3569;app_open;08/03/2026 06:52;
13821;3569;signup_completed;08/03/2026 06:53;
13822;3569;onboarding_completed;08/03/2026 06:55;
13823;3569;lesson_start;08/03/2026 06:57;101.0
13824;3569;quiz_completed;08/03/2026 07:05;101.0
13825;3570;app_open;06/03/2026 06:05;
13826;3570;signup_completed;06/03/2026 06:06;
13827;3570;onboarding_completed;06/03/2026 06:09;
13828;3571;app_open;26/03/2026 21:51;
13829;3571;signup_completed;26/03/2026 21:52;
13830;3571;onboarding_completed;26/03/2026 21:56;
13831;3571;lesson_start;26/03/2026 21:57;101.0
13832;3571;quiz_completed;26/03/2026 22:03;101.0
13833;3571;streak_extended;28/03/2026 22:03;103.0
13834;3571;streak_extended;29/03/2026 20:03;104.0
13835;3571;streak_extended;03/04/2026 00:03;108.0
13836;3571;streak_extended;25/04/2026 22:03;131.0
13837;3572;app_open;22/02/2026 08:39;
13838;3572;signup_completed;22/02/2026 08:41;
13839;3572;onboarding_completed;22/02/2026 08:45;
13840;3572;lesson_start;22/02/2026 08:46;101.0
13841;3573;app_open;13/01/2026 21:53;
13842;3573;signup_completed;13/01/2026 21:55;
13843;3573;onboarding_completed;13/01/2026 22:00;
13844;3573;lesson_start;13/01/2026 22:01;101.0
13845;3573;quiz_completed;13/01/2026 22:05;101.0
13846;3573;streak_extended;18/01/2026 20:05;106.0
13847;3573;streak_extended;20/01/2026 22:05;108.0
13848;3573;streak_extended;12/02/2026 20:05;131.0
13849;3574;app_open;05/03/2026 10:50;
13850;3574;signup_completed;05/03/2026 10:52;
13851;3574;onboarding_completed;05/03/2026 10:54;
13852;3575;app_open;25/03/2026 12:36;
13853;3575;signup_completed;25/03/2026 12:37;
13854;3575;onboarding_completed;25/03/2026 12:38;
13855;3575;lesson_start;25/03/2026 12:39;101.0
13856;3575;quiz_completed;25/03/2026 12:46;101.0
13857;3575;streak_extended;26/03/2026 11:46;102.0
13858;3575;streak_extended;27/03/2026 11:46;103.0
13859;3575;streak_extended;01/04/2026 11:46;108.0
13860;3576;app_open;03/02/2026 18:21;
13861;3576;signup_completed;03/02/2026 18:23;
13862;3576;onboarding_completed;03/02/2026 18:26;
13863;3576;lesson_start;03/02/2026 18:27;101.0
13864;3576;quiz_completed;03/02/2026 18:33;101.0
13865;3576;streak_extended;05/02/2026 20:33;103.0
13866;3576;streak_extended;06/02/2026 20:33;104.0
13867;3576;streak_extended;08/02/2026 19:33;106.0
13868;3577;app_open;12/01/2026 12:26;
13869;3577;signup_completed;12/01/2026 12:27;
13870;3577;onboarding_completed;12/01/2026 12:32;
13871;3577;lesson_start;12/01/2026 12:33;101.0
13872;3577;quiz_completed;12/01/2026 12:36;101.0
13873;3577;streak_extended;13/01/2026 10:36;102.0
13874;3577;streak_extended;14/01/2026 12:36;103.0
13875;3577;streak_extended;17/01/2026 10:36;106.0
13876;3578;app_open;18/01/2026 07:52;
13877;3578;signup_completed;18/01/2026 07:52;
13878;3578;onboarding_completed;18/01/2026 07:55;
13879;3578;lesson_start;18/01/2026 07:56;101.0
13880;3578;quiz_completed;18/01/2026 08:00;101.0
13881;3578;streak_extended;19/01/2026 06:00;102.0
13882;3578;streak_extended;21/01/2026 10:00;104.0
13883;3578;streak_extended;17/02/2026 07:00;131.0
13884;3579;app_open;22/02/2026 03:54;
13885;3579;signup_completed;22/02/2026 03:54;
13886;3579;onboarding_completed;22/02/2026 03:57;
13887;3580;app_open;08/02/2026 03:53;
13888;3580;signup_completed;08/02/2026 03:54;
13889;3580;onboarding_completed;08/02/2026 03:58;
13890;3580;lesson_start;08/02/2026 04:00;101.0
13891;3581;app_open;21/02/2026 08:17;
13892;3581;signup_completed;21/02/2026 08:18;
13893;3582;app_open;13/01/2026 08:44;
13894;3582;signup_completed;13/01/2026 08:45;
13895;3582;onboarding_completed;13/01/2026 08:47;
13896;3583;app_open;12/03/2026 16:01;
13897;3583;signup_completed;12/03/2026 16:03;
13898;3584;app_open;22/01/2026 14:54;
13899;3584;signup_completed;22/01/2026 14:56;
13900;3584;onboarding_completed;22/01/2026 14:58;
13901;3585;app_open;23/03/2026 01:16;
13902;3585;signup_completed;23/03/2026 01:17;
13903;3585;onboarding_completed;23/03/2026 01:19;
13904;3586;app_open;01/01/2026 08:05;
13905;3587;app_open;15/03/2026 10:01;
13906;3587;signup_completed;15/03/2026 10:02;
13907;3587;onboarding_completed;15/03/2026 10:05;
13908;3587;lesson_start;15/03/2026 10:06;101.0
13909;3588;app_open;03/01/2026 04:58;
13910;3588;signup_completed;03/01/2026 05:00;
13911;3588;onboarding_completed;03/01/2026 05:04;
13912;3588;lesson_start;03/01/2026 05:05;101.0
13913;3589;app_open;29/01/2026 23:14;
13914;3589;signup_completed;29/01/2026 23:15;
13915;3589;onboarding_completed;29/01/2026 23:19;
13916;3589;lesson_start;29/01/2026 23:19;101.0
13917;3589;quiz_completed;29/01/2026 23:27;101.0
13918;3589;streak_extended;30/01/2026 22:27;102.0
13919;3589;streak_extended;31/01/2026 22:27;103.0
13920;3589;streak_extended;02/02/2026 00:27;104.0
13921;3589;streak_extended;28/02/2026 23:27;131.0
13922;3590;app_open;14/02/2026 22:52;
13923;3590;signup_completed;14/02/2026 22:54;
13924;3591;app_open;07/03/2026 09:22;
13925;3591;signup_completed;07/03/2026 09:24;
13926;3592;app_open;11/03/2026 19:36;
13927;3592;signup_completed;11/03/2026 19:38;
13928;3592;onboarding_completed;11/03/2026 19:42;
13929;3593;app_open;22/02/2026 20:38;
13930;3593;signup_completed;22/02/2026 20:39;
13931;3593;onboarding_completed;22/02/2026 20:44;
13932;3593;lesson_start;22/02/2026 20:46;101.0
13933;3593;quiz_completed;22/02/2026 20:51;101.0
13934;3593;streak_extended;24/02/2026 19:51;103.0
13935;3593;streak_extended;25/02/2026 20:51;104.0
13936;3594;app_open;11/02/2026 04:17;
13937;3595;app_open;21/02/2026 15:29;
13938;3595;signup_completed;21/02/2026 15:31;
13939;3595;onboarding_completed;21/02/2026 15:34;
13940;3596;app_open;06/02/2026 19:46;
13941;3596;signup_completed;06/02/2026 19:47;
13942;3596;onboarding_completed;06/02/2026 19:49;
13943;3597;app_open;21/03/2026 22:34;
13944;3597;signup_completed;21/03/2026 22:34;
13945;3597;onboarding_completed;21/03/2026 22:36;
13946;3597;lesson_start;21/03/2026 22:38;101.0
13947;3597;quiz_completed;21/03/2026 22:44;101.0
13948;3597;streak_extended;23/03/2026 00:44;102.0
13949;3597;streak_extended;20/04/2026 20:44;131.0
13950;3598;app_open;23/01/2026 07:09;
13951;3598;signup_completed;23/01/2026 07:11;
13952;3599;app_open;25/01/2026 00:44;
13953;3599;signup_completed;25/01/2026 00:45;
13954;3600;app_open;14/02/2026 17:20;
13955;3600;signup_completed;14/02/2026 17:22;
13956;3600;onboarding_completed;14/02/2026 17:26;
13957;3600;lesson_start;14/02/2026 17:26;101.0
13958;3601;app_open;03/02/2026 14:36;
13959;3601;signup_completed;03/02/2026 14:38;
13960;3601;onboarding_completed;03/02/2026 14:42;
13961;3601;lesson_start;03/02/2026 14:43;101.0
13962;3601;quiz_completed;03/02/2026 14:51;101.0
13963;3601;streak_extended;08/02/2026 15:51;106.0
13964;3602;app_open;16/01/2026 01:27;
13965;3602;signup_completed;16/01/2026 01:29;
13966;3602;onboarding_completed;16/01/2026 01:32;
13967;3602;lesson_start;16/01/2026 01:34;101.0
13968;3603;app_open;27/01/2026 18:18;
13969;3603;signup_completed;27/01/2026 18:19;
13970;3603;onboarding_completed;27/01/2026 18:24;
13971;3603;lesson_start;27/01/2026 18:25;101.0
13972;3604;app_open;19/01/2026 07:11;
13973;3605;app_open;26/03/2026 23:22;
13974;3605;signup_completed;26/03/2026 23:23;
13975;3605;onboarding_completed;26/03/2026 23:27;
13976;3605;lesson_start;26/03/2026 23:29;101.0
13977;3606;app_open;12/03/2026 09:25;
13978;3606;signup_completed;12/03/2026 09:26;
13979;3606;onboarding_completed;12/03/2026 09:30;
13980;3607;app_open;16/03/2026 07:43;
13981;3608;app_open;11/01/2026 22:56;
13982;3608;signup_completed;11/01/2026 22:58;
13983;3608;onboarding_completed;11/01/2026 23:02;
13984;3608;lesson_start;11/01/2026 23:03;101.0
13985;3609;app_open;04/01/2026 03:04;
13986;3609;signup_completed;04/01/2026 03:06;
13987;3609;onboarding_completed;04/01/2026 03:09;
13988;3609;lesson_start;04/01/2026 03:11;101.0
13989;3610;app_open;20/03/2026 14:13;
13990;3610;signup_completed;20/03/2026 14:15;
13991;3610;onboarding_completed;20/03/2026 14:17;
13992;3610;lesson_start;20/03/2026 14:17;101.0
13993;3610;quiz_completed;20/03/2026 14:23;101.0
13994;3610;streak_extended;22/03/2026 14:23;103.0
13995;3610;streak_extended;27/03/2026 12:23;108.0
13996;3611;app_open;06/03/2026 02:22;
13997;3611;signup_completed;06/03/2026 02:23;
13998;3611;onboarding_completed;06/03/2026 02:27;
13999;3612;app_open;10/02/2026 16:54;
14000;3612;signup_completed;10/02/2026 16:55;
14001;3612;onboarding_completed;10/02/2026 17:00;
14002;3612;lesson_start;10/02/2026 17:01;101.0
14003;3613;app_open;01/03/2026 16:52;
14004;3613;signup_completed;01/03/2026 16:53;
14005;3613;onboarding_completed;01/03/2026 16:58;
14006;3614;app_open;16/03/2026 09:02;
14007;3614;signup_completed;16/03/2026 09:03;
14008;3614;onboarding_completed;16/03/2026 09:06;
14009;3614;lesson_start;16/03/2026 09:08;101.0
14010;3614;quiz_completed;16/03/2026 09:16;101.0
14011;3615;app_open;27/03/2026 19:18;
14012;3615;signup_completed;27/03/2026 19:19;
14013;3616;app_open;28/03/2026 07:36;
14014;3616;signup_completed;28/03/2026 07:38;
14015;3616;onboarding_completed;28/03/2026 07:42;
14016;3616;lesson_start;28/03/2026 07:43;101.0
14017;3616;quiz_completed;28/03/2026 07:49;101.0
14018;3616;streak_extended;30/03/2026 07:49;103.0
14019;3617;app_open;02/01/2026 12:27;
14020;3617;signup_completed;02/01/2026 12:28;
14021;3618;app_open;24/01/2026 08:47;
14022;3618;signup_completed;24/01/2026 08:49;
14023;3619;app_open;21/01/2026 00:12;
14024;3619;signup_completed;21/01/2026 00:14;
14025;3619;onboarding_completed;21/01/2026 00:16;
14026;3619;lesson_start;21/01/2026 00:16;101.0
14027;3619;quiz_completed;21/01/2026 00:19;101.0
14028;3619;streak_extended;22/01/2026 02:19;102.0
14029;3619;streak_extended;23/01/2026 02:19;103.0
14030;3619;streak_extended;23/01/2026 23:19;104.0
14031;3619;streak_extended;26/01/2026 02:19;106.0
14032;3619;streak_extended;03/02/2026 23:19;115.0
14033;3620;app_open;07/01/2026 12:47;
14034;3620;signup_completed;07/01/2026 12:49;
14035;3620;onboarding_completed;07/01/2026 12:52;
14036;3620;lesson_start;07/01/2026 12:54;101.0
14037;3620;quiz_completed;07/01/2026 12:58;101.0
14038;3620;streak_extended;08/01/2026 11:58;102.0
14039;3620;streak_extended;14/01/2026 13:58;108.0
14040;3621;app_open;10/01/2026 19:06;
14041;3621;signup_completed;10/01/2026 19:07;
14042;3621;onboarding_completed;10/01/2026 19:10;
14043;3621;lesson_start;10/01/2026 19:11;101.0
14044;3621;quiz_completed;10/01/2026 19:16;101.0
14045;3621;streak_extended;11/01/2026 18:16;102.0
14046;3621;streak_extended;12/01/2026 20:16;103.0
14047;3621;streak_extended;09/02/2026 18:16;131.0
14048;3622;app_open;27/02/2026 15:59;
14049;3622;signup_completed;27/02/2026 16:00;
14050;3622;onboarding_completed;27/02/2026 16:04;
14051;3622;lesson_start;27/02/2026 16:04;101.0
14052;3623;app_open;04/01/2026 06:14;
14053;3623;signup_completed;04/01/2026 06:14;
14054;3623;onboarding_completed;04/01/2026 06:17;
14055;3623;lesson_start;04/01/2026 06:18;101.0
14056;3623;quiz_completed;04/01/2026 06:24;101.0
14057;3623;streak_extended;05/01/2026 06:24;102.0
14058;3623;streak_extended;11/01/2026 05:24;108.0
14059;3623;streak_extended;18/01/2026 08:24;115.0
14060;3624;app_open;13/02/2026 08:16;
14061;3624;signup_completed;13/02/2026 08:17;
14062;3625;app_open;28/02/2026 00:56;
14063;3625;signup_completed;28/02/2026 00:58;
14064;3625;onboarding_completed;28/02/2026 01:02;
14065;3625;lesson_start;28/02/2026 01:03;101.0
14066;3625;quiz_completed;28/02/2026 01:10;101.0
14067;3625;streak_extended;02/03/2026 00:10;103.0
14068;3625;streak_extended;03/03/2026 00:10;104.0
14069;3626;app_open;07/03/2026 05:55;
14070;3626;signup_completed;07/03/2026 05:57;
14071;3626;onboarding_completed;07/03/2026 05:59;
14072;3626;lesson_start;07/03/2026 06:00;101.0
14073;3626;quiz_completed;07/03/2026 06:03;101.0
14074;3626;streak_extended;09/03/2026 06:03;103.0
14075;3626;streak_extended;21/03/2026 07:03;115.0
14076;3627;app_open;10/03/2026 06:46;
14077;3627;signup_completed;10/03/2026 06:47;
14078;3627;onboarding_completed;10/03/2026 06:50;
14079;3628;app_open;26/03/2026 16:24;
14080;3628;signup_completed;26/03/2026 16:26;
14081;3628;onboarding_completed;26/03/2026 16:30;
14082;3628;lesson_start;26/03/2026 16:31;101.0
14083;3628;quiz_completed;26/03/2026 16:38;101.0
14084;3628;streak_extended;28/03/2026 18:38;103.0
14085;3628;streak_extended;29/03/2026 17:38;104.0
14086;3628;streak_extended;31/03/2026 18:38;106.0
14087;3628;streak_extended;02/04/2026 15:38;108.0
14088;3629;app_open;05/01/2026 17:25;
14089;3629;signup_completed;05/01/2026 17:26;
14090;3630;app_open;24/01/2026 18:16;
14091;3630;signup_completed;24/01/2026 18:18;
14092;3630;onboarding_completed;24/01/2026 18:21;
14093;3630;lesson_start;24/01/2026 18:22;101.0
14094;3630;quiz_completed;24/01/2026 18:28;101.0
14095;3631;app_open;13/03/2026 21:35;
14096;3631;signup_completed;13/03/2026 21:35;
14097;3632;app_open;05/01/2026 07:04;
14098;3632;signup_completed;05/01/2026 07:05;
14099;3632;onboarding_completed;05/01/2026 07:07;
14100;3632;lesson_start;05/01/2026 07:08;101.0
14101;3632;quiz_completed;05/01/2026 07:11;101.0
14102;3632;streak_extended;06/01/2026 09:11;102.0
14103;3632;streak_extended;08/01/2026 05:11;104.0
14104;3633;app_open;09/02/2026 01:20;
14105;3633;signup_completed;09/02/2026 01:22;
14106;3634;app_open;12/02/2026 14:51;
14107;3634;signup_completed;12/02/2026 14:53;
14108;3635;app_open;23/01/2026 18:03;
14109;3635;signup_completed;23/01/2026 18:04;
14110;3635;onboarding_completed;23/01/2026 18:09;
14111;3635;lesson_start;23/01/2026 18:11;101.0
14112;3635;quiz_completed;23/01/2026 18:15;101.0
14113;3635;streak_extended;24/01/2026 18:15;102.0
14114;3635;streak_extended;25/01/2026 19:15;103.0
14115;3635;streak_extended;26/01/2026 17:15;104.0
14116;3635;streak_extended;30/01/2026 16:15;108.0
14117;3636;app_open;22/02/2026 09:43;
14118;3636;signup_completed;22/02/2026 09:44;
14119;3636;onboarding_completed;22/02/2026 09:47;
14120;3637;app_open;22/01/2026 02:16;
14121;3637;signup_completed;22/01/2026 02:17;
14122;3637;onboarding_completed;22/01/2026 02:20;
14123;3637;lesson_start;22/01/2026 02:21;101.0
14124;3638;app_open;15/03/2026 05:50;
14125;3638;signup_completed;15/03/2026 05:52;
14126;3639;app_open;25/03/2026 20:38;
14127;3639;signup_completed;25/03/2026 20:39;
14128;3639;onboarding_completed;25/03/2026 20:40;
14129;3639;lesson_start;25/03/2026 20:42;101.0
14130;3639;quiz_completed;25/03/2026 20:45;101.0
14131;3639;streak_extended;28/03/2026 22:45;104.0
14132;3640;app_open;17/03/2026 08:21;
14133;3640;signup_completed;17/03/2026 08:23;
14134;3640;onboarding_completed;17/03/2026 08:27;
14135;3641;app_open;06/01/2026 11:31;
14136;3641;signup_completed;06/01/2026 11:31;
14137;3642;app_open;14/01/2026 14:32;
14138;3642;signup_completed;14/01/2026 14:34;
14139;3643;app_open;18/02/2026 22:09;
14140;3643;signup_completed;18/02/2026 22:10;
14141;3643;onboarding_completed;18/02/2026 22:14;
14142;3644;app_open;29/01/2026 02:01;
14143;3645;app_open;23/01/2026 17:38;
14144;3646;app_open;21/03/2026 04:55;
14145;3646;signup_completed;21/03/2026 04:56;
14146;3646;onboarding_completed;21/03/2026 05:00;
14147;3646;lesson_start;21/03/2026 05:00;101.0
14148;3646;quiz_completed;21/03/2026 05:08;101.0
14149;3646;streak_extended;23/03/2026 06:08;103.0
14150;3646;streak_extended;24/03/2026 07:08;104.0
14151;3647;app_open;30/03/2026 23:21;
14152;3647;signup_completed;30/03/2026 23:23;
14153;3647;onboarding_completed;30/03/2026 23:27;
14154;3648;app_open;13/03/2026 00:33;
14155;3648;signup_completed;13/03/2026 00:35;
14156;3649;app_open;25/02/2026 22:26;
14157;3649;signup_completed;25/02/2026 22:27;
14158;3649;onboarding_completed;25/02/2026 22:30;
14159;3649;lesson_start;25/02/2026 22:31;101.0
14160;3649;quiz_completed;25/02/2026 22:36;101.0
14161;3649;streak_extended;28/02/2026 23:36;104.0
14162;3649;streak_extended;02/03/2026 23:36;106.0
14163;3649;streak_extended;04/03/2026 22:36;108.0
14164;3650;app_open;31/01/2026 23:05;
14165;3650;signup_completed;31/01/2026 23:07;
14166;3650;onboarding_completed;31/01/2026 23:10;
14167;3651;app_open;26/02/2026 01:36;
14168;3651;signup_completed;26/02/2026 01:38;
14169;3651;onboarding_completed;26/02/2026 01:40;
14170;3651;lesson_start;26/02/2026 01:42;101.0
14171;3652;app_open;28/02/2026 01:14;
14172;3652;signup_completed;28/02/2026 01:16;
14173;3653;app_open;17/03/2026 00:08;
14174;3654;app_open;07/03/2026 07:06;
14175;3654;signup_completed;07/03/2026 07:08;
14176;3654;onboarding_completed;07/03/2026 07:09;
14177;3654;lesson_start;07/03/2026 07:10;101.0
14178;3654;quiz_completed;07/03/2026 07:14;101.0
14179;3654;streak_extended;12/03/2026 07:14;106.0
14180;3655;app_open;21/03/2026 10:58;
14181;3655;signup_completed;21/03/2026 10:59;
14182;3656;app_open;01/02/2026 03:12;
14183;3656;signup_completed;01/02/2026 03:14;
14184;3656;onboarding_completed;01/02/2026 03:17;
14185;3656;lesson_start;01/02/2026 03:18;101.0
14186;3656;quiz_completed;01/02/2026 03:25;101.0
14187;3656;streak_extended;02/02/2026 01:25;102.0
14188;3657;app_open;24/01/2026 00:01;
14189;3657;signup_completed;24/01/2026 00:02;
14190;3657;onboarding_completed;24/01/2026 00:05;
14191;3657;lesson_start;24/01/2026 00:06;101.0
14192;3657;quiz_completed;24/01/2026 00:11;101.0
14193;3657;streak_extended;24/01/2026 23:11;102.0
14194;3657;streak_extended;26/01/2026 02:11;103.0
14195;3658;app_open;30/01/2026 07:09;
14196;3659;app_open;27/03/2026 01:49;
14197;3659;signup_completed;27/03/2026 01:51;
14198;3659;onboarding_completed;27/03/2026 01:52;
14199;3659;lesson_start;27/03/2026 01:54;101.0
14200;3659;quiz_completed;27/03/2026 01:57;101.0
14201;3659;streak_extended;28/03/2026 02:57;102.0
14202;3659;streak_extended;28/03/2026 23:57;103.0
14203;3659;streak_extended;03/04/2026 00:57;108.0
14204;3659;streak_extended;09/04/2026 23:57;115.0
14205;3660;app_open;14/01/2026 21:49;
14206;3660;signup_completed;14/01/2026 21:50;
14207;3660;onboarding_completed;14/01/2026 21:54;
14208;3661;app_open;06/03/2026 02:24;
14209;3661;signup_completed;06/03/2026 02:26;
14210;3661;onboarding_completed;06/03/2026 02:28;
14211;3661;lesson_start;06/03/2026 02:28;101.0
14212;3662;app_open;20/02/2026 14:36;
14213;3662;signup_completed;20/02/2026 14:37;
14214;3662;onboarding_completed;20/02/2026 14:41;
14215;3663;app_open;22/01/2026 11:04;
14216;3663;signup_completed;22/01/2026 11:05;
14217;3663;onboarding_completed;22/01/2026 11:09;
14218;3664;app_open;10/02/2026 03:39;
14219;3664;signup_completed;10/02/2026 03:41;
14220;3664;onboarding_completed;10/02/2026 03:45;
14221;3664;lesson_start;10/02/2026 03:46;101.0
14222;3664;quiz_completed;10/02/2026 03:53;101.0
14223;3664;streak_extended;12/02/2026 02:53;103.0
14224;3665;app_open;30/01/2026 04:13;
14225;3665;signup_completed;30/01/2026 04:13;
14226;3665;onboarding_completed;30/01/2026 04:15;
14227;3665;lesson_start;30/01/2026 04:15;101.0
14228;3665;quiz_completed;30/01/2026 04:20;101.0
14229;3665;streak_extended;31/01/2026 02:20;102.0
14230;3665;streak_extended;06/02/2026 03:20;108.0
14231;3666;app_open;27/01/2026 17:09;
14232;3667;app_open;06/01/2026 22:02;
14233;3667;signup_completed;06/01/2026 22:03;
14234;3668;app_open;24/02/2026 01:14;
14235;3668;signup_completed;24/02/2026 01:16;
14236;3668;onboarding_completed;24/02/2026 01:20;
14237;3669;app_open;27/02/2026 10:41;
14238;3669;signup_completed;27/02/2026 10:42;
14239;3669;onboarding_completed;27/02/2026 10:46;
14240;3670;app_open;27/03/2026 09:52;
14241;3670;signup_completed;27/03/2026 09:53;
14242;3671;app_open;13/03/2026 09:10;
14243;3671;signup_completed;13/03/2026 09:11;
14244;3672;app_open;30/03/2026 12:07;
14245;3672;signup_completed;30/03/2026 12:09;
14246;3672;onboarding_completed;30/03/2026 12:13;
14247;3672;lesson_start;30/03/2026 12:13;101.0
14248;3672;quiz_completed;30/03/2026 12:20;101.0
14249;3672;streak_extended;31/03/2026 10:20;102.0
14250;3672;streak_extended;01/04/2026 14:20;103.0
14251;3672;streak_extended;06/04/2026 12:20;108.0
14252;3673;app_open;18/01/2026 00:05;
14253;3673;signup_completed;18/01/2026 00:07;
14254;3673;onboarding_completed;18/01/2026 00:09;
14255;3673;lesson_start;18/01/2026 00:09;101.0
14256;3673;quiz_completed;18/01/2026 00:17;101.0
14257;3673;streak_extended;18/01/2026 23:17;102.0
14258;3673;streak_extended;20/01/2026 00:17;103.0
14259;3673;streak_extended;16/02/2026 22:17;131.0
14260;3674;app_open;02/03/2026 18:40;
14261;3674;signup_completed;02/03/2026 18:40;
14262;3675;app_open;07/03/2026 21:36;
14263;3675;signup_completed;07/03/2026 21:38;
14264;3676;app_open;11/02/2026 11:26;
14265;3677;app_open;23/02/2026 23:13;
14266;3677;signup_completed;23/02/2026 23:15;
14267;3677;onboarding_completed;23/02/2026 23:18;
14268;3678;app_open;18/02/2026 02:52;
14269;3678;signup_completed;18/02/2026 02:53;
14270;3678;onboarding_completed;18/02/2026 02:58;
14271;3678;lesson_start;18/02/2026 02:59;101.0
14272;3678;quiz_completed;18/02/2026 03:07;101.0
14273;3678;streak_extended;19/02/2026 05:07;102.0
14274;3678;streak_extended;21/02/2026 04:07;104.0
14275;3678;streak_extended;25/02/2026 03:07;108.0
14276;3679;app_open;05/01/2026 13:14;
14277;3679;signup_completed;05/01/2026 13:15;
14278;3680;app_open;03/02/2026 10:32;
14279;3680;signup_completed;03/02/2026 10:34;
14280;3680;onboarding_completed;03/02/2026 10:36;
14281;3681;app_open;04/03/2026 11:02;
14282;3682;app_open;07/03/2026 04:20;
14283;3682;signup_completed;07/03/2026 04:21;
14284;3682;onboarding_completed;07/03/2026 04:25;
14285;3682;lesson_start;07/03/2026 04:27;101.0
14286;3683;app_open;07/02/2026 00:09;
14287;3683;signup_completed;07/02/2026 00:10;
14288;3684;app_open;18/03/2026 07:03;
14289;3685;app_open;20/02/2026 22:05;
14290;3686;app_open;31/01/2026 22:42;
14291;3686;signup_completed;31/01/2026 22:43;
14292;3686;onboarding_completed;31/01/2026 22:44;
14293;3687;app_open;09/03/2026 14:30;
14294;3687;signup_completed;09/03/2026 14:32;
14295;3687;onboarding_completed;09/03/2026 14:35;
14296;3687;lesson_start;09/03/2026 14:37;101.0
14297;3687;quiz_completed;09/03/2026 14:44;101.0
14298;3687;streak_extended;10/03/2026 12:44;102.0
14299;3687;streak_extended;11/03/2026 16:44;103.0
14300;3687;streak_extended;12/03/2026 15:44;104.0
14301;3688;app_open;10/02/2026 10:06;
14302;3688;signup_completed;10/02/2026 10:07;
14303;3688;onboarding_completed;10/02/2026 10:10;
14304;3688;lesson_start;10/02/2026 10:10;101.0
14305;3688;quiz_completed;10/02/2026 10:18;101.0
14306;3688;streak_extended;11/02/2026 10:18;102.0
14307;3688;streak_extended;12/02/2026 09:18;103.0
14308;3689;app_open;09/02/2026 15:18;
14309;3689;signup_completed;09/02/2026 15:20;
14310;3689;onboarding_completed;09/02/2026 15:23;
14311;3689;lesson_start;09/02/2026 15:25;101.0
14312;3689;quiz_completed;09/02/2026 15:32;101.0
14313;3689;streak_extended;10/02/2026 15:32;102.0
14314;3689;streak_extended;11/02/2026 15:32;103.0
14315;3689;streak_extended;11/03/2026 17:32;131.0
14316;3690;app_open;15/01/2026 11:42;
14317;3691;app_open;30/01/2026 02:47;
14318;3691;signup_completed;30/01/2026 02:49;
14319;3692;app_open;06/02/2026 13:12;
14320;3693;app_open;18/01/2026 20:28;
14321;3693;signup_completed;18/01/2026 20:28;
14322;3693;onboarding_completed;18/01/2026 20:32;
14323;3693;lesson_start;18/01/2026 20:33;101.0
14324;3693;quiz_completed;18/01/2026 20:37;101.0
14325;3693;streak_extended;21/01/2026 19:37;104.0
14326;3693;streak_extended;25/01/2026 19:37;108.0
14327;3694;app_open;15/03/2026 05:55;
14328;3694;signup_completed;15/03/2026 05:56;
14329;3694;onboarding_completed;15/03/2026 05:58;
14330;3694;lesson_start;15/03/2026 05:59;101.0
14331;3694;quiz_completed;15/03/2026 06:06;101.0
14332;3694;streak_extended;16/03/2026 04:06;102.0
14333;3694;streak_extended;22/03/2026 05:06;108.0
14334;3695;app_open;22/02/2026 05:27;
14335;3695;signup_completed;22/02/2026 05:29;
14336;3695;onboarding_completed;22/02/2026 05:32;
14337;3695;lesson_start;22/02/2026 05:32;101.0
14338;3695;quiz_completed;22/02/2026 05:38;101.0
14339;3695;streak_extended;24/02/2026 03:38;103.0
14340;3695;streak_extended;25/02/2026 04:38;104.0
14341;3695;streak_extended;24/03/2026 06:38;131.0
14342;3696;app_open;15/02/2026 23:22;
14343;3697;app_open;24/01/2026 09:29;
14344;3697;signup_completed;24/01/2026 09:31;
14345;3697;onboarding_completed;24/01/2026 09:36;
14346;3697;lesson_start;24/01/2026 09:37;101.0
14347;3697;quiz_completed;24/01/2026 09:42;101.0
14348;3697;streak_extended;25/01/2026 10:42;102.0
14349;3697;streak_extended;29/01/2026 07:42;106.0
14350;3697;streak_extended;07/02/2026 07:42;115.0
14351;3698;app_open;24/03/2026 11:06;
14352;3698;signup_completed;24/03/2026 11:08;
14353;3698;onboarding_completed;24/03/2026 11:09;
14354;3698;lesson_start;24/03/2026 11:10;101.0
14355;3698;quiz_completed;24/03/2026 11:14;101.0
14356;3698;streak_extended;26/03/2026 11:14;103.0
14357;3699;app_open;22/01/2026 21:05;
14358;3699;signup_completed;22/01/2026 21:06;
14359;3699;onboarding_completed;22/01/2026 21:10;
14360;3700;app_open;30/01/2026 04:45;
14361;3700;signup_completed;30/01/2026 04:46;
14362;3700;onboarding_completed;30/01/2026 04:51;
14363;3700;lesson_start;30/01/2026 04:52;101.0
14364;3700;quiz_completed;30/01/2026 04:56;101.0
14365;3700;streak_extended;31/01/2026 03:56;102.0
14366;3700;streak_extended;13/02/2026 04:56;115.0
14367;3701;app_open;25/03/2026 06:12;
14368;3701;signup_completed;25/03/2026 06:14;
14369;3701;onboarding_completed;25/03/2026 06:18;
14370;3702;app_open;10/03/2026 16:46;
14371;3702;signup_completed;10/03/2026 16:47;
14372;3702;onboarding_completed;10/03/2026 16:52;
14373;3702;lesson_start;10/03/2026 16:53;101.0
14374;3703;app_open;15/01/2026 00:21;
14375;3704;app_open;20/03/2026 05:35;
14376;3704;signup_completed;20/03/2026 05:36;
14377;3704;onboarding_completed;20/03/2026 05:37;
14378;3704;lesson_start;20/03/2026 05:39;101.0
14379;3704;quiz_completed;20/03/2026 05:43;101.0
14380;3705;app_open;14/02/2026 22:55;
14381;3705;signup_completed;14/02/2026 22:56;
14382;3705;onboarding_completed;14/02/2026 22:58;
14383;3706;app_open;30/03/2026 19:30;
14384;3706;signup_completed;30/03/2026 19:31;
14385;3706;onboarding_completed;30/03/2026 19:34;
14386;3707;app_open;06/01/2026 14:16;
14387;3707;signup_completed;06/01/2026 14:18;
14388;3707;onboarding_completed;06/01/2026 14:20;
14389;3708;app_open;24/02/2026 14:27;
14390;3708;signup_completed;24/02/2026 14:28;
14391;3708;onboarding_completed;24/02/2026 14:30;
14392;3708;lesson_start;24/02/2026 14:31;101.0
14393;3708;quiz_completed;24/02/2026 14:35;101.0
14394;3708;streak_extended;26/02/2026 16:35;103.0
14395;3709;app_open;10/02/2026 01:36;
14396;3709;signup_completed;10/02/2026 01:36;
14397;3709;onboarding_completed;10/02/2026 01:40;
14398;3709;lesson_start;10/02/2026 01:42;101.0
14399;3709;quiz_completed;10/02/2026 01:48;101.0
14400;3710;app_open;10/02/2026 10:32;
14401;3710;signup_completed;10/02/2026 10:33;
14402;3710;onboarding_completed;10/02/2026 10:38;
14403;3711;app_open;24/02/2026 02:34;
14404;3711;signup_completed;24/02/2026 02:36;
14405;3711;onboarding_completed;24/02/2026 02:37;
14406;3711;lesson_start;24/02/2026 02:38;101.0
14407;3711;quiz_completed;24/02/2026 02:45;101.0
14408;3711;streak_extended;25/02/2026 04:45;102.0
14409;3711;streak_extended;27/02/2026 01:45;104.0
14410;3711;streak_extended;03/03/2026 01:45;108.0
14411;3712;app_open;21/02/2026 10:58;
14412;3713;app_open;14/01/2026 00:27;
14413;3713;signup_completed;14/01/2026 00:28;
14414;3713;onboarding_completed;14/01/2026 00:29;
14415;3714;app_open;07/02/2026 17:04;
14416;3714;signup_completed;07/02/2026 17:05;
14417;3714;onboarding_completed;07/02/2026 17:08;
14418;3714;lesson_start;07/02/2026 17:09;101.0
14419;3714;quiz_completed;07/02/2026 17:14;101.0
14420;3714;streak_extended;09/03/2026 18:14;131.0
14421;3715;app_open;24/01/2026 13:54;
14422;3716;app_open;25/01/2026 18:10;
14423;3716;signup_completed;25/01/2026 18:11;
14424;3716;onboarding_completed;25/01/2026 18:15;
14425;3716;lesson_start;25/01/2026 18:16;101.0
14426;3717;app_open;20/01/2026 17:48;
14427;3717;signup_completed;20/01/2026 17:50;
14428;3717;onboarding_completed;20/01/2026 17:53;
14429;3717;lesson_start;20/01/2026 17:55;101.0
14430;3718;app_open;02/02/2026 01:34;
14431;3718;signup_completed;02/02/2026 01:35;
14432;3718;onboarding_completed;02/02/2026 01:38;
14433;3718;lesson_start;02/02/2026 01:38;101.0
14434;3719;app_open;04/03/2026 18:56;
14435;3719;signup_completed;04/03/2026 18:57;
14436;3719;onboarding_completed;04/03/2026 19:01;
14437;3719;lesson_start;04/03/2026 19:03;101.0
14438;3719;quiz_completed;04/03/2026 19:07;101.0
14439;3719;streak_extended;05/03/2026 21:07;102.0
14440;3719;streak_extended;06/03/2026 21:07;103.0
14441;3719;streak_extended;11/03/2026 20:07;108.0
14442;3720;app_open;08/01/2026 16:14;
14443;3720;signup_completed;08/01/2026 16:16;
14444;3720;onboarding_completed;08/01/2026 16:19;
14445;3721;app_open;13/02/2026 16:04;
14446;3721;signup_completed;13/02/2026 16:05;
14447;3721;onboarding_completed;13/02/2026 16:06;
14448;3721;lesson_start;13/02/2026 16:06;101.0
14449;3721;quiz_completed;13/02/2026 16:12;101.0
14450;3721;streak_extended;14/02/2026 14:12;102.0
14451;3721;streak_extended;15/02/2026 14:12;103.0
14452;3721;streak_extended;16/02/2026 15:12;104.0
14453;3721;streak_extended;20/02/2026 14:12;108.0
14454;3722;app_open;24/03/2026 05:57;
14455;3722;signup_completed;24/03/2026 05:59;
14456;3722;onboarding_completed;24/03/2026 06:01;
14457;3722;lesson_start;24/03/2026 06:02;101.0
14458;3722;quiz_completed;24/03/2026 06:05;101.0
14459;3722;streak_extended;25/03/2026 08:05;102.0
14460;3722;streak_extended;27/03/2026 08:05;104.0
14461;3723;app_open;06/02/2026 00:40;
14462;3723;signup_completed;06/02/2026 00:41;
14463;3723;onboarding_completed;06/02/2026 00:44;
14464;3723;lesson_start;06/02/2026 00:45;101.0
14465;3723;quiz_completed;06/02/2026 00:52;101.0
14466;3723;streak_extended;07/02/2026 01:52;102.0
14467;3723;streak_extended;08/02/2026 00:52;103.0
14468;3724;app_open;09/01/2026 23:27;
14469;3725;app_open;22/02/2026 00:07;
14470;3725;signup_completed;22/02/2026 00:08;
14471;3725;onboarding_completed;22/02/2026 00:11;
14472;3725;lesson_start;22/02/2026 00:12;101.0
14473;3725;quiz_completed;22/02/2026 00:18;101.0
14474;3725;streak_extended;24/02/2026 00:18;103.0
14475;3725;streak_extended;24/02/2026 23:18;104.0
14476;3726;app_open;12/03/2026 08:24;
14477;3726;signup_completed;12/03/2026 08:25;
14478;3726;onboarding_completed;12/03/2026 08:30;
14479;3727;app_open;22/03/2026 12:39;
14480;3727;signup_completed;22/03/2026 12:40;
14481;3727;onboarding_completed;22/03/2026 12:43;
14482;3727;lesson_start;22/03/2026 12:44;101.0
14483;3727;quiz_completed;22/03/2026 12:48;101.0
14484;3727;streak_extended;29/03/2026 13:48;108.0
14485;3728;app_open;19/01/2026 11:51;
14486;3728;signup_completed;19/01/2026 11:52;
14487;3728;onboarding_completed;19/01/2026 11:57;
14488;3728;lesson_start;19/01/2026 11:58;101.0
14489;3728;quiz_completed;19/01/2026 12:02;101.0
14490;3728;streak_extended;22/01/2026 12:02;104.0
14491;3728;streak_extended;18/02/2026 11:02;131.0
14492;3729;app_open;06/01/2026 00:05;
14493;3729;signup_completed;06/01/2026 00:07;
14494;3729;onboarding_completed;06/01/2026 00:10;
14495;3729;lesson_start;06/01/2026 00:12;101.0
14496;3730;app_open;27/01/2026 01:33;
14497;3730;signup_completed;27/01/2026 01:34;
14498;3730;onboarding_completed;27/01/2026 01:38;
14499;3730;lesson_start;27/01/2026 01:39;101.0
14500;3731;app_open;06/02/2026 14:51;
14501;3731;signup_completed;06/02/2026 14:53;
14502;3731;onboarding_completed;06/02/2026 14:55;
14503;3731;lesson_start;06/02/2026 14:55;101.0
14504;3732;app_open;07/03/2026 09:46;
14505;3732;signup_completed;07/03/2026 09:47;
14506;3733;app_open;28/02/2026 17:40;
14507;3733;signup_completed;28/02/2026 17:42;
14508;3733;onboarding_completed;28/02/2026 17:44;
14509;3734;app_open;28/02/2026 12:54;
14510;3734;signup_completed;28/02/2026 12:55;
14511;3734;onboarding_completed;28/02/2026 13:00;
14512;3735;app_open;04/01/2026 20:09;
14513;3735;signup_completed;04/01/2026 20:09;
14514;3735;onboarding_completed;04/01/2026 20:13;
14515;3735;lesson_start;04/01/2026 20:15;101.0
14516;3736;app_open;26/03/2026 19:40;
14517;3736;signup_completed;26/03/2026 19:42;
14518;3736;onboarding_completed;26/03/2026 19:45;
14519;3736;lesson_start;26/03/2026 19:47;101.0
14520;3736;quiz_completed;26/03/2026 19:50;101.0
14521;3736;streak_extended;27/03/2026 20:50;102.0
14522;3736;streak_extended;29/03/2026 18:50;104.0
14523;3737;app_open;08/01/2026 01:35;
14524;3737;signup_completed;08/01/2026 01:36;
14525;3737;onboarding_completed;08/01/2026 01:40;
14526;3737;lesson_start;08/01/2026 01:42;101.0
14527;3737;quiz_completed;08/01/2026 01:47;101.0
14528;3737;streak_extended;11/01/2026 03:47;104.0
14529;3738;app_open;19/01/2026 06:27;
14530;3738;signup_completed;19/01/2026 06:28;
14531;3738;onboarding_completed;19/01/2026 06:33;
14532;3738;lesson_start;19/01/2026 06:34;101.0
14533;3738;quiz_completed;19/01/2026 06:39;101.0
14534;3738;streak_extended;20/01/2026 06:39;102.0
14535;3738;streak_extended;22/01/2026 04:39;104.0
14536;3738;streak_extended;24/01/2026 05:39;106.0
14537;3739;app_open;20/03/2026 02:58;
14538;3739;signup_completed;20/03/2026 02:59;
14539;3739;onboarding_completed;20/03/2026 03:01;
14540;3739;lesson_start;20/03/2026 03:02;101.0
14541;3739;quiz_completed;20/03/2026 03:06;101.0
14542;3739;streak_extended;23/03/2026 05:06;104.0
14543;3740;app_open;15/03/2026 22:52;
14544;3740;signup_completed;15/03/2026 22:54;
14545;3740;onboarding_completed;15/03/2026 22:55;
14546;3741;app_open;27/02/2026 01:10;
14547;3741;signup_completed;27/02/2026 01:11;
14548;3742;app_open;12/03/2026 07:45;
14549;3742;signup_completed;12/03/2026 07:46;
14550;3742;onboarding_completed;12/03/2026 07:47;
14551;3742;lesson_start;12/03/2026 07:48;101.0
14552;3743;app_open;07/03/2026 04:35;
14553;3743;signup_completed;07/03/2026 04:37;
14554;3743;onboarding_completed;07/03/2026 04:40;
14555;3744;app_open;24/02/2026 06:12;
14556;3744;signup_completed;24/02/2026 06:14;
14557;3745;app_open;22/01/2026 01:41;
14558;3745;signup_completed;22/01/2026 01:42;
14559;3745;onboarding_completed;22/01/2026 01:44;
14560;3746;app_open;16/02/2026 13:04;
14561;3746;signup_completed;16/02/2026 13:06;
14562;3747;app_open;21/01/2026 06:44;
14563;3748;app_open;26/03/2026 10:01;
14564;3748;signup_completed;26/03/2026 10:03;
14565;3748;onboarding_completed;26/03/2026 10:06;
14566;3749;app_open;30/03/2026 01:32;
14567;3749;signup_completed;30/03/2026 01:33;
14568;3750;app_open;02/02/2026 07:51;
14569;3750;signup_completed;02/02/2026 07:53;
14570;3750;onboarding_completed;02/02/2026 07:55;
14571;3751;app_open;30/01/2026 10:28;
14572;3751;signup_completed;30/01/2026 10:29;
14573;3751;onboarding_completed;30/01/2026 10:34;
14574;3751;lesson_start;30/01/2026 10:35;101.0
14575;3752;app_open;30/03/2026 06:06;
14576;3752;signup_completed;30/03/2026 06:07;
14577;3752;onboarding_completed;30/03/2026 06:10;
14578;3752;lesson_start;30/03/2026 06:11;101.0
14579;3752;quiz_completed;30/03/2026 06:19;101.0
14580;3752;streak_extended;31/03/2026 07:19;102.0
14581;3752;streak_extended;01/04/2026 07:19;103.0
14582;3752;streak_extended;06/04/2026 07:19;108.0
14583;3752;streak_extended;13/04/2026 04:19;115.0
14584;3753;app_open;02/01/2026 11:43;
14585;3753;signup_completed;02/01/2026 11:44;
14586;3753;onboarding_completed;02/01/2026 11:45;
14587;3754;app_open;21/01/2026 13:32;
14588;3754;signup_completed;21/01/2026 13:34;
14589;3754;onboarding_completed;21/01/2026 13:36;
14590;3754;lesson_start;21/01/2026 13:38;101.0
14591;3754;quiz_completed;21/01/2026 13:41;101.0
14592;3754;streak_extended;22/01/2026 14:41;102.0
14593;3755;app_open;19/01/2026 10:47;
14594;3755;signup_completed;19/01/2026 10:47;
14595;3755;onboarding_completed;19/01/2026 10:52;
14596;3755;lesson_start;19/01/2026 10:52;101.0
14597;3755;quiz_completed;19/01/2026 10:58;101.0
14598;3755;streak_extended;20/01/2026 12:58;102.0
14599;3756;app_open;13/03/2026 23:45;
14600;3756;signup_completed;13/03/2026 23:46;
14601;3756;onboarding_completed;13/03/2026 23:47;
14602;3756;lesson_start;13/03/2026 23:48;101.0
14603;3757;app_open;12/01/2026 09:21;
14604;3757;signup_completed;12/01/2026 09:22;
14605;3758;app_open;14/03/2026 12:21;
14606;3758;signup_completed;14/03/2026 12:21;
14607;3758;onboarding_completed;14/03/2026 12:23;
14608;3758;lesson_start;14/03/2026 12:23;101.0
14609;3758;quiz_completed;14/03/2026 12:28;101.0
14610;3758;streak_extended;15/03/2026 10:28;102.0
14611;3759;app_open;15/03/2026 05:43;
14612;3759;signup_completed;15/03/2026 05:44;
14613;3759;onboarding_completed;15/03/2026 05:48;
14614;3760;app_open;16/02/2026 11:57;
14615;3760;signup_completed;16/02/2026 11:59;
14616;3760;onboarding_completed;16/02/2026 12:03;
14617;3760;lesson_start;16/02/2026 12:04;101.0
14618;3760;quiz_completed;16/02/2026 12:09;101.0
14619;3760;streak_extended;17/02/2026 12:09;102.0
14620;3760;streak_extended;21/02/2026 12:09;106.0
14621;3761;app_open;30/03/2026 18:48;
14622;3761;signup_completed;30/03/2026 18:48;
14623;3761;onboarding_completed;30/03/2026 18:53;
14624;3761;lesson_start;30/03/2026 18:54;101.0
14625;3762;app_open;24/01/2026 13:16;
14626;3762;signup_completed;24/01/2026 13:17;
14627;3763;app_open;09/03/2026 12:55;
14628;3763;signup_completed;09/03/2026 12:56;
14629;3764;app_open;28/02/2026 16:21;
14630;3764;signup_completed;28/02/2026 16:23;
14631;3764;onboarding_completed;28/02/2026 16:27;
14632;3764;lesson_start;28/02/2026 16:29;101.0
14633;3764;quiz_completed;28/02/2026 16:35;101.0
14634;3764;streak_extended;03/03/2026 15:35;104.0
14635;3764;streak_extended;07/03/2026 15:35;108.0
14636;3765;app_open;10/03/2026 07:53;
14637;3765;signup_completed;10/03/2026 07:55;
14638;3765;onboarding_completed;10/03/2026 07:59;
14639;3765;lesson_start;10/03/2026 08:00;101.0
14640;3766;app_open;20/01/2026 20:33;
14641;3767;app_open;08/02/2026 12:13;
14642;3767;signup_completed;08/02/2026 12:14;
14643;3767;onboarding_completed;08/02/2026 12:18;
14644;3767;lesson_start;08/02/2026 12:19;101.0
14645;3767;quiz_completed;08/02/2026 12:22;101.0
14646;3767;streak_extended;09/02/2026 12:22;102.0
14647;3767;streak_extended;15/02/2026 12:22;108.0
14648;3768;app_open;30/03/2026 20:23;
14649;3768;signup_completed;30/03/2026 20:24;
14650;3768;onboarding_completed;30/03/2026 20:26;
14651;3768;lesson_start;30/03/2026 20:27;101.0
14652;3768;quiz_completed;30/03/2026 20:31;101.0
14653;3768;streak_extended;31/03/2026 20:31;102.0
14654;3768;streak_extended;06/04/2026 22:31;108.0
14655;3768;streak_extended;29/04/2026 21:31;131.0
14656;3769;app_open;24/01/2026 05:40;
14657;3770;app_open;23/02/2026 14:26;
14658;3770;signup_completed;23/02/2026 14:27;
14659;3770;onboarding_completed;23/02/2026 14:30;
14660;3771;app_open;01/02/2026 05:25;
14661;3771;signup_completed;01/02/2026 05:25;
14662;3772;app_open;17/03/2026 07:04;
14663;3772;signup_completed;17/03/2026 07:06;
14664;3772;onboarding_completed;17/03/2026 07:09;
14665;3773;app_open;28/01/2026 11:34;
14666;3774;app_open;06/02/2026 23:00;
14667;3774;signup_completed;06/02/2026 23:01;
14668;3774;onboarding_completed;06/02/2026 23:03;
14669;3774;lesson_start;06/02/2026 23:05;101.0
14670;3774;quiz_completed;06/02/2026 23:10;101.0
14671;3774;streak_extended;07/02/2026 21:10;102.0
14672;3774;streak_extended;11/02/2026 23:10;106.0
14673;3775;app_open;15/02/2026 06:26;
14674;3775;signup_completed;15/02/2026 06:27;
14675;3775;onboarding_completed;15/02/2026 06:32;
14676;3775;lesson_start;15/02/2026 06:32;101.0
14677;3775;quiz_completed;15/02/2026 06:35;101.0
14678;3775;streak_extended;17/02/2026 07:35;103.0
14679;3775;streak_extended;20/02/2026 07:35;106.0
14680;3776;app_open;21/02/2026 19:29;
14681;3776;signup_completed;21/02/2026 19:31;
14682;3776;onboarding_completed;21/02/2026 19:33;
14683;3777;app_open;04/03/2026 23:37;
14684;3777;signup_completed;04/03/2026 23:39;
14685;3778;app_open;04/02/2026 21:08;
14686;3779;app_open;30/01/2026 22:40;
14687;3779;signup_completed;30/01/2026 22:41;
14688;3779;onboarding_completed;30/01/2026 22:44;
14689;3779;lesson_start;30/01/2026 22:45;101.0
14690;3779;quiz_completed;30/01/2026 22:49;101.0
14691;3779;streak_extended;01/02/2026 23:49;103.0
14692;3779;streak_extended;03/02/2026 00:49;104.0
14693;3779;streak_extended;04/02/2026 20:49;106.0
14694;3779;streak_extended;01/03/2026 22:49;131.0
14695;3780;app_open;26/01/2026 09:28;
14696;3780;signup_completed;26/01/2026 09:29;
14697;3780;onboarding_completed;26/01/2026 09:32;
14698;3781;app_open;04/02/2026 22:01;
14699;3781;signup_completed;04/02/2026 22:02;
14700;3781;onboarding_completed;04/02/2026 22:06;
14701;3781;lesson_start;04/02/2026 22:07;101.0
14702;3781;quiz_completed;04/02/2026 22:12;101.0
14703;3781;streak_extended;09/02/2026 23:12;106.0
14704;3781;streak_extended;11/02/2026 23:12;108.0
14705;3782;app_open;19/02/2026 18:56;
14706;3782;signup_completed;19/02/2026 18:58;
14707;3783;app_open;27/03/2026 17:06;
14708;3783;signup_completed;27/03/2026 17:06;
14709;3783;onboarding_completed;27/03/2026 17:09;
14710;3783;lesson_start;27/03/2026 17:10;101.0
14711;3784;app_open;18/02/2026 06:44;
14712;3784;signup_completed;18/02/2026 06:45;
14713;3784;onboarding_completed;18/02/2026 06:50;
14714;3784;lesson_start;18/02/2026 06:51;101.0
14715;3785;app_open;15/02/2026 05:52;
14716;3785;signup_completed;15/02/2026 05:54;
14717;3785;onboarding_completed;15/02/2026 05:56;
14718;3786;app_open;10/01/2026 13:46;
14719;3786;signup_completed;10/01/2026 13:47;
14720;3786;onboarding_completed;10/01/2026 13:48;
14721;3787;app_open;19/03/2026 22:41;
14722;3787;signup_completed;19/03/2026 22:42;
14723;3787;onboarding_completed;19/03/2026 22:45;
14724;3787;lesson_start;19/03/2026 22:46;101.0
14725;3787;quiz_completed;19/03/2026 22:51;101.0
14726;3787;streak_extended;21/03/2026 21:51;103.0
14727;3787;streak_extended;22/03/2026 20:51;104.0
14728;3788;app_open;12/03/2026 03:20;
14729;3788;signup_completed;12/03/2026 03:22;
14730;3788;onboarding_completed;12/03/2026 03:26;
14731;3788;lesson_start;12/03/2026 03:27;101.0
14732;3789;app_open;15/02/2026 13:59;
14733;3789;signup_completed;15/02/2026 14:00;
14734;3789;onboarding_completed;15/02/2026 14:04;
14735;3790;app_open;15/03/2026 22:43;
14736;3790;signup_completed;15/03/2026 22:45;
14737;3790;onboarding_completed;15/03/2026 22:47;
14738;3791;app_open;23/03/2026 12:42;
14739;3791;signup_completed;23/03/2026 12:44;
14740;3792;app_open;01/02/2026 02:11;
14741;3792;signup_completed;01/02/2026 02:12;
14742;3792;onboarding_completed;01/02/2026 02:15;
14743;3793;app_open;30/03/2026 18:32;
14744;3793;signup_completed;30/03/2026 18:34;
14745;3793;onboarding_completed;30/03/2026 18:36;
14746;3793;lesson_start;30/03/2026 18:38;101.0
14747;3793;quiz_completed;30/03/2026 18:43;101.0
14748;3793;streak_extended;31/03/2026 18:43;102.0
14749;3794;app_open;20/01/2026 17:19;
14750;3794;signup_completed;20/01/2026 17:20;
14751;3795;app_open;05/02/2026 23:48;
14752;3795;signup_completed;05/02/2026 23:49;
14753;3795;onboarding_completed;05/02/2026 23:53;
14754;3796;app_open;31/01/2026 09:09;
14755;3796;signup_completed;31/01/2026 09:10;
14756;3796;onboarding_completed;31/01/2026 09:12;
14757;3796;lesson_start;31/01/2026 09:13;101.0
14758;3796;quiz_completed;31/01/2026 09:19;101.0
14759;3797;app_open;10/02/2026 04:31;
14760;3797;signup_completed;10/02/2026 04:33;
14761;3798;app_open;05/01/2026 10:31;
14762;3799;app_open;24/02/2026 14:46;
14763;3800;app_open;25/03/2026 21:27;
14764;3800;signup_completed;25/03/2026 21:29;
14765;3801;app_open;22/01/2026 11:36;
14766;3801;signup_completed;22/01/2026 11:36;
14767;3801;onboarding_completed;22/01/2026 11:40;
14768;3801;lesson_start;22/01/2026 11:41;101.0
14769;3801;quiz_completed;22/01/2026 11:46;101.0
14770;3801;streak_extended;24/01/2026 12:46;103.0
14771;3801;streak_extended;27/01/2026 09:46;106.0
14772;3802;app_open;13/03/2026 23:14;
14773;3802;signup_completed;13/03/2026 23:16;
14774;3802;onboarding_completed;13/03/2026 23:18;
14775;3802;lesson_start;13/03/2026 23:20;101.0
14776;3802;quiz_completed;13/03/2026 23:27;101.0
14777;3802;streak_extended;15/03/2026 01:27;102.0
14778;3803;app_open;15/01/2026 04:01;
14779;3803;signup_completed;15/01/2026 04:02;
14780;3804;app_open;02/01/2026 13:47;
14781;3804;signup_completed;02/01/2026 13:49;
14782;3804;onboarding_completed;02/01/2026 13:50;
14783;3804;lesson_start;02/01/2026 13:51;101.0
14784;3805;app_open;26/01/2026 07:38;
14785;3805;signup_completed;26/01/2026 07:40;
14786;3805;onboarding_completed;26/01/2026 07:42;
14787;3806;app_open;23/02/2026 17:18;
14788;3806;signup_completed;23/02/2026 17:20;
14789;3806;onboarding_completed;23/02/2026 17:23;
14790;3807;app_open;26/02/2026 16:53;
14791;3807;signup_completed;26/02/2026 16:54;
14792;3808;app_open;26/02/2026 05:30;
14793;3808;signup_completed;26/02/2026 05:31;
14794;3809;app_open;11/03/2026 21:44;
14795;3809;signup_completed;11/03/2026 21:46;
14796;3809;onboarding_completed;11/03/2026 21:49;
14797;3810;app_open;10/02/2026 13:01;
14798;3810;signup_completed;10/02/2026 13:03;
14799;3810;onboarding_completed;10/02/2026 13:07;
14800;3811;app_open;29/01/2026 15:50;
14801;3811;signup_completed;29/01/2026 15:51;
14802;3812;app_open;15/01/2026 19:08;
14803;3812;signup_completed;15/01/2026 19:09;
14804;3812;onboarding_completed;15/01/2026 19:12;
14805;3812;lesson_start;15/01/2026 19:14;101.0
14806;3813;app_open;20/01/2026 01:09;
14807;3813;signup_completed;20/01/2026 01:10;
14808;3814;app_open;02/02/2026 00:38;
14809;3814;signup_completed;02/02/2026 00:39;
14810;3814;onboarding_completed;02/02/2026 00:43;
14811;3814;lesson_start;02/02/2026 00:45;101.0
14812;3815;app_open;23/01/2026 07:58;
14813;3815;signup_completed;23/01/2026 07:59;
14814;3815;onboarding_completed;23/01/2026 08:03;
14815;3815;lesson_start;23/01/2026 08:05;101.0
14816;3816;app_open;06/02/2026 21:05;
14817;3816;signup_completed;06/02/2026 21:07;
14818;3817;app_open;25/02/2026 07:42;
14819;3817;signup_completed;25/02/2026 07:44;
14820;3818;app_open;22/03/2026 21:52;
14821;3818;signup_completed;22/03/2026 21:54;
14822;3818;onboarding_completed;22/03/2026 21:55;
14823;3818;lesson_start;22/03/2026 21:57;101.0
14824;3819;app_open;24/01/2026 20:35;
14825;3819;signup_completed;24/01/2026 20:37;
14826;3820;app_open;18/02/2026 11:27;
14827;3820;signup_completed;18/02/2026 11:28;
14828;3820;onboarding_completed;18/02/2026 11:30;
14829;3820;lesson_start;18/02/2026 11:32;101.0
14830;3820;quiz_completed;18/02/2026 11:38;101.0
14831;3820;streak_extended;19/02/2026 11:38;102.0
14832;3820;streak_extended;25/02/2026 12:38;108.0
14833;3821;app_open;23/02/2026 11:05;
14834;3821;signup_completed;23/02/2026 11:07;
14835;3822;app_open;05/03/2026 13:20;
14836;3822;signup_completed;05/03/2026 13:22;
14837;3822;onboarding_completed;05/03/2026 13:23;
14838;3822;lesson_start;05/03/2026 13:24;101.0
14839;3822;quiz_completed;05/03/2026 13:30;101.0
14840;3822;streak_extended;06/03/2026 15:30;102.0
14841;3823;app_open;08/03/2026 11:48;
14842;3823;signup_completed;08/03/2026 11:49;
14843;3823;onboarding_completed;08/03/2026 11:51;
14844;3824;app_open;02/02/2026 18:34;
14845;3824;signup_completed;02/02/2026 18:35;
14846;3824;onboarding_completed;02/02/2026 18:37;
14847;3824;lesson_start;02/02/2026 18:37;101.0
14848;3824;quiz_completed;02/02/2026 18:41;101.0
14849;3824;streak_extended;04/02/2026 18:41;103.0
14850;3824;streak_extended;05/02/2026 18:41;104.0
14851;3824;streak_extended;09/02/2026 16:41;108.0
14852;3825;app_open;25/01/2026 23:36;
14853;3825;signup_completed;25/01/2026 23:38;
14854;3826;app_open;16/03/2026 02:45;
14855;3826;signup_completed;16/03/2026 02:46;
14856;3826;onboarding_completed;16/03/2026 02:48;
14857;3826;lesson_start;16/03/2026 02:49;101.0
14858;3826;quiz_completed;16/03/2026 02:53;101.0
14859;3826;streak_extended;18/03/2026 03:53;103.0
14860;3826;streak_extended;23/03/2026 04:53;108.0
14861;3827;app_open;21/03/2026 18:26;
14862;3827;signup_completed;21/03/2026 18:27;
14863;3827;onboarding_completed;21/03/2026 18:31;
14864;3827;lesson_start;21/03/2026 18:33;101.0
14865;3828;app_open;17/02/2026 10:34;
14866;3828;signup_completed;17/02/2026 10:35;
14867;3828;onboarding_completed;17/02/2026 10:37;
14868;3828;lesson_start;17/02/2026 10:38;101.0
14869;3828;quiz_completed;17/02/2026 10:43;101.0
14870;3828;streak_extended;19/02/2026 12:43;103.0
14871;3828;streak_extended;24/02/2026 12:43;108.0
14872;3829;app_open;12/03/2026 06:00;
14873;3829;signup_completed;12/03/2026 06:01;
14874;3829;onboarding_completed;12/03/2026 06:03;
14875;3829;lesson_start;12/03/2026 06:05;101.0
14876;3829;quiz_completed;12/03/2026 06:09;101.0
14877;3829;streak_extended;13/03/2026 05:09;102.0
14878;3829;streak_extended;26/03/2026 08:09;115.0
14879;3830;app_open;04/03/2026 07:15;
14880;3830;signup_completed;04/03/2026 07:17;
14881;3830;onboarding_completed;04/03/2026 07:22;
14882;3831;app_open;13/03/2026 19:22;
14883;3831;signup_completed;13/03/2026 19:24;
14884;3831;onboarding_completed;13/03/2026 19:26;
14885;3831;lesson_start;13/03/2026 19:27;101.0
14886;3831;quiz_completed;13/03/2026 19:31;101.0
14887;3831;streak_extended;18/03/2026 19:31;106.0
14888;3832;app_open;17/02/2026 15:10;
14889;3832;signup_completed;17/02/2026 15:12;
14890;3832;onboarding_completed;17/02/2026 15:15;
14891;3833;app_open;14/02/2026 17:48;
14892;3833;signup_completed;14/02/2026 17:50;
14893;3833;onboarding_completed;14/02/2026 17:51;
14894;3833;lesson_start;14/02/2026 17:53;101.0
14895;3834;app_open;17/01/2026 08:00;
14896;3834;signup_completed;17/01/2026 08:02;
14897;3834;onboarding_completed;17/01/2026 08:05;
14898;3835;app_open;13/03/2026 03:28;
14899;3835;signup_completed;13/03/2026 03:30;
14900;3835;onboarding_completed;13/03/2026 03:35;
14901;3836;app_open;19/03/2026 04:25;
14902;3836;signup_completed;19/03/2026 04:26;
14903;3836;onboarding_completed;19/03/2026 04:30;
14904;3836;lesson_start;19/03/2026 04:31;101.0
14905;3837;app_open;04/02/2026 04:37;
14906;3837;signup_completed;04/02/2026 04:38;
14907;3837;onboarding_completed;04/02/2026 04:42;
14908;3838;app_open;17/01/2026 10:25;
14909;3838;signup_completed;17/01/2026 10:26;
14910;3838;onboarding_completed;17/01/2026 10:28;
14911;3838;lesson_start;17/01/2026 10:28;101.0
14912;3838;quiz_completed;17/01/2026 10:32;101.0
14913;3839;app_open;14/01/2026 14:07;
14914;3839;signup_completed;14/01/2026 14:08;
14915;3839;onboarding_completed;14/01/2026 14:11;
14916;3839;lesson_start;14/01/2026 14:13;101.0
14917;3839;quiz_completed;14/01/2026 14:18;101.0
14918;3840;app_open;11/03/2026 22:27;
14919;3840;signup_completed;11/03/2026 22:29;
14920;3840;onboarding_completed;11/03/2026 22:31;
14921;3840;lesson_start;11/03/2026 22:32;101.0
14922;3840;quiz_completed;11/03/2026 22:40;101.0
14923;3840;streak_extended;13/03/2026 22:40;103.0
14924;3841;app_open;23/02/2026 01:32;
14925;3841;signup_completed;23/02/2026 01:34;
14926;3841;onboarding_completed;23/02/2026 01:39;
14927;3842;app_open;17/02/2026 09:51;
14928;3842;signup_completed;17/02/2026 09:53;
14929;3842;onboarding_completed;17/02/2026 09:54;
14930;3842;lesson_start;17/02/2026 09:55;101.0
14931;3842;quiz_completed;17/02/2026 10:01;101.0
14932;3842;streak_extended;18/02/2026 11:01;102.0
14933;3842;streak_extended;19/02/2026 10:01;103.0
14934;3843;app_open;18/01/2026 20:51;
14935;3843;signup_completed;18/01/2026 20:53;
14936;3843;onboarding_completed;18/01/2026 20:57;
14937;3843;lesson_start;18/01/2026 20:58;101.0
14938;3843;quiz_completed;18/01/2026 21:04;101.0
14939;3843;streak_extended;19/01/2026 22:04;102.0
14940;3843;streak_extended;20/01/2026 20:04;103.0
14941;3843;streak_extended;21/01/2026 21:04;104.0
14942;3844;app_open;28/03/2026 08:22;
14943;3844;signup_completed;28/03/2026 08:24;
14944;3845;app_open;22/02/2026 15:16;
14945;3845;signup_completed;22/02/2026 15:18;
14946;3845;onboarding_completed;22/02/2026 15:20;
14947;3846;app_open;04/03/2026 07:31;
14948;3846;signup_completed;04/03/2026 07:32;
14949;3846;onboarding_completed;04/03/2026 07:34;
14950;3846;lesson_start;04/03/2026 07:36;101.0
14951;3846;quiz_completed;04/03/2026 07:42;101.0
14952;3846;streak_extended;05/03/2026 07:42;102.0
14953;3846;streak_extended;06/03/2026 08:42;103.0
14954;3846;streak_extended;07/03/2026 08:42;104.0
14955;3846;streak_extended;09/03/2026 05:42;106.0
14956;3846;streak_extended;11/03/2026 05:42;108.0
14957;3846;streak_extended;18/03/2026 06:42;115.0
14958;3847;app_open;06/01/2026 16:51;
14959;3848;app_open;20/02/2026 20:52;
14960;3849;app_open;04/01/2026 06:48;
14961;3849;signup_completed;04/01/2026 06:50;
14962;3849;onboarding_completed;04/01/2026 06:54;
14963;3850;app_open;23/03/2026 11:10;
14964;3850;signup_completed;23/03/2026 11:11;
14965;3850;onboarding_completed;23/03/2026 11:14;
14966;3850;lesson_start;23/03/2026 11:16;101.0
14967;3851;app_open;24/03/2026 04:56;
14968;3851;signup_completed;24/03/2026 04:57;
14969;3851;onboarding_completed;24/03/2026 05:00;
14970;3851;lesson_start;24/03/2026 05:02;101.0
14971;3851;quiz_completed;24/03/2026 05:05;101.0
14972;3851;streak_extended;25/03/2026 06:05;102.0
14973;3851;streak_extended;26/03/2026 03:05;103.0
14974;3851;streak_extended;29/03/2026 03:05;106.0
14975;3852;app_open;08/01/2026 05:12;
14976;3853;app_open;21/03/2026 10:04;
14977;3853;signup_completed;21/03/2026 10:05;
14978;3853;onboarding_completed;21/03/2026 10:10;
14979;3854;app_open;06/03/2026 21:03;
14980;3854;signup_completed;06/03/2026 21:04;
14981;3855;app_open;05/01/2026 17:02;
14982;3855;signup_completed;05/01/2026 17:04;
14983;3856;app_open;16/03/2026 05:02;
14984;3856;signup_completed;16/03/2026 05:03;
14985;3856;onboarding_completed;16/03/2026 05:06;
14986;3856;lesson_start;16/03/2026 05:07;101.0
14987;3856;quiz_completed;16/03/2026 05:12;101.0
14988;3856;streak_extended;17/03/2026 06:12;102.0
14989;3856;streak_extended;23/03/2026 04:12;108.0
14990;3857;app_open;01/01/2026 14:52;
14991;3857;signup_completed;01/01/2026 14:54;
14992;3857;onboarding_completed;01/01/2026 14:57;
14993;3858;app_open;10/02/2026 00:56;
14994;3858;signup_completed;10/02/2026 00:57;
14995;3858;onboarding_completed;10/02/2026 01:01;
14996;3858;lesson_start;10/02/2026 01:02;101.0
14997;3859;app_open;14/01/2026 08:22;
14998;3859;signup_completed;14/01/2026 08:24;
14999;3860;app_open;23/03/2026 19:16;
15000;3860;signup_completed;23/03/2026 19:17;
15001;3861;app_open;03/03/2026 05:38;
15002;3861;signup_completed;03/03/2026 05:39;
15003;3861;onboarding_completed;03/03/2026 05:43;
15004;3861;lesson_start;03/03/2026 05:44;101.0
15005;3862;app_open;23/01/2026 11:16;
15006;3862;signup_completed;23/01/2026 11:17;
15007;3862;onboarding_completed;23/01/2026 11:21;
15008;3862;lesson_start;23/01/2026 11:22;101.0
15009;3862;quiz_completed;23/01/2026 11:28;101.0
15010;3862;streak_extended;25/01/2026 10:28;103.0
15011;3862;streak_extended;22/02/2026 13:28;131.0
15012;3863;app_open;07/01/2026 14:22;
15013;3864;app_open;10/03/2026 15:49;
15014;3864;signup_completed;10/03/2026 15:50;
15015;3865;app_open;15/01/2026 15:55;
15016;3865;signup_completed;15/01/2026 15:56;
15017;3865;onboarding_completed;15/01/2026 16:00;
15018;3866;app_open;01/01/2026 21:18;
15019;3866;signup_completed;01/01/2026 21:19;
15020;3866;onboarding_completed;01/01/2026 21:21;
15021;3866;lesson_start;01/01/2026 21:22;101.0
15022;3866;quiz_completed;01/01/2026 21:27;101.0
15023;3866;streak_extended;02/01/2026 23:27;102.0
15024;3867;app_open;22/01/2026 05:39;
15025;3867;signup_completed;22/01/2026 05:40;
15026;3868;app_open;19/02/2026 02:26;
15027;3868;signup_completed;19/02/2026 02:27;
15028;3868;onboarding_completed;19/02/2026 02:30;
15029;3868;lesson_start;19/02/2026 02:31;101.0
15030;3868;quiz_completed;19/02/2026 02:35;101.0
15031;3868;streak_extended;20/02/2026 00:35;102.0
15032;3868;streak_extended;05/03/2026 04:35;115.0
15033;3869;app_open;14/02/2026 06:34;
15034;3869;signup_completed;14/02/2026 06:35;
15035;3869;onboarding_completed;14/02/2026 06:38;
15036;3869;lesson_start;14/02/2026 06:38;101.0
15037;3870;app_open;06/02/2026 05:37;
15038;3870;signup_completed;06/02/2026 05:37;
15039;3870;onboarding_completed;06/02/2026 05:40;
15040;3870;lesson_start;06/02/2026 05:41;101.0
15041;3870;quiz_completed;06/02/2026 05:49;101.0
15042;3870;streak_extended;07/02/2026 03:49;102.0
15043;3870;streak_extended;09/02/2026 03:49;104.0
15044;3870;streak_extended;13/02/2026 04:49;108.0
15045;3871;app_open;06/01/2026 20:51;
15046;3871;signup_completed;06/01/2026 20:52;
15047;3872;app_open;01/03/2026 23:39;
15048;3872;signup_completed;01/03/2026 23:40;
15049;3872;onboarding_completed;01/03/2026 23:45;
15050;3873;app_open;03/03/2026 22:00;
15051;3873;signup_completed;03/03/2026 22:02;
15052;3874;app_open;06/03/2026 17:39;
15053;3874;signup_completed;06/03/2026 17:40;
15054;3874;onboarding_completed;06/03/2026 17:43;
15055;3875;app_open;01/03/2026 20:35;
15056;3875;signup_completed;01/03/2026 20:36;
15057;3875;onboarding_completed;01/03/2026 20:40;
15058;3875;lesson_start;01/03/2026 20:41;101.0
15059;3875;quiz_completed;01/03/2026 20:44;101.0
15060;3875;streak_extended;02/03/2026 19:44;102.0
15061;3875;streak_extended;04/03/2026 18:44;104.0
15062;3875;streak_extended;08/03/2026 22:44;108.0
15063;3876;app_open;30/03/2026 14:51;
15064;3876;signup_completed;30/03/2026 14:53;
15065;3876;onboarding_completed;30/03/2026 14:58;
15066;3877;app_open;16/02/2026 21:56;
15067;3877;signup_completed;16/02/2026 21:57;
15068;3878;app_open;06/03/2026 00:14;
15069;3878;signup_completed;06/03/2026 00:15;
15070;3879;app_open;17/02/2026 08:46;
15071;3879;signup_completed;17/02/2026 08:48;
15072;3879;onboarding_completed;17/02/2026 08:50;
15073;3880;app_open;02/01/2026 12:39;
15074;3880;signup_completed;02/01/2026 12:40;
15075;3880;onboarding_completed;02/01/2026 12:43;
15076;3880;lesson_start;02/01/2026 12:45;101.0
15077;3880;quiz_completed;02/01/2026 12:51;101.0
15078;3880;streak_extended;05/01/2026 12:51;104.0
15079;3881;app_open;01/01/2026 15:24;
15080;3881;signup_completed;01/01/2026 15:26;
15081;3881;onboarding_completed;01/01/2026 15:29;
15082;3881;lesson_start;01/01/2026 15:30;101.0
15083;3882;app_open;21/02/2026 16:08;
15084;3882;signup_completed;21/02/2026 16:10;
15085;3882;onboarding_completed;21/02/2026 16:11;
15086;3883;app_open;23/02/2026 13:25;
15087;3883;signup_completed;23/02/2026 13:26;
15088;3883;onboarding_completed;23/02/2026 13:28;
15089;3884;app_open;09/02/2026 22:29;
15090;3884;signup_completed;09/02/2026 22:30;
15091;3885;app_open;02/01/2026 03:36;
15092;3886;app_open;02/01/2026 14:58;
15093;3886;signup_completed;02/01/2026 14:59;
15094;3886;onboarding_completed;02/01/2026 15:04;
15095;3887;app_open;21/02/2026 09:37;
15096;3887;signup_completed;21/02/2026 09:39;
15097;3887;onboarding_completed;21/02/2026 09:42;
15098;3887;lesson_start;21/02/2026 09:44;101.0
15099;3887;quiz_completed;21/02/2026 09:49;101.0
15100;3887;streak_extended;22/02/2026 09:49;102.0
15101;3887;streak_extended;23/02/2026 08:49;103.0
15102;3887;streak_extended;24/02/2026 09:49;104.0
15103;3887;streak_extended;26/02/2026 07:49;106.0
15104;3888;app_open;12/03/2026 02:49;
15105;3888;signup_completed;12/03/2026 02:51;
15106;3888;onboarding_completed;12/03/2026 02:54;
15107;3888;lesson_start;12/03/2026 02:55;101.0
15108;3888;quiz_completed;12/03/2026 03:02;101.0
15109;3888;streak_extended;13/03/2026 01:02;102.0
15110;3888;streak_extended;14/03/2026 01:02;103.0
15111;3888;streak_extended;15/03/2026 02:02;104.0
15112;3889;app_open;27/01/2026 16:11;
15113;3889;signup_completed;27/01/2026 16:12;
15114;3890;app_open;22/02/2026 00:21;
15115;3890;signup_completed;22/02/2026 00:22;
15116;3891;app_open;28/01/2026 20:01;
15117;3891;signup_completed;28/01/2026 20:03;
15118;3891;onboarding_completed;28/01/2026 20:05;
15119;3891;lesson_start;28/01/2026 20:06;101.0
15120;3891;quiz_completed;28/01/2026 20:10;101.0
15121;3891;streak_extended;29/01/2026 18:10;102.0
15122;3891;streak_extended;31/01/2026 19:10;104.0
15123;3892;app_open;02/01/2026 15:56;
15124;3892;signup_completed;02/01/2026 15:57;
15125;3892;onboarding_completed;02/01/2026 16:02;
15126;3893;app_open;18/02/2026 18:14;
15127;3893;signup_completed;18/02/2026 18:16;
15128;3893;onboarding_completed;18/02/2026 18:18;
15129;3893;lesson_start;18/02/2026 18:20;101.0
15130;3893;quiz_completed;18/02/2026 18:23;101.0
15131;3893;streak_extended;21/02/2026 19:23;104.0
15132;3894;app_open;20/03/2026 22:47;
15133;3894;signup_completed;20/03/2026 22:48;
15134;3895;app_open;09/03/2026 18:07;
15135;3895;signup_completed;09/03/2026 18:09;
15136;3895;onboarding_completed;09/03/2026 18:13;
15137;3895;lesson_start;09/03/2026 18:15;101.0
15138;3895;quiz_completed;09/03/2026 18:20;101.0
15139;3895;streak_extended;10/03/2026 18:20;102.0
15140;3895;streak_extended;11/03/2026 16:20;103.0
15141;3895;streak_extended;12/03/2026 16:20;104.0
15142;3895;streak_extended;23/03/2026 16:20;115.0
15143;3896;app_open;07/03/2026 10:36;
15144;3896;signup_completed;07/03/2026 10:37;
15145;3897;app_open;11/02/2026 19:18;
15146;3897;signup_completed;11/02/2026 19:19;
15147;3897;onboarding_completed;11/02/2026 19:23;
15148;3898;app_open;20/03/2026 06:30;
15149;3898;signup_completed;20/03/2026 06:30;
15150;3899;app_open;30/03/2026 07:55;
15151;3899;signup_completed;30/03/2026 07:57;
15152;3899;onboarding_completed;30/03/2026 08:02;
15153;3899;lesson_start;30/03/2026 08:02;101.0
15154;3900;app_open;18/01/2026 09:43;
15155;3900;signup_completed;18/01/2026 09:44;
15156;3900;onboarding_completed;18/01/2026 09:47;
15157;3900;lesson_start;18/01/2026 09:48;101.0
15158;3900;quiz_completed;18/01/2026 09:54;101.0
15159;3900;streak_extended;19/01/2026 10:54;102.0
15160;3900;streak_extended;20/01/2026 09:54;103.0
15161;3900;streak_extended;25/01/2026 08:54;108.0
15162;3901;app_open;11/01/2026 09:21;
15163;3901;signup_completed;11/01/2026 09:23;
15164;3901;onboarding_completed;11/01/2026 09:25;
15165;3902;app_open;10/01/2026 08:25;
15166;3902;signup_completed;10/01/2026 08:26;
15167;3902;onboarding_completed;10/01/2026 08:28;
15168;3902;lesson_start;10/01/2026 08:28;101.0
15169;3902;quiz_completed;10/01/2026 08:33;101.0
15170;3902;streak_extended;11/01/2026 07:33;102.0
15171;3903;app_open;20/02/2026 21:54;
15172;3903;signup_completed;20/02/2026 21:55;
15173;3903;onboarding_completed;20/02/2026 22:00;
15174;3903;lesson_start;20/02/2026 22:02;101.0
15175;3903;quiz_completed;20/02/2026 22:07;101.0
15176;3903;streak_extended;21/02/2026 23:07;102.0
15177;3903;streak_extended;27/02/2026 20:07;108.0
15178;3904;app_open;15/01/2026 10:57;
15179;3904;signup_completed;15/01/2026 10:58;
15180;3904;onboarding_completed;15/01/2026 11:01;
15181;3904;lesson_start;15/01/2026 11:03;101.0
15182;3905;app_open;24/01/2026 09:29;
15183;3905;signup_completed;24/01/2026 09:31;
15184;3906;app_open;19/01/2026 15:14;
15185;3906;signup_completed;19/01/2026 15:14;
15186;3906;onboarding_completed;19/01/2026 15:18;
15187;3907;app_open;02/03/2026 04:11;
15188;3907;signup_completed;02/03/2026 04:13;
15189;3908;app_open;21/02/2026 02:43;
15190;3909;app_open;25/01/2026 12:10;
15191;3909;signup_completed;25/01/2026 12:11;
15192;3909;onboarding_completed;25/01/2026 12:16;
15193;3910;app_open;21/03/2026 03:35;
15194;3910;signup_completed;21/03/2026 03:35;
15195;3911;app_open;04/02/2026 09:54;
15196;3911;signup_completed;04/02/2026 09:56;
15197;3911;onboarding_completed;04/02/2026 10:00;
15198;3912;app_open;26/01/2026 22:54;
15199;3912;signup_completed;26/01/2026 22:56;
15200;3913;app_open;19/03/2026 04:20;
15201;3914;app_open;08/02/2026 12:50;
15202;3914;signup_completed;08/02/2026 12:51;
15203;3914;onboarding_completed;08/02/2026 12:53;
15204;3914;lesson_start;08/02/2026 12:54;101.0
15205;3914;quiz_completed;08/02/2026 13:01;101.0
15206;3914;streak_extended;11/02/2026 12:01;104.0
15207;3914;streak_extended;13/02/2026 13:01;106.0
15208;3915;app_open;08/01/2026 16:07;
15209;3915;signup_completed;08/01/2026 16:08;
15210;3915;onboarding_completed;08/01/2026 16:10;
15211;3915;lesson_start;08/01/2026 16:11;101.0
15212;3915;quiz_completed;08/01/2026 16:17;101.0
15213;3915;streak_extended;10/01/2026 14:17;103.0
15214;3915;streak_extended;11/01/2026 16:17;104.0
15215;3916;app_open;06/02/2026 05:16;
15216;3916;signup_completed;06/02/2026 05:17;
15217;3916;onboarding_completed;06/02/2026 05:20;
15218;3917;app_open;09/02/2026 10:06;
15219;3917;signup_completed;09/02/2026 10:07;
15220;3917;onboarding_completed;09/02/2026 10:10;
15221;3918;app_open;14/02/2026 13:32;
15222;3918;signup_completed;14/02/2026 13:33;
15223;3918;onboarding_completed;14/02/2026 13:35;
15224;3918;lesson_start;14/02/2026 13:35;101.0
15225;3918;quiz_completed;14/02/2026 13:41;101.0
15226;3918;streak_extended;16/02/2026 15:41;103.0
15227;3918;streak_extended;28/02/2026 12:41;115.0
15228;3919;app_open;24/02/2026 20:33;
15229;3919;signup_completed;24/02/2026 20:33;
15230;3919;onboarding_completed;24/02/2026 20:35;
15231;3920;app_open;24/01/2026 14:42;
15232;3921;app_open;09/03/2026 16:40;
15233;3921;signup_completed;09/03/2026 16:41;
15234;3922;app_open;22/01/2026 22:17;
15235;3922;signup_completed;22/01/2026 22:17;
15236;3923;app_open;30/01/2026 02:59;
15237;3923;signup_completed;30/01/2026 03:01;
15238;3923;onboarding_completed;30/01/2026 03:02;
15239;3923;lesson_start;30/01/2026 03:03;101.0
15240;3924;app_open;08/03/2026 09:55;
15241;3924;signup_completed;08/03/2026 09:57;
15242;3924;onboarding_completed;08/03/2026 09:59;
15243;3925;app_open;22/03/2026 09:31;
15244;3925;signup_completed;22/03/2026 09:32;
15245;3925;onboarding_completed;22/03/2026 09:36;
15246;3925;lesson_start;22/03/2026 09:38;101.0
15247;3925;quiz_completed;22/03/2026 09:45;101.0
15248;3925;streak_extended;23/03/2026 09:45;102.0
15249;3925;streak_extended;24/03/2026 08:45;103.0
15250;3925;streak_extended;25/03/2026 07:45;104.0
15251;3926;app_open;24/03/2026 07:40;
15252;3926;signup_completed;24/03/2026 07:42;
15253;3927;app_open;08/01/2026 19:51;
15254;3928;app_open;05/03/2026 11:18;
15255;3928;signup_completed;05/03/2026 11:20;
15256;3928;onboarding_completed;05/03/2026 11:21;
15257;3929;app_open;25/03/2026 07:47;
15258;3929;signup_completed;25/03/2026 07:49;
15259;3929;onboarding_completed;25/03/2026 07:54;
15260;3929;lesson_start;25/03/2026 07:55;101.0
15261;3929;quiz_completed;25/03/2026 08:02;101.0
15262;3929;streak_extended;26/03/2026 10:02;102.0
15263;3929;streak_extended;30/03/2026 08:02;106.0
15264;3930;app_open;05/03/2026 02:21;
15265;3930;signup_completed;05/03/2026 02:23;
15266;3931;app_open;15/03/2026 17:57;
15267;3931;signup_completed;15/03/2026 17:59;
15268;3931;onboarding_completed;15/03/2026 18:02;
15269;3932;app_open;04/01/2026 01:49;
15270;3932;signup_completed;04/01/2026 01:51;
15271;3933;app_open;10/01/2026 01:52;
15272;3933;signup_completed;10/01/2026 01:53;
15273;3933;onboarding_completed;10/01/2026 01:55;
15274;3933;lesson_start;10/01/2026 01:56;101.0
15275;3933;quiz_completed;10/01/2026 02:00;101.0
15276;3933;streak_extended;11/01/2026 03:00;102.0
15277;3934;app_open;09/02/2026 08:22;
15278;3934;signup_completed;09/02/2026 08:23;
15279;3934;onboarding_completed;09/02/2026 08:27;
15280;3934;lesson_start;09/02/2026 08:28;101.0
15281;3935;app_open;06/02/2026 19:44;
15282;3935;signup_completed;06/02/2026 19:46;
15283;3935;onboarding_completed;06/02/2026 19:49;
15284;3935;lesson_start;06/02/2026 19:49;101.0
15285;3936;app_open;06/02/2026 14:52;
15286;3936;signup_completed;06/02/2026 14:53;
15287;3936;onboarding_completed;06/02/2026 14:56;
15288;3936;lesson_start;06/02/2026 14:58;101.0
15289;3936;quiz_completed;06/02/2026 15:05;101.0
15290;3936;streak_extended;07/02/2026 14:05;102.0
15291;3936;streak_extended;08/02/2026 16:05;103.0
15292;3936;streak_extended;09/02/2026 13:05;104.0
15293;3937;app_open;23/02/2026 15:53;
15294;3937;signup_completed;23/02/2026 15:54;
15295;3937;onboarding_completed;23/02/2026 15:58;
15296;3938;app_open;16/02/2026 05:10;
15297;3938;signup_completed;16/02/2026 05:11;
15298;3938;onboarding_completed;16/02/2026 05:14;
15299;3938;lesson_start;16/02/2026 05:16;101.0
15300;3938;quiz_completed;16/02/2026 05:20;101.0
15301;3938;streak_extended;17/02/2026 05:20;102.0
15302;3938;streak_extended;18/02/2026 03:20;103.0
15303;3938;streak_extended;19/02/2026 06:20;104.0
15304;3938;streak_extended;21/02/2026 05:20;106.0
15305;3939;app_open;06/01/2026 10:45;
15306;3939;signup_completed;06/01/2026 10:46;
15307;3939;onboarding_completed;06/01/2026 10:49;
15308;3939;lesson_start;06/01/2026 10:50;101.0
15309;3939;quiz_completed;06/01/2026 10:57;101.0
15310;3939;streak_extended;07/01/2026 08:57;102.0
15311;3939;streak_extended;11/01/2026 09:57;106.0
15312;3940;app_open;03/03/2026 19:43;
15313;3940;signup_completed;03/03/2026 19:45;
15314;3941;app_open;01/01/2026 22:01;
15315;3941;signup_completed;01/01/2026 22:01;
15316;3941;onboarding_completed;01/01/2026 22:03;
15317;3942;app_open;10/03/2026 05:44;
15318;3942;signup_completed;10/03/2026 05:46;
15319;3942;onboarding_completed;10/03/2026 05:48;
15320;3942;lesson_start;10/03/2026 05:49;101.0
15321;3942;quiz_completed;10/03/2026 05:57;101.0
15322;3942;streak_extended;09/04/2026 06:57;131.0
15323;3943;app_open;17/01/2026 15:21;
15324;3943;signup_completed;17/01/2026 15:21;
15325;3944;app_open;09/01/2026 00:40;
15326;3945;app_open;18/02/2026 12:45;
15327;3945;signup_completed;18/02/2026 12:46;
15328;3945;onboarding_completed;18/02/2026 12:49;
15329;3945;lesson_start;18/02/2026 12:50;101.0
15330;3945;quiz_completed;18/02/2026 12:55;101.0
15331;3945;streak_extended;19/02/2026 11:55;102.0
15332;3946;app_open;24/03/2026 01:45;
15333;3946;signup_completed;24/03/2026 01:46;
15334;3946;onboarding_completed;24/03/2026 01:51;
15335;3947;app_open;12/02/2026 03:04;
15336;3947;signup_completed;12/02/2026 03:05;
15337;3948;app_open;04/03/2026 14:44;
15338;3948;signup_completed;04/03/2026 14:45;
15339;3948;onboarding_completed;04/03/2026 14:49;
15340;3948;lesson_start;04/03/2026 14:50;101.0
15341;3949;app_open;18/03/2026 03:43;
15342;3949;signup_completed;18/03/2026 03:45;
15343;3949;onboarding_completed;18/03/2026 03:48;
15344;3949;lesson_start;18/03/2026 03:48;101.0
15345;3949;quiz_completed;18/03/2026 03:56;101.0
15346;3949;streak_extended;19/03/2026 04:56;102.0
15347;3949;streak_extended;20/03/2026 04:56;103.0
15348;3949;streak_extended;17/04/2026 04:56;131.0
15349;3950;app_open;02/02/2026 03:54;
15350;3950;signup_completed;02/02/2026 03:55;
15351;3950;onboarding_completed;02/02/2026 03:59;
15352;3951;app_open;24/02/2026 22:32;
15353;3951;signup_completed;24/02/2026 22:33;
15354;3952;app_open;25/03/2026 07:11;
15355;3952;signup_completed;25/03/2026 07:12;
15356;3952;onboarding_completed;25/03/2026 07:16;
15357;3953;app_open;10/01/2026 06:12;
15358;3953;signup_completed;10/01/2026 06:14;
15359;3953;onboarding_completed;10/01/2026 06:17;
15360;3953;lesson_start;10/01/2026 06:18;101.0
15361;3954;app_open;28/03/2026 21:00;
15362;3954;signup_completed;28/03/2026 21:01;
15363;3954;onboarding_completed;28/03/2026 21:05;
15364;3955;app_open;21/02/2026 06:42;
15365;3955;signup_completed;21/02/2026 06:42;
15366;3956;app_open;05/01/2026 03:09;
15367;3957;app_open;23/01/2026 07:23;
15368;3957;signup_completed;23/01/2026 07:24;
15369;3957;onboarding_completed;23/01/2026 07:29;
15370;3957;lesson_start;23/01/2026 07:30;101.0
15371;3957;quiz_completed;23/01/2026 07:33;101.0
15372;3957;streak_extended;25/01/2026 08:33;103.0
15373;3957;streak_extended;26/01/2026 07:33;104.0
15374;3957;streak_extended;06/02/2026 06:33;115.0
15375;3958;app_open;21/01/2026 12:38;
15376;3959;app_open;29/03/2026 12:07;
15377;3959;signup_completed;29/03/2026 12:08;
15378;3959;onboarding_completed;29/03/2026 12:12;
15379;3959;lesson_start;29/03/2026 12:13;101.0
15380;3959;quiz_completed;29/03/2026 12:21;101.0
15381;3959;streak_extended;05/04/2026 12:21;108.0
15382;3959;streak_extended;28/04/2026 13:21;131.0
15383;3960;app_open;26/03/2026 06:51;
15384;3960;signup_completed;26/03/2026 06:53;
15385;3960;onboarding_completed;26/03/2026 06:54;
15386;3960;lesson_start;26/03/2026 06:56;101.0
15387;3960;quiz_completed;26/03/2026 07:03;101.0
15388;3960;streak_extended;31/03/2026 09:03;106.0
15389;3960;streak_extended;02/04/2026 08:03;108.0
15390;3961;app_open;09/03/2026 05:08;
15391;3962;app_open;28/03/2026 04:09;
15392;3962;signup_completed;28/03/2026 04:10;
15393;3963;app_open;25/02/2026 00:42;
15394;3963;signup_completed;25/02/2026 00:43;
15395;3964;app_open;16/02/2026 03:59;
15396;3964;signup_completed;16/02/2026 04:01;
15397;3964;onboarding_completed;16/02/2026 04:05;
15398;3965;app_open;27/01/2026 07:41;
15399;3966;app_open;05/01/2026 12:29;
15400;3966;signup_completed;05/01/2026 12:31;
15401;3966;onboarding_completed;05/01/2026 12:35;
15402;3966;lesson_start;05/01/2026 12:36;101.0
15403;3966;quiz_completed;05/01/2026 12:43;101.0
15404;3966;streak_extended;06/01/2026 13:43;102.0
15405;3966;streak_extended;12/01/2026 14:43;108.0
15406;3967;app_open;08/01/2026 05:14;
15407;3967;signup_completed;08/01/2026 05:15;
15408;3967;onboarding_completed;08/01/2026 05:18;
15409;3967;lesson_start;08/01/2026 05:19;101.0
15410;3967;quiz_completed;08/01/2026 05:27;101.0
15411;3967;streak_extended;09/01/2026 07:27;102.0
15412;3967;streak_extended;13/01/2026 06:27;106.0
15413;3968;app_open;08/03/2026 10:50;
15414;3968;signup_completed;08/03/2026 10:51;
15415;3969;app_open;28/01/2026 05:18;
15416;3969;signup_completed;28/01/2026 05:19;
15417;3969;onboarding_completed;28/01/2026 05:20;
15418;3969;lesson_start;28/01/2026 05:22;101.0
15419;3969;quiz_completed;28/01/2026 05:27;101.0
15420;3969;streak_extended;29/01/2026 03:27;102.0
15421;3969;streak_extended;30/01/2026 04:27;103.0
15422;3970;app_open;29/03/2026 07:32;
15423;3970;signup_completed;29/03/2026 07:34;
15424;3970;onboarding_completed;29/03/2026 07:35;
15425;3970;lesson_start;29/03/2026 07:37;101.0
15426;3970;quiz_completed;29/03/2026 07:44;101.0
15427;3970;streak_extended;30/03/2026 08:44;102.0
15428;3970;streak_extended;03/04/2026 08:44;106.0
15429;3970;streak_extended;12/04/2026 09:44;115.0
15430;3971;app_open;22/02/2026 17:21;
15431;3971;signup_completed;22/02/2026 17:22;
15432;3971;onboarding_completed;22/02/2026 17:26;
15433;3972;app_open;24/02/2026 17:04;
15434;3972;signup_completed;24/02/2026 17:06;
15435;3973;app_open;05/03/2026 21:30;
15436;3973;signup_completed;05/03/2026 21:32;
15437;3973;onboarding_completed;05/03/2026 21:35;
15438;3973;lesson_start;05/03/2026 21:35;101.0
15439;3973;quiz_completed;05/03/2026 21:41;101.0
15440;3973;streak_extended;06/03/2026 20:41;102.0
15441;3973;streak_extended;12/03/2026 20:41;108.0
15442;3973;streak_extended;19/03/2026 23:41;115.0
15443;3974;app_open;04/01/2026 04:40;
15444;3974;signup_completed;04/01/2026 04:41;
15445;3975;app_open;18/01/2026 09:55;
15446;3975;signup_completed;18/01/2026 09:56;
15447;3975;onboarding_completed;18/01/2026 09:59;
15448;3975;lesson_start;18/01/2026 10:01;101.0
15449;3976;app_open;24/03/2026 13:38;
15450;3976;signup_completed;24/03/2026 13:40;
15451;3976;onboarding_completed;24/03/2026 13:42;
15452;3976;lesson_start;24/03/2026 13:43;101.0
15453;3976;quiz_completed;24/03/2026 13:47;101.0
15454;3976;streak_extended;25/03/2026 13:47;102.0
15455;3976;streak_extended;26/03/2026 15:47;103.0
15456;3976;streak_extended;27/03/2026 14:47;104.0
15457;3976;streak_extended;31/03/2026 12:47;108.0
15458;3977;app_open;31/01/2026 12:48;
15459;3977;signup_completed;31/01/2026 12:49;
15460;3977;onboarding_completed;31/01/2026 12:52;
15461;3977;lesson_start;31/01/2026 12:53;101.0
15462;3977;quiz_completed;31/01/2026 13:01;101.0
15463;3977;streak_extended;01/02/2026 11:01;102.0
15464;3977;streak_extended;02/02/2026 15:01;103.0
15465;3977;streak_extended;03/02/2026 15:01;104.0
15466;3978;app_open;02/01/2026 12:29;
15467;3978;signup_completed;02/01/2026 12:30;
15468;3978;onboarding_completed;02/01/2026 12:32;
15469;3979;app_open;21/01/2026 02:42;
15470;3980;app_open;26/02/2026 23:53;
15471;3981;app_open;14/01/2026 23:59;
15472;3981;signup_completed;15/01/2026 00:00;
15473;3982;app_open;15/03/2026 00:52;
15474;3982;signup_completed;15/03/2026 00:54;
15475;3982;onboarding_completed;15/03/2026 00:57;
15476;3982;lesson_start;15/03/2026 00:58;101.0
15477;3982;quiz_completed;15/03/2026 01:04;101.0
15478;3982;streak_extended;16/03/2026 01:04;102.0
15479;3983;app_open;21/03/2026 16:20;
15480;3983;signup_completed;21/03/2026 16:22;
15481;3983;onboarding_completed;21/03/2026 16:24;
15482;3983;lesson_start;21/03/2026 16:26;101.0
15483;3984;app_open;11/03/2026 04:44;
15484;3984;signup_completed;11/03/2026 04:45;
15485;3985;app_open;21/03/2026 16:50;
15486;3985;signup_completed;21/03/2026 16:52;
15487;3985;onboarding_completed;21/03/2026 16:56;
15488;3985;lesson_start;21/03/2026 16:56;101.0
15489;3986;app_open;08/02/2026 16:05;
15490;3986;signup_completed;08/02/2026 16:07;
15491;3986;onboarding_completed;08/02/2026 16:11;
15492;3986;lesson_start;08/02/2026 16:12;101.0
15493;3986;quiz_completed;08/02/2026 16:20;101.0
15494;3986;streak_extended;10/02/2026 15:20;103.0
15495;3986;streak_extended;13/02/2026 14:20;106.0
15496;3987;app_open;08/01/2026 11:16;
15497;3987;signup_completed;08/01/2026 11:17;
15498;3988;app_open;30/01/2026 01:21;
15499;3988;signup_completed;30/01/2026 01:22;
15500;3988;onboarding_completed;30/01/2026 01:25;
15501;3988;lesson_start;30/01/2026 01:27;101.0
15502;3988;quiz_completed;30/01/2026 01:33;101.0
15503;3988;streak_extended;31/01/2026 00:33;102.0
15504;3988;streak_extended;02/02/2026 02:33;104.0
15505;3988;streak_extended;01/03/2026 01:33;131.0
15506;3989;app_open;16/01/2026 18:32;
15507;3989;signup_completed;16/01/2026 18:32;
15508;3989;onboarding_completed;16/01/2026 18:35;
15509;3989;lesson_start;16/01/2026 18:37;101.0
15510;3990;app_open;24/02/2026 18:07;
15511;3990;signup_completed;24/02/2026 18:07;
15512;3990;onboarding_completed;24/02/2026 18:10;
15513;3990;lesson_start;24/02/2026 18:12;101.0
15514;3991;app_open;24/01/2026 08:20;
15515;3991;signup_completed;24/01/2026 08:20;
15516;3991;onboarding_completed;24/01/2026 08:22;
15517;3992;app_open;25/02/2026 00:29;
15518;3992;signup_completed;25/02/2026 00:31;
15519;3992;onboarding_completed;25/02/2026 00:33;
15520;3993;app_open;23/03/2026 00:52;
15521;3993;signup_completed;23/03/2026 00:54;
15522;3993;onboarding_completed;23/03/2026 00:56;
15523;3994;app_open;24/03/2026 11:20;
15524;3995;app_open;07/02/2026 18:48;
15525;3995;signup_completed;07/02/2026 18:49;
15526;3995;onboarding_completed;07/02/2026 18:53;
15527;3996;app_open;07/03/2026 17:36;
15528;3996;signup_completed;07/03/2026 17:37;
15529;3997;app_open;29/03/2026 01:03;
15530;3997;signup_completed;29/03/2026 01:04;
15531;3997;onboarding_completed;29/03/2026 01:09;
15532;3998;app_open;22/02/2026 11:36;
15533;3999;app_open;02/02/2026 04:59;
15534;3999;signup_completed;02/02/2026 05:00;
15535;3999;onboarding_completed;02/02/2026 05:03;
15536;3999;lesson_start;02/02/2026 05:04;101.0
15537;3999;quiz_completed;02/02/2026 05:07;101.0
15538;3999;streak_extended;05/02/2026 03:07;104.0
15539;3999;streak_extended;07/02/2026 03:07;106.0
15540;3999;streak_extended;09/02/2026 06:07;108.0
15541;4000;app_open;07/02/2026 06:25;
15542;4000;signup_completed;07/02/2026 06:27;
15543;4001;app_open;15/03/2026 08:41;
15544;4001;signup_completed;15/03/2026 08:43;
15545;4001;onboarding_completed;15/03/2026 08:46;
15546;4001;lesson_start;15/03/2026 08:47;101.0
15547;4001;quiz_completed;15/03/2026 08:54;101.0
15548;4001;streak_extended;16/03/2026 07:54;102.0
15549;4001;streak_extended;20/03/2026 06:54;106.0
15550;4002;app_open;13/03/2026 19:43;
15551;4002;signup_completed;13/03/2026 19:45;
15552;4002;onboarding_completed;13/03/2026 19:48;
15553;4002;lesson_start;13/03/2026 19:48;101.0
15554;4003;app_open;14/01/2026 14:06;
15555;4003;signup_completed;14/01/2026 14:07;
15556;4003;onboarding_completed;14/01/2026 14:12;
15557;4004;app_open;18/03/2026 17:59;
15558;4004;signup_completed;18/03/2026 18:00;
15559;4004;onboarding_completed;18/03/2026 18:03;
15560;4004;lesson_start;18/03/2026 18:04;101.0
15561;4005;app_open;08/03/2026 22:12;
15562;4005;signup_completed;08/03/2026 22:14;
15563;4006;app_open;12/03/2026 07:25;
15564;4006;signup_completed;12/03/2026 07:26;
15565;4006;onboarding_completed;12/03/2026 07:30;
15566;4007;app_open;08/01/2026 14:44;
15567;4007;signup_completed;08/01/2026 14:45;
15568;4008;app_open;18/02/2026 14:55;
15569;4008;signup_completed;18/02/2026 14:56;
15570;4009;app_open;14/03/2026 09:02;
15571;4009;signup_completed;14/03/2026 09:03;
15572;4010;app_open;03/02/2026 13:54;
15573;4010;signup_completed;03/02/2026 13:55;
15574;4010;onboarding_completed;03/02/2026 13:58;
15575;4010;lesson_start;03/02/2026 13:59;101.0
15576;4010;quiz_completed;03/02/2026 14:07;101.0
15577;4010;streak_extended;06/02/2026 13:07;104.0
15578;4011;app_open;06/01/2026 05:07;
15579;4011;signup_completed;06/01/2026 05:09;
15580;4011;onboarding_completed;06/01/2026 05:10;
15581;4011;lesson_start;06/01/2026 05:10;101.0
15582;4012;app_open;10/01/2026 11:37;
15583;4012;signup_completed;10/01/2026 11:38;
15584;4013;app_open;12/02/2026 10:29;
15585;4013;signup_completed;12/02/2026 10:29;
15586;4014;app_open;23/01/2026 12:56;
15587;4014;signup_completed;23/01/2026 12:57;
15588;4014;onboarding_completed;23/01/2026 13:00;
15589;4014;lesson_start;23/01/2026 13:02;101.0
15590;4014;quiz_completed;23/01/2026 13:07;101.0
15591;4014;streak_extended;24/01/2026 13:07;102.0
15592;4014;streak_extended;26/01/2026 11:07;104.0
15593;4014;streak_extended;28/01/2026 15:07;106.0
15594;4015;app_open;23/03/2026 10:15;
15595;4016;app_open;08/01/2026 09:08;
15596;4016;signup_completed;08/01/2026 09:09;
15597;4016;onboarding_completed;08/01/2026 09:10;
15598;4017;app_open;03/02/2026 01:38;
15599;4017;signup_completed;03/02/2026 01:40;
15600;4017;onboarding_completed;03/02/2026 01:41;
15601;4017;lesson_start;03/02/2026 01:43;101.0
15602;4017;quiz_completed;03/02/2026 01:47;101.0
15603;4017;streak_extended;08/02/2026 02:47;106.0
15604;4018;app_open;28/02/2026 18:08;
15605;4018;signup_completed;28/02/2026 18:10;
15606;4018;onboarding_completed;28/02/2026 18:12;
15607;4019;app_open;16/03/2026 15:54;
15608;4019;signup_completed;16/03/2026 15:55;
15609;4020;app_open;01/03/2026 14:24;
15610;4021;app_open;27/02/2026 19:52;
15611;4021;signup_completed;27/02/2026 19:53;
15612;4021;onboarding_completed;27/02/2026 19:57;
15613;4022;app_open;08/02/2026 12:23;
15614;4023;app_open;17/03/2026 02:30;
15615;4023;signup_completed;17/03/2026 02:31;
15616;4023;onboarding_completed;17/03/2026 02:33;
15617;4024;app_open;01/02/2026 16:30;
15618;4024;signup_completed;01/02/2026 16:32;
15619;4025;app_open;03/01/2026 21:01;
15620;4025;signup_completed;03/01/2026 21:03;
15621;4025;onboarding_completed;03/01/2026 21:06;
15622;4026;app_open;03/03/2026 13:36;
15623;4026;signup_completed;03/03/2026 13:38;
15624;4026;onboarding_completed;03/03/2026 13:42;
15625;4027;app_open;27/01/2026 12:53;
15626;4027;signup_completed;27/01/2026 12:54;
15627;4027;onboarding_completed;27/01/2026 12:58;
15628;4028;app_open;18/03/2026 01:47;
15629;4028;signup_completed;18/03/2026 01:48;
15630;4028;onboarding_completed;18/03/2026 01:52;
15631;4029;app_open;13/02/2026 17:51;
15632;4029;signup_completed;13/02/2026 17:52;
15633;4029;onboarding_completed;13/02/2026 17:55;
15634;4029;lesson_start;13/02/2026 17:55;101.0
15635;4030;app_open;17/02/2026 15:11;
15636;4030;signup_completed;17/02/2026 15:13;
15637;4030;onboarding_completed;17/02/2026 15:14;
15638;4031;app_open;23/01/2026 03:36;
15639;4031;signup_completed;23/01/2026 03:36;
15640;4032;app_open;04/02/2026 13:06;
15641;4032;signup_completed;04/02/2026 13:06;
15642;4033;app_open;23/02/2026 16:40;
15643;4033;signup_completed;23/02/2026 16:41;
15644;4034;app_open;06/02/2026 10:48;
15645;4034;signup_completed;06/02/2026 10:49;
15646;4034;onboarding_completed;06/02/2026 10:53;
15647;4035;app_open;11/02/2026 22:16;
15648;4035;signup_completed;11/02/2026 22:17;
15649;4035;onboarding_completed;11/02/2026 22:19;
15650;4035;lesson_start;11/02/2026 22:20;101.0
15651;4035;quiz_completed;11/02/2026 22:23;101.0
15652;4035;streak_extended;26/02/2026 00:23;115.0
15653;4036;app_open;19/01/2026 00:48;
15654;4036;signup_completed;19/01/2026 00:48;
15655;4036;onboarding_completed;19/01/2026 00:53;
15656;4037;app_open;07/03/2026 23:48;
15657;4038;app_open;26/02/2026 21:11;
15658;4038;signup_completed;26/02/2026 21:12;
15659;4038;onboarding_completed;26/02/2026 21:15;
15660;4038;lesson_start;26/02/2026 21:17;101.0
15661;4038;quiz_completed;26/02/2026 21:24;101.0
15662;4039;app_open;06/03/2026 03:28;
15663;4039;signup_completed;06/03/2026 03:29;
15664;4039;onboarding_completed;06/03/2026 03:34;
15665;4039;lesson_start;06/03/2026 03:36;101.0
15666;4039;quiz_completed;06/03/2026 03:40;101.0
15667;4039;streak_extended;07/03/2026 02:40;102.0
15668;4039;streak_extended;20/03/2026 03:40;115.0
15669;4040;app_open;06/02/2026 21:38;
15670;4040;signup_completed;06/02/2026 21:39;
15671;4040;onboarding_completed;06/02/2026 21:41;
15672;4040;lesson_start;06/02/2026 21:42;101.0
15673;4040;quiz_completed;06/02/2026 21:50;101.0
15674;4040;streak_extended;09/02/2026 21:50;104.0
15675;4041;app_open;09/01/2026 07:40;
15676;4041;signup_completed;09/01/2026 07:42;
15677;4041;onboarding_completed;09/01/2026 07:45;
15678;4041;lesson_start;09/01/2026 07:46;101.0
15679;4041;quiz_completed;09/01/2026 07:50;101.0
15680;4041;streak_extended;11/01/2026 07:50;103.0
15681;4042;app_open;16/03/2026 23:16;
15682;4042;signup_completed;16/03/2026 23:18;
15683;4042;onboarding_completed;16/03/2026 23:22;
15684;4042;lesson_start;16/03/2026 23:23;101.0
15685;4043;app_open;02/03/2026 01:28;
15686;4043;signup_completed;02/03/2026 01:29;
15687;4043;onboarding_completed;02/03/2026 01:34;
15688;4044;app_open;29/01/2026 16:17;
15689;4044;signup_completed;29/01/2026 16:18;
15690;4044;onboarding_completed;29/01/2026 16:20;
15691;4045;app_open;19/03/2026 11:36;
15692;4045;signup_completed;19/03/2026 11:37;
15693;4045;onboarding_completed;19/03/2026 11:39;
15694;4045;lesson_start;19/03/2026 11:39;101.0
15695;4046;app_open;24/01/2026 22:16;
15696;4046;signup_completed;24/01/2026 22:16;
15697;4046;onboarding_completed;24/01/2026 22:19;
15698;4046;lesson_start;24/01/2026 22:20;101.0
15699;4046;quiz_completed;24/01/2026 22:27;101.0
15700;4046;streak_extended;28/01/2026 00:27;104.0
15701;4047;app_open;11/03/2026 05:39;
15702;4047;signup_completed;11/03/2026 05:41;
15703;4047;onboarding_completed;11/03/2026 05:43;
15704;4048;app_open;08/01/2026 03:16;
15705;4048;signup_completed;08/01/2026 03:17;
15706;4048;onboarding_completed;08/01/2026 03:20;
15707;4049;app_open;08/01/2026 23:09;
15708;4049;signup_completed;08/01/2026 23:10;
15709;4049;onboarding_completed;08/01/2026 23:15;
15710;4049;lesson_start;08/01/2026 23:16;101.0
15711;4049;quiz_completed;08/01/2026 23:21;101.0
15712;4049;streak_extended;09/01/2026 23:21;102.0
15713;4050;app_open;27/01/2026 00:25;
15714;4050;signup_completed;27/01/2026 00:25;
15715;4050;onboarding_completed;27/01/2026 00:29;
15716;4050;lesson_start;27/01/2026 00:30;101.0
15717;4050;quiz_completed;27/01/2026 00:37;101.0
15718;4050;streak_extended;28/01/2026 00:37;102.0
15719;4050;streak_extended;28/01/2026 23:37;103.0
15720;4050;streak_extended;29/01/2026 22:37;104.0
15721;4051;app_open;15/01/2026 23:21;
15722;4051;signup_completed;15/01/2026 23:22;
15723;4051;onboarding_completed;15/01/2026 23:23;
15724;4052;app_open;06/02/2026 21:27;
15725;4053;app_open;11/03/2026 02:19;
15726;4054;app_open;18/03/2026 02:35;
15727;4054;signup_completed;18/03/2026 02:37;
15728;4054;onboarding_completed;18/03/2026 02:40;
15729;4054;lesson_start;18/03/2026 02:40;101.0
15730;4055;app_open;03/03/2026 13:05;
15731;4055;signup_completed;03/03/2026 13:06;
15732;4055;onboarding_completed;03/03/2026 13:08;
15733;4055;lesson_start;03/03/2026 13:09;101.0
15734;4056;app_open;15/01/2026 23:29;
15735;4056;signup_completed;15/01/2026 23:30;
15736;4056;onboarding_completed;15/01/2026 23:32;
15737;4057;app_open;13/03/2026 19:31;
15738;4057;signup_completed;13/03/2026 19:32;
15739;4058;app_open;07/02/2026 19:53;
15740;4058;signup_completed;07/02/2026 19:54;
15741;4059;app_open;31/01/2026 17:54;
15742;4059;signup_completed;31/01/2026 17:56;
15743;4060;app_open;05/02/2026 00:29;
15744;4060;signup_completed;05/02/2026 00:30;
15745;4060;onboarding_completed;05/02/2026 00:33;
15746;4061;app_open;11/01/2026 08:16;
15747;4061;signup_completed;11/01/2026 08:17;
15748;4061;onboarding_completed;11/01/2026 08:22;
15749;4062;app_open;09/01/2026 21:15;
15750;4062;signup_completed;09/01/2026 21:16;
15751;4062;onboarding_completed;09/01/2026 21:18;
15752;4062;lesson_start;09/01/2026 21:19;101.0
15753;4062;quiz_completed;09/01/2026 21:22;101.0
15754;4062;streak_extended;10/01/2026 23:22;102.0
15755;4062;streak_extended;11/01/2026 23:22;103.0
15756;4062;streak_extended;23/01/2026 19:22;115.0
15757;4063;app_open;01/01/2026 12:06;
15758;4063;signup_completed;01/01/2026 12:07;
15759;4063;onboarding_completed;01/01/2026 12:12;
15760;4063;lesson_start;01/01/2026 12:13;101.0
15761;4064;app_open;30/01/2026 22:18;
15762;4064;signup_completed;30/01/2026 22:19;
15763;4064;onboarding_completed;30/01/2026 22:23;
15764;4064;lesson_start;30/01/2026 22:23;101.0
15765;4065;app_open;13/02/2026 04:18;
15766;4065;signup_completed;13/02/2026 04:19;
15767;4066;app_open;04/02/2026 22:40;
15768;4066;signup_completed;04/02/2026 22:41;
15769;4066;onboarding_completed;04/02/2026 22:44;
15770;4067;app_open;15/03/2026 22:03;
15771;4067;signup_completed;15/03/2026 22:05;
15772;4067;onboarding_completed;15/03/2026 22:09;
15773;4068;app_open;27/01/2026 04:36;
15774;4069;app_open;10/01/2026 22:12;
15775;4069;signup_completed;10/01/2026 22:14;
15776;4070;app_open;13/01/2026 20:45;
15777;4070;signup_completed;13/01/2026 20:47;
15778;4070;onboarding_completed;13/01/2026 20:49;
15779;4070;lesson_start;13/01/2026 20:49;101.0
15780;4070;quiz_completed;13/01/2026 20:54;101.0
15781;4070;streak_extended;14/01/2026 18:54;102.0
15782;4070;streak_extended;15/01/2026 19:54;103.0
15783;4071;app_open;09/01/2026 11:25;
15784;4071;signup_completed;09/01/2026 11:25;
15785;4071;onboarding_completed;09/01/2026 11:26;
15786;4072;app_open;19/01/2026 04:39;
15787;4072;signup_completed;19/01/2026 04:40;
15788;4072;onboarding_completed;19/01/2026 04:43;
15789;4072;lesson_start;19/01/2026 04:45;101.0
15790;4073;app_open;11/02/2026 20:15;
15791;4073;signup_completed;11/02/2026 20:16;
15792;4073;onboarding_completed;11/02/2026 20:20;
15793;4073;lesson_start;11/02/2026 20:21;101.0
15794;4073;quiz_completed;11/02/2026 20:27;101.0
15795;4073;streak_extended;14/02/2026 20:27;104.0
15796;4074;app_open;13/02/2026 13:52;
15797;4074;signup_completed;13/02/2026 13:54;
15798;4074;onboarding_completed;13/02/2026 13:57;
15799;4074;lesson_start;13/02/2026 13:58;101.0
15800;4074;quiz_completed;13/02/2026 14:04;101.0
15801;4074;streak_extended;14/02/2026 13:04;102.0
15802;4074;streak_extended;20/02/2026 15:04;108.0
15803;4075;app_open;24/02/2026 01:52;
15804;4075;signup_completed;24/02/2026 01:53;
15805;4076;app_open;23/02/2026 20:38;
15806;4076;signup_completed;23/02/2026 20:39;
15807;4076;onboarding_completed;23/02/2026 20:42;
15808;4076;lesson_start;23/02/2026 20:44;101.0
15809;4076;quiz_completed;23/02/2026 20:47;101.0
15810;4077;app_open;19/02/2026 18:04;
15811;4077;signup_completed;19/02/2026 18:06;
15812;4077;onboarding_completed;19/02/2026 18:11;
15813;4078;app_open;09/02/2026 14:48;
15814;4078;signup_completed;09/02/2026 14:50;
15815;4078;onboarding_completed;09/02/2026 14:54;
15816;4078;lesson_start;09/02/2026 14:56;101.0
15817;4078;quiz_completed;09/02/2026 15:00;101.0
15818;4078;streak_extended;11/02/2026 16:00;103.0
15819;4078;streak_extended;16/02/2026 15:00;108.0
15820;4078;streak_extended;23/02/2026 14:00;115.0
15821;4079;app_open;11/01/2026 00:41;
15822;4079;signup_completed;11/01/2026 00:43;
15823;4080;app_open;03/01/2026 13:11;
15824;4080;signup_completed;03/01/2026 13:13;
15825;4081;app_open;09/01/2026 16:49;
15826;4081;signup_completed;09/01/2026 16:51;
15827;4081;onboarding_completed;09/01/2026 16:54;
15828;4082;app_open;04/02/2026 08:40;
15829;4082;signup_completed;04/02/2026 08:41;
15830;4083;app_open;23/02/2026 19:25;
15831;4083;signup_completed;23/02/2026 19:27;
15832;4083;onboarding_completed;23/02/2026 19:28;
15833;4083;lesson_start;23/02/2026 19:30;101.0
15834;4083;quiz_completed;23/02/2026 19:34;101.0
15835;4083;streak_extended;24/02/2026 21:34;102.0
15836;4083;streak_extended;26/02/2026 17:34;104.0
15837;4083;streak_extended;28/02/2026 18:34;106.0
15838;4084;app_open;10/01/2026 00:51;
15839;4084;signup_completed;10/01/2026 00:52;
15840;4084;onboarding_completed;10/01/2026 00:53;
15841;4084;lesson_start;10/01/2026 00:54;101.0
15842;4084;quiz_completed;10/01/2026 01:00;101.0
15843;4085;app_open;27/02/2026 22:56;
15844;4085;signup_completed;27/02/2026 22:57;
15845;4085;onboarding_completed;27/02/2026 23:02;
15846;4086;app_open;28/02/2026 01:32;
15847;4086;signup_completed;28/02/2026 01:34;
15848;4086;onboarding_completed;28/02/2026 01:37;
15849;4087;app_open;18/03/2026 03:52;
15850;4088;app_open;01/02/2026 11:58;
15851;4089;app_open;25/03/2026 20:36;
15852;4089;signup_completed;25/03/2026 20:38;
15853;4089;onboarding_completed;25/03/2026 20:41;
15854;4090;app_open;07/02/2026 09:40;
15855;4090;signup_completed;07/02/2026 09:41;
15856;4090;onboarding_completed;07/02/2026 09:46;
15857;4091;app_open;02/01/2026 04:45;
15858;4092;app_open;29/01/2026 08:03;
15859;4092;signup_completed;29/01/2026 08:04;
15860;4092;onboarding_completed;29/01/2026 08:06;
15861;4093;app_open;10/02/2026 04:14;
15862;4094;app_open;07/02/2026 15:38;
15863;4094;signup_completed;07/02/2026 15:39;
15864;4095;app_open;17/03/2026 15:35;
15865;4095;signup_completed;17/03/2026 15:36;
15866;4095;onboarding_completed;17/03/2026 15:37;
15867;4095;lesson_start;17/03/2026 15:38;101.0
15868;4095;quiz_completed;17/03/2026 15:43;101.0
15869;4095;streak_extended;19/03/2026 13:43;103.0
15870;4095;streak_extended;20/03/2026 13:43;104.0
15871;4096;app_open;09/01/2026 05:21;
15872;4096;signup_completed;09/01/2026 05:23;
15873;4096;onboarding_completed;09/01/2026 05:25;
15874;4096;lesson_start;09/01/2026 05:26;101.0
15875;4096;quiz_completed;09/01/2026 05:34;101.0
15876;4096;streak_extended;11/01/2026 03:34;103.0
15877;4097;app_open;12/03/2026 09:00;
15878;4097;signup_completed;12/03/2026 09:01;
15879;4097;onboarding_completed;12/03/2026 09:03;
15880;4098;app_open;29/03/2026 11:47;
15881;4099;app_open;24/02/2026 07:48;
15882;4100;app_open;29/03/2026 21:17;
15883;4100;signup_completed;29/03/2026 21:19;
15884;4100;onboarding_completed;29/03/2026 21:23;
15885;4101;app_open;24/01/2026 13:37;
15886;4101;signup_completed;24/01/2026 13:39;
15887;4101;onboarding_completed;24/01/2026 13:41;
15888;4101;lesson_start;24/01/2026 13:42;101.0
15889;4101;quiz_completed;24/01/2026 13:45;101.0
15890;4101;streak_extended;26/01/2026 12:45;103.0
15891;4101;streak_extended;29/01/2026 11:45;106.0
15892;4102;app_open;25/02/2026 12:45;
15893;4103;app_open;20/02/2026 14:15;
15894;4103;signup_completed;20/02/2026 14:17;
15895;4103;onboarding_completed;20/02/2026 14:19;
15896;4103;lesson_start;20/02/2026 14:21;101.0
15897;4103;quiz_completed;20/02/2026 14:26;101.0
15898;4103;streak_extended;21/02/2026 14:26;102.0
15899;4104;app_open;17/01/2026 11:09;
15900;4104;signup_completed;17/01/2026 11:10;
15901;4104;onboarding_completed;17/01/2026 11:13;
15902;4104;lesson_start;17/01/2026 11:14;101.0
15903;4105;app_open;08/03/2026 12:54;
15904;4105;signup_completed;08/03/2026 12:55;
15905;4106;app_open;06/02/2026 23:10;
15906;4106;signup_completed;06/02/2026 23:10;
15907;4106;onboarding_completed;06/02/2026 23:13;
15908;4107;app_open;17/01/2026 10:58;
15909;4107;signup_completed;17/01/2026 10:59;
15910;4107;onboarding_completed;17/01/2026 11:00;
15911;4107;lesson_start;17/01/2026 11:00;101.0
15912;4107;quiz_completed;17/01/2026 11:04;101.0
15913;4107;streak_extended;20/01/2026 13:04;104.0
15914;4108;app_open;14/01/2026 11:31;
15915;4108;signup_completed;14/01/2026 11:32;
15916;4109;app_open;27/01/2026 02:37;
15917;4109;signup_completed;27/01/2026 02:38;
15918;4109;onboarding_completed;27/01/2026 02:40;
15919;4109;lesson_start;27/01/2026 02:40;101.0
15920;4109;quiz_completed;27/01/2026 02:45;101.0
15921;4109;streak_extended;29/01/2026 03:45;103.0
15922;4109;streak_extended;03/02/2026 01:45;108.0
15923;4109;streak_extended;26/02/2026 03:45;131.0
15924;4110;app_open;30/01/2026 05:41;
15925;4111;app_open;27/01/2026 01:25;
15926;4111;signup_completed;27/01/2026 01:26;
15927;4111;onboarding_completed;27/01/2026 01:28;
15928;4111;lesson_start;27/01/2026 01:28;101.0
15929;4111;quiz_completed;27/01/2026 01:33;101.0
15930;4111;streak_extended;28/01/2026 00:33;102.0
15931;4112;app_open;17/02/2026 21:03;
15932;4112;signup_completed;17/02/2026 21:04;
15933;4112;onboarding_completed;17/02/2026 21:09;
15934;4113;app_open;15/01/2026 04:03;
15935;4114;app_open;07/01/2026 03:25;
15936;4114;signup_completed;07/01/2026 03:27;
15937;4115;app_open;17/01/2026 05:37;
15938;4115;signup_completed;17/01/2026 05:37;
15939;4115;onboarding_completed;17/01/2026 05:38;
15940;4115;lesson_start;17/01/2026 05:39;101.0
15941;4116;app_open;12/02/2026 04:52;
15942;4117;app_open;27/01/2026 19:02;
15943;4117;signup_completed;27/01/2026 19:03;
15944;4117;onboarding_completed;27/01/2026 19:06;
15945;4117;lesson_start;27/01/2026 19:08;101.0
15946;4117;quiz_completed;27/01/2026 19:12;101.0
15947;4117;streak_extended;29/01/2026 18:12;103.0
15948;4117;streak_extended;01/02/2026 18:12;106.0
15949;4117;streak_extended;03/02/2026 19:12;108.0
15950;4118;app_open;10/02/2026 21:14;
15951;4118;signup_completed;10/02/2026 21:15;
15952;4119;app_open;30/01/2026 02:28;
15953;4119;signup_completed;30/01/2026 02:29;
15954;4119;onboarding_completed;30/01/2026 02:34;
15955;4119;lesson_start;30/01/2026 02:35;101.0
15956;4119;quiz_completed;30/01/2026 02:39;101.0
15957;4119;streak_extended;31/01/2026 00:39;102.0
15958;4119;streak_extended;02/02/2026 01:39;104.0
15959;4120;app_open;17/02/2026 00:20;
15960;4120;signup_completed;17/02/2026 00:22;
15961;4121;app_open;17/03/2026 23:44;
15962;4121;signup_completed;17/03/2026 23:45;
15963;4121;onboarding_completed;17/03/2026 23:47;
15964;4122;app_open;08/01/2026 11:14;
15965;4122;signup_completed;08/01/2026 11:16;
15966;4123;app_open;05/02/2026 01:28;
15967;4123;signup_completed;05/02/2026 01:30;
15968;4123;onboarding_completed;05/02/2026 01:31;
15969;4124;app_open;25/01/2026 10:30;
15970;4124;signup_completed;25/01/2026 10:31;
15971;4124;onboarding_completed;25/01/2026 10:34;
15972;4124;lesson_start;25/01/2026 10:35;101.0
15973;4125;app_open;24/01/2026 22:35;
15974;4125;signup_completed;24/01/2026 22:37;
15975;4125;onboarding_completed;24/01/2026 22:39;
15976;4125;lesson_start;24/01/2026 22:40;101.0
15977;4126;app_open;11/03/2026 23:49;
15978;4126;signup_completed;11/03/2026 23:50;
15979;4126;onboarding_completed;11/03/2026 23:54;
15980;4127;app_open;02/03/2026 16:26;
15981;4127;signup_completed;02/03/2026 16:27;
15982;4128;app_open;18/02/2026 03:18;
15983;4128;signup_completed;18/02/2026 03:19;
15984;4128;onboarding_completed;18/02/2026 03:24;
15985;4128;lesson_start;18/02/2026 03:25;101.0
15986;4128;quiz_completed;18/02/2026 03:29;101.0
15987;4128;streak_extended;20/02/2026 03:29;103.0
15988;4128;streak_extended;23/02/2026 02:29;106.0
15989;4129;app_open;27/02/2026 15:40;
15990;4129;signup_completed;27/02/2026 15:42;
15991;4130;app_open;01/03/2026 20:56;
15992;4130;signup_completed;01/03/2026 20:57;
15993;4131;app_open;19/01/2026 23:39;
15994;4131;signup_completed;19/01/2026 23:41;
15995;4131;onboarding_completed;19/01/2026 23:42;
15996;4131;lesson_start;19/01/2026 23:44;101.0
15997;4132;app_open;14/02/2026 10:53;
15998;4132;signup_completed;14/02/2026 10:55;
15999;4132;onboarding_completed;14/02/2026 10:57;
16000;4133;app_open;11/01/2026 09:15;
16001;4133;signup_completed;11/01/2026 09:17;
16002;4133;onboarding_completed;11/01/2026 09:20;
16003;4134;app_open;14/01/2026 03:42;
16004;4134;signup_completed;14/01/2026 03:44;
16005;4135;app_open;30/01/2026 13:54;
16006;4135;signup_completed;30/01/2026 13:56;
16007;4135;onboarding_completed;30/01/2026 13:57;
16008;4136;app_open;01/01/2026 15:46;
16009;4136;signup_completed;01/01/2026 15:47;
16010;4136;onboarding_completed;01/01/2026 15:50;
16011;4137;app_open;08/02/2026 10:01;
16012;4137;signup_completed;08/02/2026 10:02;
16013;4137;onboarding_completed;08/02/2026 10:04;
16014;4137;lesson_start;08/02/2026 10:04;101.0
16015;4138;app_open;02/02/2026 06:07;
16016;4138;signup_completed;02/02/2026 06:09;
16017;4138;onboarding_completed;02/02/2026 06:12;
16018;4139;app_open;23/03/2026 17:06;
16019;4139;signup_completed;23/03/2026 17:07;
16020;4139;onboarding_completed;23/03/2026 17:09;
16021;4140;app_open;02/03/2026 05:09;
16022;4140;signup_completed;02/03/2026 05:10;
16023;4141;app_open;06/02/2026 21:12;
16024;4141;signup_completed;06/02/2026 21:13;
16025;4142;app_open;20/03/2026 01:38;
16026;4142;signup_completed;20/03/2026 01:38;
16027;4143;app_open;25/03/2026 17:04;
16028;4143;signup_completed;25/03/2026 17:04;
16029;4143;onboarding_completed;25/03/2026 17:09;
16030;4144;app_open;01/02/2026 23:53;
16031;4144;signup_completed;01/02/2026 23:54;
16032;4144;onboarding_completed;01/02/2026 23:56;
16033;4144;lesson_start;01/02/2026 23:56;101.0
16034;4144;quiz_completed;02/02/2026 00:02;101.0
16035;4144;streak_extended;02/02/2026 23:02;102.0
16036;4145;app_open;12/02/2026 17:47;
16037;4145;signup_completed;12/02/2026 17:49;
16038;4145;onboarding_completed;12/02/2026 17:53;
16039;4146;app_open;02/02/2026 11:59;
16040;4146;signup_completed;02/02/2026 12:01;
16041;4146;onboarding_completed;02/02/2026 12:05;
16042;4147;app_open;11/02/2026 19:24;
16043;4147;signup_completed;11/02/2026 19:25;
16044;4148;app_open;21/03/2026 04:11;
16045;4148;signup_completed;21/03/2026 04:12;
16046;4148;onboarding_completed;21/03/2026 04:13;
16047;4148;lesson_start;21/03/2026 04:14;101.0
16048;4148;quiz_completed;21/03/2026 04:21;101.0
16049;4148;streak_extended;22/03/2026 06:21;102.0
16050;4148;streak_extended;23/03/2026 05:21;103.0
16051;4148;streak_extended;24/03/2026 03:21;104.0
16052;4149;app_open;21/03/2026 22:58;
16053;4149;signup_completed;21/03/2026 23:00;
16054;4149;onboarding_completed;21/03/2026 23:03;
16055;4149;lesson_start;21/03/2026 23:05;101.0
16056;4149;quiz_completed;21/03/2026 23:12;101.0
16057;4149;streak_extended;24/03/2026 01:12;103.0
16058;4149;streak_extended;21/04/2026 01:12;131.0
16059;4150;app_open;25/03/2026 10:47;
16060;4150;signup_completed;25/03/2026 10:49;
16061;4150;onboarding_completed;25/03/2026 10:53;
16062;4150;lesson_start;25/03/2026 10:55;101.0
16063;4150;quiz_completed;25/03/2026 10:58;101.0
16064;4151;app_open;05/03/2026 05:01;
16065;4151;signup_completed;05/03/2026 05:03;
16066;4152;app_open;27/02/2026 17:02;
16067;4152;signup_completed;27/02/2026 17:03;
16068;4153;app_open;14/01/2026 05:11;
16069;4154;app_open;30/01/2026 04:03;
16070;4154;signup_completed;30/01/2026 04:04;
16071;4154;onboarding_completed;30/01/2026 04:06;
16072;4155;app_open;01/02/2026 03:12;
16073;4155;signup_completed;01/02/2026 03:13;
16074;4156;app_open;28/02/2026 13:35;
16075;4156;signup_completed;28/02/2026 13:36;
16076;4156;onboarding_completed;28/02/2026 13:40;
16077;4157;app_open;09/03/2026 12:08;
16078;4157;signup_completed;09/03/2026 12:09;
16079;4157;onboarding_completed;09/03/2026 12:12;
16080;4157;lesson_start;09/03/2026 12:13;101.0
16081;4158;app_open;20/01/2026 12:01;
16082;4158;signup_completed;20/01/2026 12:02;
16083;4158;onboarding_completed;20/01/2026 12:05;
16084;4158;lesson_start;20/01/2026 12:07;101.0
16085;4158;quiz_completed;20/01/2026 12:11;101.0
16086;4159;app_open;16/02/2026 12:10;
16087;4159;signup_completed;16/02/2026 12:12;
16088;4160;app_open;31/01/2026 12:06;
16089;4160;signup_completed;31/01/2026 12:07;
16090;4160;onboarding_completed;31/01/2026 12:09;
16091;4160;lesson_start;31/01/2026 12:10;101.0
16092;4160;quiz_completed;31/01/2026 12:18;101.0
16093;4160;streak_extended;01/02/2026 10:18;102.0
16094;4160;streak_extended;02/02/2026 11:18;103.0
16095;4160;streak_extended;14/02/2026 13:18;115.0
16096;4161;app_open;18/01/2026 05:55;
16097;4161;signup_completed;18/01/2026 05:57;
16098;4161;onboarding_completed;18/01/2026 05:59;
16099;4162;app_open;08/02/2026 15:57;
16100;4162;signup_completed;08/02/2026 15:58;
16101;4162;onboarding_completed;08/02/2026 16:02;
16102;4162;lesson_start;08/02/2026 16:02;101.0
16103;4162;quiz_completed;08/02/2026 16:06;101.0
16104;4162;streak_extended;09/02/2026 14:06;102.0
16105;4162;streak_extended;10/02/2026 18:06;103.0
16106;4162;streak_extended;13/02/2026 16:06;106.0
16107;4163;app_open;31/01/2026 23:38;
16108;4163;signup_completed;31/01/2026 23:40;
16109;4163;onboarding_completed;31/01/2026 23:42;
16110;4163;lesson_start;31/01/2026 23:43;101.0
16111;4163;quiz_completed;31/01/2026 23:47;101.0
16112;4163;streak_extended;02/02/2026 01:47;102.0
16113;4164;app_open;29/01/2026 07:07;
16114;4164;signup_completed;29/01/2026 07:08;
16115;4164;onboarding_completed;29/01/2026 07:12;
16116;4164;lesson_start;29/01/2026 07:13;101.0
16117;4165;app_open;13/03/2026 08:22;
16118;4165;signup_completed;13/03/2026 08:23;
16119;4165;onboarding_completed;13/03/2026 08:25;
16120;4166;app_open;09/03/2026 11:22;
16121;4166;signup_completed;09/03/2026 11:23;
16122;4166;onboarding_completed;09/03/2026 11:26;
16123;4166;lesson_start;09/03/2026 11:27;101.0
16124;4166;quiz_completed;09/03/2026 11:31;101.0
16125;4166;streak_extended;12/03/2026 12:31;104.0
16126;4167;app_open;03/03/2026 10:46;
16127;4168;app_open;17/02/2026 16:07;
16128;4168;signup_completed;17/02/2026 16:09;
16129;4168;onboarding_completed;17/02/2026 16:13;
16130;4169;app_open;25/02/2026 21:53;
16131;4169;signup_completed;25/02/2026 21:54;
16132;4169;onboarding_completed;25/02/2026 21:59;
16133;4169;lesson_start;25/02/2026 22:00;101.0
16134;4169;quiz_completed;25/02/2026 22:06;101.0
16135;4169;streak_extended;26/02/2026 21:06;102.0
16136;4169;streak_extended;02/03/2026 22:06;106.0
16137;4169;streak_extended;12/03/2026 00:06;115.0
16138;4170;app_open;17/03/2026 22:07;
16139;4171;app_open;24/01/2026 12:53;
16140;4171;signup_completed;24/01/2026 12:55;
16141;4171;onboarding_completed;24/01/2026 12:56;
16142;4172;app_open;01/02/2026 15:22;
16143;4172;signup_completed;01/02/2026 15:23;
16144;4172;onboarding_completed;01/02/2026 15:26;
16145;4172;lesson_start;01/02/2026 15:27;101.0
16146;4173;app_open;06/02/2026 12:16;
16147;4173;signup_completed;06/02/2026 12:18;
16148;4173;onboarding_completed;06/02/2026 12:19;
16149;4173;lesson_start;06/02/2026 12:21;101.0
16150;4173;quiz_completed;06/02/2026 12:27;101.0
16151;4174;app_open;28/01/2026 05:08;
16152;4175;app_open;21/03/2026 06:34;
16153;4175;signup_completed;21/03/2026 06:35;
16154;4175;onboarding_completed;21/03/2026 06:36;
16155;4175;lesson_start;21/03/2026 06:38;101.0
16156;4175;quiz_completed;21/03/2026 06:43;101.0
16157;4175;streak_extended;22/03/2026 07:43;102.0
16158;4175;streak_extended;26/03/2026 05:43;106.0
16159;4176;app_open;18/03/2026 07:12;
16160;4177;app_open;08/02/2026 03:36;
16161;4177;signup_completed;08/02/2026 03:37;
16162;4178;app_open;05/02/2026 10:32;
16163;4178;signup_completed;05/02/2026 10:34;
16164;4178;onboarding_completed;05/02/2026 10:38;
16165;4179;app_open;12/01/2026 01:22;
16166;4179;signup_completed;12/01/2026 01:23;
16167;4179;onboarding_completed;12/01/2026 01:25;
16168;4180;app_open;24/02/2026 17:52;
16169;4180;signup_completed;24/02/2026 17:53;
16170;4180;onboarding_completed;24/02/2026 17:56;
16171;4181;app_open;20/01/2026 09:34;
16172;4181;signup_completed;20/01/2026 09:35;
16173;4181;onboarding_completed;20/01/2026 09:38;
16174;4182;app_open;27/02/2026 11:59;
16175;4182;signup_completed;27/02/2026 12:00;
16176;4182;onboarding_completed;27/02/2026 12:03;
16177;4182;lesson_start;27/02/2026 12:03;101.0
16178;4182;quiz_completed;27/02/2026 12:09;101.0
16179;4182;streak_extended;28/02/2026 10:09;102.0
16180;4183;app_open;22/02/2026 23:24;
16181;4183;signup_completed;22/02/2026 23:25;
16182;4184;app_open;18/01/2026 11:15;
16183;4184;signup_completed;18/01/2026 11:16;
16184;4184;onboarding_completed;18/01/2026 11:18;
16185;4185;app_open;08/03/2026 04:30;
16186;4185;signup_completed;08/03/2026 04:31;
16187;4185;onboarding_completed;08/03/2026 04:35;
16188;4185;lesson_start;08/03/2026 04:37;101.0
16189;4185;quiz_completed;08/03/2026 04:41;101.0
16190;4185;streak_extended;11/03/2026 02:41;104.0
16191;4186;app_open;16/03/2026 12:40;
16192;4186;signup_completed;16/03/2026 12:41;
16193;4187;app_open;23/02/2026 09:49;
16194;4187;signup_completed;23/02/2026 09:50;
16195;4188;app_open;03/01/2026 14:43;
16196;4188;signup_completed;03/01/2026 14:45;
16197;4188;onboarding_completed;03/01/2026 14:48;
16198;4188;lesson_start;03/01/2026 14:49;101.0
16199;4189;app_open;12/03/2026 14:31;
16200;4189;signup_completed;12/03/2026 14:33;
16201;4189;onboarding_completed;12/03/2026 14:34;
16202;4189;lesson_start;12/03/2026 14:36;101.0
16203;4190;app_open;14/02/2026 19:39;
16204;4190;signup_completed;14/02/2026 19:40;
16205;4190;onboarding_completed;14/02/2026 19:42;
16206;4190;lesson_start;14/02/2026 19:43;101.0
16207;4191;app_open;10/03/2026 18:36;
16208;4191;signup_completed;10/03/2026 18:37;
16209;4191;onboarding_completed;10/03/2026 18:39;
16210;4191;lesson_start;10/03/2026 18:40;101.0
16211;4191;quiz_completed;10/03/2026 18:46;101.0
16212;4191;streak_extended;11/03/2026 19:46;102.0
16213;4192;app_open;21/01/2026 08:30;
16214;4193;app_open;12/02/2026 13:40;
16215;4193;signup_completed;12/02/2026 13:41;
16216;4193;onboarding_completed;12/02/2026 13:45;
16217;4193;lesson_start;12/02/2026 13:46;101.0
16218;4193;quiz_completed;12/02/2026 13:49;101.0
16219;4193;streak_extended;13/02/2026 13:49;102.0
16220;4194;app_open;19/03/2026 10:44;
16221;4194;signup_completed;19/03/2026 10:45;
16222;4194;onboarding_completed;19/03/2026 10:48;
16223;4194;lesson_start;19/03/2026 10:49;101.0
16224;4195;app_open;29/01/2026 06:51;
16225;4195;signup_completed;29/01/2026 06:52;
16226;4195;onboarding_completed;29/01/2026 06:55;
16227;4195;lesson_start;29/01/2026 06:57;101.0
16228;4195;quiz_completed;29/01/2026 07:01;101.0
16229;4195;streak_extended;30/01/2026 09:01;102.0
16230;4195;streak_extended;03/02/2026 07:01;106.0
16231;4195;streak_extended;05/02/2026 09:01;108.0
16232;4196;app_open;22/03/2026 17:01;
16233;4196;signup_completed;22/03/2026 17:02;
16234;4196;onboarding_completed;22/03/2026 17:06;
16235;4196;lesson_start;22/03/2026 17:08;101.0
16236;4196;quiz_completed;22/03/2026 17:14;101.0
16237;4196;streak_extended;24/03/2026 19:14;103.0
16238;4197;app_open;09/03/2026 06:25;
16239;4197;signup_completed;09/03/2026 06:26;
16240;4198;app_open;07/01/2026 17:09;
16241;4198;signup_completed;07/01/2026 17:09;
16242;4198;onboarding_completed;07/01/2026 17:11;
16243;4199;app_open;21/03/2026 12:19;
16244;4199;signup_completed;21/03/2026 12:21;
16245;4200;app_open;24/03/2026 07:29;
16246;4200;signup_completed;24/03/2026 07:31;
16247;4200;onboarding_completed;24/03/2026 07:34;
16248;4201;app_open;19/03/2026 06:00;
16249;4201;signup_completed;19/03/2026 06:02;
16250;4201;onboarding_completed;19/03/2026 06:05;
16251;4202;app_open;19/03/2026 04:35;
16252;4202;signup_completed;19/03/2026 04:37;
16253;4202;onboarding_completed;19/03/2026 04:40;
16254;4202;lesson_start;19/03/2026 04:42;101.0
16255;4202;quiz_completed;19/03/2026 04:47;101.0
16256;4203;app_open;09/02/2026 17:22;
16257;4203;signup_completed;09/02/2026 17:23;
16258;4203;onboarding_completed;09/02/2026 17:28;
16259;4204;app_open;07/03/2026 08:09;
16260;4204;signup_completed;07/03/2026 08:09;
16261;4204;onboarding_completed;07/03/2026 08:13;
16262;4205;app_open;18/02/2026 11:27;
16263;4205;signup_completed;18/02/2026 11:28;
16264;4205;onboarding_completed;18/02/2026 11:31;
16265;4205;lesson_start;18/02/2026 11:31;101.0
16266;4205;quiz_completed;18/02/2026 11:38;101.0
16267;4205;streak_extended;19/02/2026 13:38;102.0
16268;4205;streak_extended;23/02/2026 10:38;106.0
16269;4206;app_open;14/01/2026 12:18;
16270;4206;signup_completed;14/01/2026 12:19;
16271;4207;app_open;03/03/2026 11:46;
16272;4207;signup_completed;03/03/2026 11:47;
16273;4207;onboarding_completed;03/03/2026 11:50;
16274;4207;lesson_start;03/03/2026 11:50;101.0
16275;4207;quiz_completed;03/03/2026 11:55;101.0
16276;4207;streak_extended;04/03/2026 10:55;102.0
16277;4207;streak_extended;05/03/2026 11:55;103.0
16278;4207;streak_extended;06/03/2026 13:55;104.0
16279;4208;app_open;30/01/2026 09:39;
16280;4208;signup_completed;30/01/2026 09:39;
16281;4208;onboarding_completed;30/01/2026 09:43;
16282;4208;lesson_start;30/01/2026 09:45;101.0
16283;4209;app_open;24/01/2026 11:57;
16284;4209;signup_completed;24/01/2026 11:58;
16285;4209;onboarding_completed;24/01/2026 12:02;
16286;4210;app_open;25/01/2026 12:47;
16287;4210;signup_completed;25/01/2026 12:48;
16288;4211;app_open;05/03/2026 22:47;
16289;4211;signup_completed;05/03/2026 22:49;
16290;4211;onboarding_completed;05/03/2026 22:54;
16291;4212;app_open;15/01/2026 23:10;
16292;4212;signup_completed;15/01/2026 23:11;
16293;4212;onboarding_completed;15/01/2026 23:14;
16294;4213;app_open;11/03/2026 10:37;
16295;4213;signup_completed;11/03/2026 10:38;
16296;4214;app_open;11/02/2026 01:57;
16297;4214;signup_completed;11/02/2026 01:58;
16298;4215;app_open;18/03/2026 14:40;
16299;4215;signup_completed;18/03/2026 14:42;
16300;4216;app_open;06/02/2026 14:27;
16301;4216;signup_completed;06/02/2026 14:29;
16302;4217;app_open;08/01/2026 04:21;
16303;4217;signup_completed;08/01/2026 04:22;
16304;4218;app_open;13/02/2026 14:24;
16305;4218;signup_completed;13/02/2026 14:25;
16306;4219;app_open;28/02/2026 01:17;
16307;4219;signup_completed;28/02/2026 01:18;
16308;4219;onboarding_completed;28/02/2026 01:20;
16309;4219;lesson_start;28/02/2026 01:21;101.0
16310;4219;quiz_completed;28/02/2026 01:28;101.0
16311;4219;streak_extended;01/03/2026 00:28;102.0
16312;4220;app_open;16/02/2026 12:41;
16313;4220;signup_completed;16/02/2026 12:43;
16314;4220;onboarding_completed;16/02/2026 12:45;
16315;4220;lesson_start;16/02/2026 12:46;101.0
16316;4220;quiz_completed;16/02/2026 12:54;101.0
16317;4220;streak_extended;17/02/2026 14:54;102.0
16318;4221;app_open;26/02/2026 12:43;
16319;4221;signup_completed;26/02/2026 12:45;
16320;4221;onboarding_completed;26/02/2026 12:46;
16321;4221;lesson_start;26/02/2026 12:48;101.0
16322;4222;app_open;08/02/2026 21:56;
16323;4222;signup_completed;08/02/2026 21:58;
16324;4223;app_open;21/02/2026 21:09;
16325;4223;signup_completed;21/02/2026 21:11;
16326;4224;app_open;19/02/2026 04:29;
16327;4224;signup_completed;19/02/2026 04:31;
16328;4224;onboarding_completed;19/02/2026 04:33;
16329;4224;lesson_start;19/02/2026 04:34;101.0
16330;4225;app_open;26/03/2026 10:23;
16331;4225;signup_completed;26/03/2026 10:25;
16332;4225;onboarding_completed;26/03/2026 10:27;
16333;4226;app_open;09/03/2026 03:47;
16334;4226;signup_completed;09/03/2026 03:49;
16335;4226;onboarding_completed;09/03/2026 03:53;
16336;4226;lesson_start;09/03/2026 03:53;101.0
16337;4226;quiz_completed;09/03/2026 04:00;101.0
16338;4226;streak_extended;12/03/2026 05:00;104.0
16339;4227;app_open;10/02/2026 14:42;
16340;4227;signup_completed;10/02/2026 14:43;
16341;4227;onboarding_completed;10/02/2026 14:47;
16342;4228;app_open;22/02/2026 18:47;
16343;4229;app_open;04/01/2026 13:40;
16344;4229;signup_completed;04/01/2026 13:41;
16345;4229;onboarding_completed;04/01/2026 13:44;
16346;4229;lesson_start;04/01/2026 13:45;101.0
16347;4229;quiz_completed;04/01/2026 13:49;101.0
16348;4229;streak_extended;05/01/2026 11:49;102.0
16349;4230;app_open;18/03/2026 18:30;
16350;4230;signup_completed;18/03/2026 18:31;
16351;4230;onboarding_completed;18/03/2026 18:33;
16352;4231;app_open;04/02/2026 21:45;
16353;4231;signup_completed;04/02/2026 21:47;
16354;4231;onboarding_completed;04/02/2026 21:51;
16355;4232;app_open;10/03/2026 02:55;
16356;4232;signup_completed;10/03/2026 02:56;
16357;4232;onboarding_completed;10/03/2026 02:59;
16358;4232;lesson_start;10/03/2026 03:00;101.0
16359;4232;quiz_completed;10/03/2026 03:07;101.0
16360;4232;streak_extended;11/03/2026 03:07;102.0
16361;4232;streak_extended;12/03/2026 01:07;103.0
16362;4232;streak_extended;13/03/2026 04:07;104.0
16363;4233;app_open;28/03/2026 22:40;
16364;4233;signup_completed;28/03/2026 22:41;
16365;4233;onboarding_completed;28/03/2026 22:45;
16366;4233;lesson_start;28/03/2026 22:47;101.0
16367;4233;quiz_completed;28/03/2026 22:53;101.0
16368;4233;streak_extended;30/03/2026 23:53;103.0
16369;4233;streak_extended;31/03/2026 21:53;104.0
16370;4233;streak_extended;02/04/2026 22:53;106.0
16371;4233;streak_extended;04/04/2026 23:53;108.0
16372;4234;app_open;20/03/2026 20:47;
16373;4234;signup_completed;20/03/2026 20:47;
16374;4235;app_open;22/02/2026 03:04;
16375;4235;signup_completed;22/02/2026 03:06;
16376;4235;onboarding_completed;22/02/2026 03:10;
16377;4236;app_open;27/02/2026 15:42;
16378;4236;signup_completed;27/02/2026 15:43;
16379;4236;onboarding_completed;27/02/2026 15:44;
16380;4237;app_open;03/03/2026 23:04;
16381;4237;signup_completed;03/03/2026 23:05;
16382;4237;onboarding_completed;03/03/2026 23:09;
16383;4238;app_open;30/03/2026 18:42;
16384;4238;signup_completed;30/03/2026 18:43;
16385;4238;onboarding_completed;30/03/2026 18:47;
16386;4239;app_open;09/01/2026 06:01;
16387;4239;signup_completed;09/01/2026 06:02;
16388;4240;app_open;11/01/2026 14:50;
16389;4240;signup_completed;11/01/2026 14:51;
16390;4240;onboarding_completed;11/01/2026 14:54;
16391;4241;app_open;16/03/2026 15:47;
16392;4241;signup_completed;16/03/2026 15:49;
16393;4242;app_open;25/01/2026 02:25;
16394;4242;signup_completed;25/01/2026 02:25;
16395;4242;onboarding_completed;25/01/2026 02:30;
16396;4243;app_open;05/03/2026 20:19;
16397;4243;signup_completed;05/03/2026 20:20;
16398;4244;app_open;06/03/2026 12:50;
16399;4245;app_open;04/02/2026 11:13;
16400;4245;signup_completed;04/02/2026 11:14;
16401;4246;app_open;17/01/2026 03:35;
16402;4246;signup_completed;17/01/2026 03:37;
16403;4246;onboarding_completed;17/01/2026 03:39;
16404;4247;app_open;04/03/2026 19:37;
16405;4247;signup_completed;04/03/2026 19:38;
16406;4247;onboarding_completed;04/03/2026 19:39;
16407;4247;lesson_start;04/03/2026 19:41;101.0
16408;4248;app_open;01/03/2026 11:38;
16409;4248;signup_completed;01/03/2026 11:39;
16410;4248;onboarding_completed;01/03/2026 11:41;
16411;4248;lesson_start;01/03/2026 11:42;101.0
16412;4249;app_open;05/01/2026 07:13;
16413;4249;signup_completed;05/01/2026 07:13;
16414;4249;onboarding_completed;05/01/2026 07:16;
16415;4249;lesson_start;05/01/2026 07:17;101.0
16416;4250;app_open;24/02/2026 16:23;
16417;4250;signup_completed;24/02/2026 16:24;
16418;4250;onboarding_completed;24/02/2026 16:26;
16419;4250;lesson_start;24/02/2026 16:27;101.0
16420;4250;quiz_completed;24/02/2026 16:34;101.0
16421;4250;streak_extended;25/02/2026 17:34;102.0
16422;4250;streak_extended;01/03/2026 14:34;106.0
16423;4251;app_open;04/03/2026 15:01;
16424;4252;app_open;07/03/2026 18:37;
16425;4252;signup_completed;07/03/2026 18:39;
16426;4252;onboarding_completed;07/03/2026 18:40;
16427;4252;lesson_start;07/03/2026 18:41;101.0
16428;4252;quiz_completed;07/03/2026 18:49;101.0
16429;4252;streak_extended;08/03/2026 17:49;102.0
16430;4252;streak_extended;09/03/2026 17:49;103.0
16431;4252;streak_extended;10/03/2026 19:49;104.0
16432;4253;app_open;04/03/2026 19:01;
16433;4253;signup_completed;04/03/2026 19:01;
16434;4253;onboarding_completed;04/03/2026 19:04;
16435;4253;lesson_start;04/03/2026 19:04;101.0
16436;4253;quiz_completed;04/03/2026 19:10;101.0
16437;4253;streak_extended;05/03/2026 20:10;102.0
16438;4253;streak_extended;07/03/2026 20:10;104.0
16439;4254;app_open;08/02/2026 19:10;
16440;4254;signup_completed;08/02/2026 19:11;
16441;4254;onboarding_completed;08/02/2026 19:16;
16442;4255;app_open;15/03/2026 01:52;
16443;4255;signup_completed;15/03/2026 01:54;
16444;4255;onboarding_completed;15/03/2026 01:57;
16445;4256;app_open;02/02/2026 04:40;
16446;4256;signup_completed;02/02/2026 04:42;
16447;4257;app_open;19/03/2026 07:21;
16448;4257;signup_completed;19/03/2026 07:22;
16449;4258;app_open;11/02/2026 19:02;
16450;4258;signup_completed;11/02/2026 19:03;
16451;4259;app_open;11/01/2026 06:52;
16452;4259;signup_completed;11/01/2026 06:53;
16453;4259;onboarding_completed;11/01/2026 06:57;
16454;4259;lesson_start;11/01/2026 06:58;101.0
16455;4260;app_open;02/01/2026 00:34;
16456;4260;signup_completed;02/01/2026 00:36;
16457;4260;onboarding_completed;02/01/2026 00:37;
16458;4260;lesson_start;02/01/2026 00:38;101.0
16459;4260;quiz_completed;02/01/2026 00:41;101.0
16460;4260;streak_extended;03/01/2026 02:41;102.0
16461;4260;streak_extended;04/01/2026 01:41;103.0
16462;4260;streak_extended;09/01/2026 02:41;108.0
16463;4260;streak_extended;01/02/2026 00:41;131.0
16464;4261;app_open;10/01/2026 13:46;
16465;4261;signup_completed;10/01/2026 13:47;
16466;4261;onboarding_completed;10/01/2026 13:51;
16467;4261;lesson_start;10/01/2026 13:52;101.0
16468;4262;app_open;26/01/2026 02:54;
16469;4262;signup_completed;26/01/2026 02:55;
16470;4263;app_open;22/01/2026 13:18;
16471;4263;signup_completed;22/01/2026 13:18;
16472;4263;onboarding_completed;22/01/2026 13:23;
16473;4264;app_open;19/02/2026 13:57;
16474;4264;signup_completed;19/02/2026 13:59;
16475;4264;onboarding_completed;19/02/2026 14:03;
16476;4264;lesson_start;19/02/2026 14:05;101.0
16477;4264;quiz_completed;19/02/2026 14:09;101.0
16478;4264;streak_extended;20/02/2026 15:09;102.0
16479;4264;streak_extended;05/03/2026 16:09;115.0
16480;4265;app_open;14/03/2026 12:17;
16481;4265;signup_completed;14/03/2026 12:18;
16482;4265;onboarding_completed;14/03/2026 12:20;
16483;4265;lesson_start;14/03/2026 12:20;101.0
16484;4266;app_open;20/02/2026 08:53;
16485;4266;signup_completed;20/02/2026 08:54;
16486;4266;onboarding_completed;20/02/2026 08:57;
16487;4266;lesson_start;20/02/2026 08:58;101.0
16488;4266;quiz_completed;20/02/2026 09:01;101.0
16489;4266;streak_extended;22/02/2026 09:01;103.0
16490;4266;streak_extended;27/02/2026 07:01;108.0
16491;4267;app_open;24/02/2026 04:13;
16492;4267;signup_completed;24/02/2026 04:14;
16493;4267;onboarding_completed;24/02/2026 04:17;
16494;4268;app_open;26/02/2026 08:42;
16495;4268;signup_completed;26/02/2026 08:44;
16496;4269;app_open;08/03/2026 18:22;
16497;4269;signup_completed;08/03/2026 18:24;
16498;4269;onboarding_completed;08/03/2026 18:26;
16499;4270;app_open;25/02/2026 20:23;
16500;4270;signup_completed;25/02/2026 20:24;
16501;4270;onboarding_completed;25/02/2026 20:29;
16502;4271;app_open;22/01/2026 11:02;
16503;4271;signup_completed;22/01/2026 11:04;
16504;4271;onboarding_completed;22/01/2026 11:07;
16505;4271;lesson_start;22/01/2026 11:09;101.0
16506;4271;quiz_completed;22/01/2026 11:16;101.0
16507;4271;streak_extended;29/01/2026 10:16;108.0
16508;4272;app_open;13/02/2026 06:44;
16509;4272;signup_completed;13/02/2026 06:44;
16510;4272;onboarding_completed;13/02/2026 06:47;
16511;4273;app_open;06/02/2026 07:45;
16512;4273;signup_completed;06/02/2026 07:46;
16513;4274;app_open;07/02/2026 23:24;
16514;4274;signup_completed;07/02/2026 23:26;
16515;4274;onboarding_completed;07/02/2026 23:30;
16516;4275;app_open;14/02/2026 23:00;
16517;4276;app_open;16/03/2026 23:41;
16518;4276;signup_completed;16/03/2026 23:42;
16519;4276;onboarding_completed;16/03/2026 23:46;
16520;4276;lesson_start;16/03/2026 23:47;101.0
16521;4276;quiz_completed;16/03/2026 23:51;101.0
16522;4276;streak_extended;18/03/2026 21:51;103.0
16523;4276;streak_extended;16/04/2026 00:51;131.0
16524;4277;app_open;07/03/2026 23:28;
16525;4277;signup_completed;07/03/2026 23:29;
16526;4277;onboarding_completed;07/03/2026 23:32;
16527;4277;lesson_start;07/03/2026 23:33;101.0
16528;4277;quiz_completed;07/03/2026 23:40;101.0
16529;4277;streak_extended;08/03/2026 23:40;102.0
16530;4277;streak_extended;12/03/2026 21:40;106.0
16531;4278;app_open;27/02/2026 03:30;
16532;4278;signup_completed;27/02/2026 03:31;
16533;4278;onboarding_completed;27/02/2026 03:34;
16534;4279;app_open;09/03/2026 00:50;
16535;4279;signup_completed;09/03/2026 00:52;
16536;4279;onboarding_completed;09/03/2026 00:56;
16537;4280;app_open;18/02/2026 14:10;
16538;4280;signup_completed;18/02/2026 14:10;
16539;4280;onboarding_completed;18/02/2026 14:13;
16540;4281;app_open;15/01/2026 15:15;
16541;4281;signup_completed;15/01/2026 15:17;
16542;4282;app_open;03/02/2026 11:49;
16543;4282;signup_completed;03/02/2026 11:51;
16544;4283;app_open;03/01/2026 09:14;
16545;4283;signup_completed;03/01/2026 09:16;
16546;4283;onboarding_completed;03/01/2026 09:17;
16547;4284;app_open;16/02/2026 20:56;
16548;4284;signup_completed;16/02/2026 20:57;
16549;4284;onboarding_completed;16/02/2026 20:58;
16550;4285;app_open;11/01/2026 03:37;
16551;4285;signup_completed;11/01/2026 03:38;
16552;4286;app_open;29/01/2026 16:24;
16553;4286;signup_completed;29/01/2026 16:26;
16554;4286;onboarding_completed;29/01/2026 16:28;
16555;4286;lesson_start;29/01/2026 16:29;101.0
16556;4286;quiz_completed;29/01/2026 16:36;101.0
16557;4286;streak_extended;30/01/2026 18:36;102.0
16558;4286;streak_extended;31/01/2026 15:36;103.0
16559;4286;streak_extended;01/02/2026 18:36;104.0
16560;4287;app_open;10/02/2026 09:17;
16561;4287;signup_completed;10/02/2026 09:18;
16562;4287;onboarding_completed;10/02/2026 09:23;
16563;4287;lesson_start;10/02/2026 09:24;101.0
16564;4288;app_open;09/01/2026 08:03;
16565;4288;signup_completed;09/01/2026 08:04;
16566;4288;onboarding_completed;09/01/2026 08:09;
16567;4289;app_open;12/01/2026 06:27;
16568;4289;signup_completed;12/01/2026 06:28;
16569;4289;onboarding_completed;12/01/2026 06:33;
16570;4290;app_open;22/03/2026 17:06;
16571;4290;signup_completed;22/03/2026 17:07;
16572;4290;onboarding_completed;22/03/2026 17:10;
16573;4291;app_open;12/03/2026 21:22;
16574;4291;signup_completed;12/03/2026 21:23;
16575;4292;app_open;14/01/2026 18:07;
16576;4292;signup_completed;14/01/2026 18:09;
16577;4292;onboarding_completed;14/01/2026 18:12;
16578;4292;lesson_start;14/01/2026 18:12;101.0
16579;4293;app_open;03/02/2026 19:39;
16580;4293;signup_completed;03/02/2026 19:40;
16581;4293;onboarding_completed;03/02/2026 19:45;
16582;4293;lesson_start;03/02/2026 19:45;101.0
16583;4293;quiz_completed;03/02/2026 19:49;101.0
16584;4293;streak_extended;04/02/2026 17:49;102.0
16585;4293;streak_extended;06/02/2026 17:49;104.0
16586;4294;app_open;31/01/2026 06:45;
16587;4294;signup_completed;31/01/2026 06:45;
16588;4294;onboarding_completed;31/01/2026 06:47;
16589;4294;lesson_start;31/01/2026 06:49;101.0
16590;4294;quiz_completed;31/01/2026 06:53;101.0
16591;4294;streak_extended;02/02/2026 07:53;103.0
16592;4295;app_open;03/02/2026 07:24;
16593;4295;signup_completed;03/02/2026 07:24;
16594;4295;onboarding_completed;03/02/2026 07:27;
16595;4295;lesson_start;03/02/2026 07:29;101.0
16596;4295;quiz_completed;03/02/2026 07:35;101.0
16597;4296;app_open;14/02/2026 05:00;
16598;4296;signup_completed;14/02/2026 05:01;
16599;4296;onboarding_completed;14/02/2026 05:04;
16600;4297;app_open;18/03/2026 03:28;
16601;4298;app_open;21/01/2026 02:02;
16602;4298;signup_completed;21/01/2026 02:02;
16603;4298;onboarding_completed;21/01/2026 02:04;
16604;4299;app_open;20/02/2026 14:17;
16605;4299;signup_completed;20/02/2026 14:17;
16606;4299;onboarding_completed;20/02/2026 14:19;
16607;4300;app_open;16/02/2026 21:17;
16608;4300;signup_completed;16/02/2026 21:19;
16609;4300;onboarding_completed;16/02/2026 21:20;
16610;4300;lesson_start;16/02/2026 21:21;101.0
16611;4300;quiz_completed;16/02/2026 21:27;101.0
16612;4300;streak_extended;17/02/2026 23:27;102.0
16613;4300;streak_extended;18/02/2026 21:27;103.0
16614;4301;app_open;03/02/2026 19:35;
16615;4301;signup_completed;03/02/2026 19:36;
16616;4301;onboarding_completed;03/02/2026 19:37;
16617;4301;lesson_start;03/02/2026 19:39;101.0
16618;4301;quiz_completed;03/02/2026 19:43;101.0
16619;4302;app_open;16/02/2026 05:32;
16620;4302;signup_completed;16/02/2026 05:33;
16621;4303;app_open;10/01/2026 11:28;
16622;4303;signup_completed;10/01/2026 11:29;
16623;4303;onboarding_completed;10/01/2026 11:31;
16624;4304;app_open;12/02/2026 13:00;
16625;4304;signup_completed;12/02/2026 13:01;
16626;4304;onboarding_completed;12/02/2026 13:03;
16627;4305;app_open;12/03/2026 02:22;
16628;4305;signup_completed;12/03/2026 02:23;
16629;4305;onboarding_completed;12/03/2026 02:26;
16630;4305;lesson_start;12/03/2026 02:27;101.0
16631;4305;quiz_completed;12/03/2026 02:31;101.0
16632;4305;streak_extended;13/03/2026 00:31;102.0
16633;4305;streak_extended;14/03/2026 04:31;103.0
16634;4306;app_open;09/03/2026 15:34;
16635;4306;signup_completed;09/03/2026 15:36;
16636;4306;onboarding_completed;09/03/2026 15:38;
16637;4307;app_open;13/02/2026 22:16;
16638;4307;signup_completed;13/02/2026 22:18;
16639;4307;onboarding_completed;13/02/2026 22:23;
16640;4308;app_open;31/01/2026 23:06;
16641;4308;signup_completed;31/01/2026 23:08;
16642;4309;app_open;07/01/2026 12:31;
16643;4309;signup_completed;07/01/2026 12:32;
16644;4309;onboarding_completed;07/01/2026 12:34;
16645;4309;lesson_start;07/01/2026 12:34;101.0
16646;4310;app_open;30/01/2026 03:39;
16647;4310;signup_completed;30/01/2026 03:41;
16648;4310;onboarding_completed;30/01/2026 03:43;
16649;4310;lesson_start;30/01/2026 03:44;101.0
16650;4311;app_open;05/01/2026 08:07;
16651;4311;signup_completed;05/01/2026 08:07;
16652;4311;onboarding_completed;05/01/2026 08:10;
16653;4311;lesson_start;05/01/2026 08:12;101.0
16654;4312;app_open;20/03/2026 15:52;
16655;4312;signup_completed;20/03/2026 15:53;
16656;4312;onboarding_completed;20/03/2026 15:56;
16657;4313;app_open;11/03/2026 00:14;
16658;4313;signup_completed;11/03/2026 00:15;
16659;4313;onboarding_completed;11/03/2026 00:18;
16660;4314;app_open;12/01/2026 04:10;
16661;4314;signup_completed;12/01/2026 04:10;
16662;4314;onboarding_completed;12/01/2026 04:13;
16663;4314;lesson_start;12/01/2026 04:14;101.0
16664;4314;quiz_completed;12/01/2026 04:18;101.0
16665;4314;streak_extended;13/01/2026 04:18;102.0
16666;4314;streak_extended;14/01/2026 03:18;103.0
16667;4315;app_open;03/01/2026 04:37;
16668;4315;signup_completed;03/01/2026 04:39;
16669;4315;onboarding_completed;03/01/2026 04:41;
16670;4316;app_open;24/03/2026 10:43;
16671;4316;signup_completed;24/03/2026 10:45;
16672;4316;onboarding_completed;24/03/2026 10:49;
16673;4317;app_open;03/02/2026 07:25;
16674;4317;signup_completed;03/02/2026 07:27;
16675;4317;onboarding_completed;03/02/2026 07:29;
16676;4317;lesson_start;03/02/2026 07:31;101.0
16677;4317;quiz_completed;03/02/2026 07:36;101.0
16678;4318;app_open;04/03/2026 21:52;
16679;4318;signup_completed;04/03/2026 21:53;
16680;4318;onboarding_completed;04/03/2026 21:56;
16681;4319;app_open;11/01/2026 14:50;
16682;4319;signup_completed;11/01/2026 14:51;
16683;4320;app_open;07/03/2026 17:50;
16684;4320;signup_completed;07/03/2026 17:51;
16685;4320;onboarding_completed;07/03/2026 17:53;
16686;4321;app_open;19/03/2026 16:15;
16687;4322;app_open;16/01/2026 22:58;
16688;4322;signup_completed;16/01/2026 22:58;
16689;4322;onboarding_completed;16/01/2026 23:02;
16690;4323;app_open;13/03/2026 21:27;
16691;4323;signup_completed;13/03/2026 21:29;
16692;4324;app_open;24/01/2026 16:21;
16693;4324;signup_completed;24/01/2026 16:22;
16694;4324;onboarding_completed;24/01/2026 16:27;
16695;4325;app_open;20/02/2026 02:21;
16696;4325;signup_completed;20/02/2026 02:23;
16697;4325;onboarding_completed;20/02/2026 02:24;
16698;4325;lesson_start;20/02/2026 02:25;101.0
16699;4325;quiz_completed;20/02/2026 02:31;101.0
16700;4325;streak_extended;21/02/2026 01:31;102.0
16701;4325;streak_extended;23/02/2026 00:31;104.0
16702;4326;app_open;17/01/2026 22:30;
16703;4326;signup_completed;17/01/2026 22:31;
16704;4326;onboarding_completed;17/01/2026 22:34;
16705;4326;lesson_start;17/01/2026 22:35;101.0
16706;4327;app_open;23/02/2026 14:02;
16707;4327;signup_completed;23/02/2026 14:04;
16708;4327;onboarding_completed;23/02/2026 14:07;
16709;4327;lesson_start;23/02/2026 14:08;101.0
16710;4328;app_open;16/01/2026 13:08;
16711;4329;app_open;02/02/2026 03:15;
16712;4329;signup_completed;02/02/2026 03:17;
16713;4329;onboarding_completed;02/02/2026 03:21;
16714;4329;lesson_start;02/02/2026 03:22;101.0
16715;4329;quiz_completed;02/02/2026 03:27;101.0
16716;4329;streak_extended;04/02/2026 02:27;103.0
16717;4330;app_open;24/02/2026 08:32;
16718;4330;signup_completed;24/02/2026 08:33;
16719;4330;onboarding_completed;24/02/2026 08:37;
16720;4331;app_open;11/02/2026 09:30;
16721;4331;signup_completed;11/02/2026 09:31;
16722;4331;onboarding_completed;11/02/2026 09:33;
16723;4331;lesson_start;11/02/2026 09:33;101.0
16724;4331;quiz_completed;11/02/2026 09:37;101.0
16725;4331;streak_extended;12/02/2026 08:37;102.0
16726;4332;app_open;14/02/2026 20:39;
16727;4332;signup_completed;14/02/2026 20:41;
16728;4333;app_open;23/01/2026 12:15;
16729;4334;app_open;19/03/2026 10:54;
16730;4334;signup_completed;19/03/2026 10:55;
16731;4334;onboarding_completed;19/03/2026 11:00;
16732;4334;lesson_start;19/03/2026 11:01;101.0
16733;4334;quiz_completed;19/03/2026 11:04;101.0
16734;4334;streak_extended;20/03/2026 09:04;102.0
16735;4334;streak_extended;24/03/2026 12:04;106.0
16736;4334;streak_extended;26/03/2026 13:04;108.0
16737;4334;streak_extended;18/04/2026 13:04;131.0
16738;4335;app_open;09/02/2026 07:49;
16739;4335;signup_completed;09/02/2026 07:50;
16740;4335;onboarding_completed;09/02/2026 07:55;
16741;4336;app_open;03/03/2026 03:26;
16742;4336;signup_completed;03/03/2026 03:27;
16743;4336;onboarding_completed;03/03/2026 03:29;
16744;4337;app_open;18/01/2026 21:48;
16745;4337;signup_completed;18/01/2026 21:48;
16746;4337;onboarding_completed;18/01/2026 21:52;
16747;4337;lesson_start;18/01/2026 21:53;101.0
16748;4337;quiz_completed;18/01/2026 22:00;101.0
16749;4338;app_open;19/01/2026 02:18;
16750;4338;signup_completed;19/01/2026 02:19;
16751;4338;onboarding_completed;19/01/2026 02:22;
16752;4338;lesson_start;19/01/2026 02:22;101.0
16753;4338;quiz_completed;19/01/2026 02:29;101.0
16754;4338;streak_extended;20/01/2026 01:29;102.0
16755;4338;streak_extended;22/01/2026 04:29;104.0
16756;4339;app_open;04/03/2026 04:25;
16757;4340;app_open;05/03/2026 19:38;
16758;4340;signup_completed;05/03/2026 19:40;
16759;4340;onboarding_completed;05/03/2026 19:41;
16760;4340;lesson_start;05/03/2026 19:41;101.0
16761;4340;quiz_completed;05/03/2026 19:47;101.0
16762;4341;app_open;11/02/2026 22:56;
16763;4341;signup_completed;11/02/2026 22:58;
16764;4341;onboarding_completed;11/02/2026 23:00;
16765;4341;lesson_start;11/02/2026 23:02;101.0
16766;4342;app_open;08/02/2026 09:46;
16767;4342;signup_completed;08/02/2026 09:47;
16768;4343;app_open;03/01/2026 20:01;
16769;4343;signup_completed;03/01/2026 20:03;
16770;4343;onboarding_completed;03/01/2026 20:04;
16771;4343;lesson_start;03/01/2026 20:04;101.0
16772;4343;quiz_completed;03/01/2026 20:10;101.0
16773;4343;streak_extended;04/01/2026 19:10;102.0
16774;4343;streak_extended;06/01/2026 22:10;104.0
16775;4344;app_open;13/03/2026 14:14;
16776;4344;signup_completed;13/03/2026 14:15;
16777;4344;onboarding_completed;13/03/2026 14:18;
16778;4344;lesson_start;13/03/2026 14:19;101.0
16779;4344;quiz_completed;13/03/2026 14:26;101.0
16780;4344;streak_extended;15/03/2026 12:26;103.0
16781;4344;streak_extended;16/03/2026 15:26;104.0
16782;4344;streak_extended;18/03/2026 13:26;106.0
16783;4345;app_open;01/03/2026 14:58;
16784;4345;signup_completed;01/03/2026 14:59;
16785;4345;onboarding_completed;01/03/2026 15:01;
16786;4345;lesson_start;01/03/2026 15:02;101.0
16787;4345;quiz_completed;01/03/2026 15:06;101.0
16788;4345;streak_extended;02/03/2026 14:06;102.0
16789;4345;streak_extended;04/03/2026 15:06;104.0
16790;4346;app_open;27/03/2026 17:45;
16791;4346;signup_completed;27/03/2026 17:47;
16792;4347;app_open;20/01/2026 03:47;
16793;4347;signup_completed;20/01/2026 03:48;
16794;4348;app_open;13/02/2026 15:35;
16795;4348;signup_completed;13/02/2026 15:36;
16796;4349;app_open;27/02/2026 11:56;
16797;4350;app_open;11/02/2026 16:55;
16798;4350;signup_completed;11/02/2026 16:57;
16799;4350;onboarding_completed;11/02/2026 16:58;
16800;4350;lesson_start;11/02/2026 16:59;101.0
16801;4350;quiz_completed;11/02/2026 17:06;101.0
16802;4350;streak_extended;12/02/2026 17:06;102.0
16803;4350;streak_extended;25/02/2026 18:06;115.0
16804;4351;app_open;07/02/2026 18:03;
16805;4352;app_open;01/01/2026 10:22;
16806;4352;signup_completed;01/01/2026 10:22;
16807;4353;app_open;10/03/2026 10:09;
16808;4353;signup_completed;10/03/2026 10:09;
16809;4353;onboarding_completed;10/03/2026 10:13;
16810;4353;lesson_start;10/03/2026 10:14;101.0
16811;4353;quiz_completed;10/03/2026 10:20;101.0
16812;4353;streak_extended;11/03/2026 11:20;102.0
16813;4353;streak_extended;12/03/2026 09:20;103.0
16814;4353;streak_extended;13/03/2026 09:20;104.0
16815;4353;streak_extended;17/03/2026 10:20;108.0
16816;4354;app_open;21/01/2026 20:30;
16817;4354;signup_completed;21/01/2026 20:31;
16818;4355;app_open;20/01/2026 23:30;
16819;4355;signup_completed;20/01/2026 23:31;
16820;4356;app_open;28/01/2026 00:35;
16821;4356;signup_completed;28/01/2026 00:35;
16822;4356;onboarding_completed;28/01/2026 00:36;
16823;4356;lesson_start;28/01/2026 00:38;101.0
16824;4356;quiz_completed;28/01/2026 00:42;101.0
16825;4356;streak_extended;28/01/2026 22:42;102.0
16826;4357;app_open;15/03/2026 01:02;
16827;4357;signup_completed;15/03/2026 01:04;
16828;4357;onboarding_completed;15/03/2026 01:05;
16829;4358;app_open;10/03/2026 07:52;
16830;4358;signup_completed;10/03/2026 07:53;
16831;4358;onboarding_completed;10/03/2026 07:57;
16832;4358;lesson_start;10/03/2026 07:58;101.0
16833;4359;app_open;20/03/2026 12:28;
16834;4359;signup_completed;20/03/2026 12:29;
16835;4359;onboarding_completed;20/03/2026 12:32;
16836;4360;app_open;19/03/2026 06:49;
16837;4361;app_open;07/01/2026 01:47;
16838;4362;app_open;26/02/2026 01:19;
16839;4362;signup_completed;26/02/2026 01:20;
16840;4362;onboarding_completed;26/02/2026 01:23;
16841;4363;app_open;10/01/2026 21:05;
16842;4363;signup_completed;10/01/2026 21:07;
16843;4364;app_open;19/03/2026 14:58;
16844;4364;signup_completed;19/03/2026 15:00;
16845;4364;onboarding_completed;19/03/2026 15:02;
16846;4364;lesson_start;19/03/2026 15:03;101.0
16847;4364;quiz_completed;19/03/2026 15:09;101.0
16848;4364;streak_extended;20/03/2026 13:09;102.0
16849;4365;app_open;26/03/2026 15:51;
16850;4365;signup_completed;26/03/2026 15:52;
16851;4365;onboarding_completed;26/03/2026 15:54;
16852;4366;app_open;22/02/2026 03:02;
16853;4366;signup_completed;22/02/2026 03:03;
16854;4367;app_open;19/01/2026 03:38;
16855;4367;signup_completed;19/01/2026 03:39;
16856;4368;app_open;05/02/2026 12:21;
16857;4368;signup_completed;05/02/2026 12:23;
16858;4368;onboarding_completed;05/02/2026 12:26;
16859;4368;lesson_start;05/02/2026 12:28;101.0
16860;4369;app_open;01/02/2026 15:35;
16861;4369;signup_completed;01/02/2026 15:37;
16862;4370;app_open;20/01/2026 03:12;
16863;4370;signup_completed;20/01/2026 03:14;
16864;4371;app_open;14/02/2026 10:10;
16865;4371;signup_completed;14/02/2026 10:10;
16866;4371;onboarding_completed;14/02/2026 10:15;
16867;4371;lesson_start;14/02/2026 10:15;101.0
16868;4371;quiz_completed;14/02/2026 10:20;101.0
16869;4371;streak_extended;16/02/2026 10:20;103.0
16870;4371;streak_extended;19/02/2026 11:20;106.0
16871;4371;streak_extended;21/02/2026 08:20;108.0
16872;4372;app_open;12/01/2026 01:32;
16873;4372;signup_completed;12/01/2026 01:33;
16874;4372;onboarding_completed;12/01/2026 01:36;
16875;4373;app_open;26/01/2026 11:19;
16876;4373;signup_completed;26/01/2026 11:20;
16877;4373;onboarding_completed;26/01/2026 11:22;
16878;4374;app_open;07/03/2026 02:50;
16879;4374;signup_completed;07/03/2026 02:52;
16880;4374;onboarding_completed;07/03/2026 02:57;
16881;4375;app_open;25/03/2026 18:05;
16882;4375;signup_completed;25/03/2026 18:05;
16883;4376;app_open;17/02/2026 12:34;
16884;4376;signup_completed;17/02/2026 12:36;
16885;4376;onboarding_completed;17/02/2026 12:39;
16886;4377;app_open;21/02/2026 05:39;
16887;4377;signup_completed;21/02/2026 05:40;
16888;4378;app_open;04/03/2026 01:13;
16889;4378;signup_completed;04/03/2026 01:15;
16890;4378;onboarding_completed;04/03/2026 01:18;
16891;4378;lesson_start;04/03/2026 01:20;101.0
16892;4378;quiz_completed;04/03/2026 01:27;101.0
16893;4378;streak_extended;05/03/2026 01:27;102.0
16894;4378;streak_extended;06/03/2026 03:27;103.0
16895;4378;streak_extended;08/03/2026 23:27;106.0
16896;4379;app_open;31/01/2026 10:17;
16897;4379;signup_completed;31/01/2026 10:17;
16898;4379;onboarding_completed;31/01/2026 10:21;
16899;4379;lesson_start;31/01/2026 10:23;101.0
16900;4379;quiz_completed;31/01/2026 10:27;101.0
16901;4379;streak_extended;01/02/2026 09:27;102.0
16902;4380;app_open;27/02/2026 23:02;
16903;4380;signup_completed;27/02/2026 23:03;
16904;4380;onboarding_completed;27/02/2026 23:07;
16905;4381;app_open;07/02/2026 17:35;
16906;4381;signup_completed;07/02/2026 17:36;
16907;4381;onboarding_completed;07/02/2026 17:37;
16908;4381;lesson_start;07/02/2026 17:38;101.0
16909;4382;app_open;01/03/2026 08:27;
16910;4382;signup_completed;01/03/2026 08:28;
16911;4382;onboarding_completed;01/03/2026 08:33;
16912;4383;app_open;08/02/2026 02:41;
16913;4383;signup_completed;08/02/2026 02:43;
16914;4383;onboarding_completed;08/02/2026 02:47;
16915;4384;app_open;26/02/2026 23:49;
16916;4384;signup_completed;26/02/2026 23:50;
16917;4384;onboarding_completed;26/02/2026 23:52;
16918;4384;lesson_start;26/02/2026 23:54;101.0
16919;4384;quiz_completed;26/02/2026 23:59;101.0
16920;4384;streak_extended;27/02/2026 21:59;102.0
16921;4384;streak_extended;28/02/2026 23:59;103.0
16922;4385;app_open;12/01/2026 02:10;
16923;4385;signup_completed;12/01/2026 02:12;
16924;4386;app_open;03/02/2026 18:43;
16925;4386;signup_completed;03/02/2026 18:44;
16926;4386;onboarding_completed;03/02/2026 18:49;
16927;4386;lesson_start;03/02/2026 18:50;101.0
16928;4386;quiz_completed;03/02/2026 18:56;101.0
16929;4386;streak_extended;04/02/2026 20:56;102.0
16930;4386;streak_extended;10/02/2026 19:56;108.0
16931;4387;app_open;04/02/2026 04:11;
16932;4388;app_open;24/03/2026 02:11;
16933;4388;signup_completed;24/03/2026 02:13;
16934;4388;onboarding_completed;24/03/2026 02:16;
16935;4389;app_open;14/02/2026 10:53;
16936;4389;signup_completed;14/02/2026 10:55;
16937;4389;onboarding_completed;14/02/2026 10:58;
16938;4389;lesson_start;14/02/2026 10:58;101.0
16939;4389;quiz_completed;14/02/2026 11:04;101.0
16940;4389;streak_extended;16/02/2026 09:04;103.0
16941;4390;app_open;01/03/2026 22:33;
16942;4390;signup_completed;01/03/2026 22:35;
16943;4391;app_open;17/01/2026 18:01;
16944;4391;signup_completed;17/01/2026 18:03;
16945;4391;onboarding_completed;17/01/2026 18:06;
16946;4391;lesson_start;17/01/2026 18:07;101.0
16947;4391;quiz_completed;17/01/2026 18:11;101.0
16948;4391;streak_extended;18/01/2026 19:11;102.0
16949;4391;streak_extended;19/01/2026 19:11;103.0
16950;4392;app_open;21/03/2026 00:08;
16951;4392;signup_completed;21/03/2026 00:09;
16952;4392;onboarding_completed;21/03/2026 00:11;
16953;4392;lesson_start;21/03/2026 00:11;101.0
16954;4393;app_open;07/03/2026 09:34;
16955;4393;signup_completed;07/03/2026 09:35;
16956;4393;onboarding_completed;07/03/2026 09:36;
16957;4394;app_open;10/03/2026 13:04;
16958;4394;signup_completed;10/03/2026 13:05;
16959;4395;app_open;19/03/2026 17:33;
16960;4395;signup_completed;19/03/2026 17:35;
16961;4395;onboarding_completed;19/03/2026 17:38;
16962;4395;lesson_start;19/03/2026 17:39;101.0
16963;4395;quiz_completed;19/03/2026 17:47;101.0
16964;4395;streak_extended;20/03/2026 17:47;102.0
16965;4395;streak_extended;21/03/2026 17:47;103.0
16966;4395;streak_extended;26/03/2026 15:47;108.0
16967;4396;app_open;29/01/2026 21:05;
16968;4396;signup_completed;29/01/2026 21:06;
16969;4396;onboarding_completed;29/01/2026 21:10;
16970;4397;app_open;01/03/2026 15:51;
16971;4397;signup_completed;01/03/2026 15:51;
16972;4398;app_open;27/02/2026 07:11;
16973;4399;app_open;09/01/2026 05:29;
16974;4399;signup_completed;09/01/2026 05:30;
16975;4399;onboarding_completed;09/01/2026 05:33;
16976;4400;app_open;07/03/2026 06:07;
16977;4400;signup_completed;07/03/2026 06:08;
16978;4400;onboarding_completed;07/03/2026 06:11;
16979;4401;app_open;14/01/2026 00:07;
16980;4402;app_open;31/01/2026 09:46;
16981;4402;signup_completed;31/01/2026 09:47;
16982;4402;onboarding_completed;31/01/2026 09:49;
16983;4403;app_open;12/01/2026 10:38;
16984;4403;signup_completed;12/01/2026 10:39;
16985;4403;onboarding_completed;12/01/2026 10:44;
16986;4404;app_open;24/01/2026 03:54;
16987;4404;signup_completed;24/01/2026 03:55;
16988;4404;onboarding_completed;24/01/2026 03:59;
16989;4404;lesson_start;24/01/2026 04:00;101.0
16990;4404;quiz_completed;24/01/2026 04:06;101.0
16991;4405;app_open;30/01/2026 15:35;
16992;4405;signup_completed;30/01/2026 15:36;
16993;4406;app_open;12/01/2026 08:30;
16994;4407;app_open;18/01/2026 18:31;
16995;4407;signup_completed;18/01/2026 18:32;
16996;4407;onboarding_completed;18/01/2026 18:34;
16997;4407;lesson_start;18/01/2026 18:35;101.0
16998;4408;app_open;06/02/2026 05:51;
16999;4408;signup_completed;06/02/2026 05:53;
17000;4408;onboarding_completed;06/02/2026 05:56;
17001;4408;lesson_start;06/02/2026 05:57;101.0
17002;4409;app_open;09/03/2026 07:49;
17003;4409;signup_completed;09/03/2026 07:51;
17004;4409;onboarding_completed;09/03/2026 07:54;
17005;4409;lesson_start;09/03/2026 07:55;101.0
17006;4410;app_open;14/01/2026 17:23;
17007;4410;signup_completed;14/01/2026 17:23;
17008;4410;onboarding_completed;14/01/2026 17:28;
17009;4410;lesson_start;14/01/2026 17:30;101.0
17010;4411;app_open;19/02/2026 14:18;
17011;4411;signup_completed;19/02/2026 14:20;
17012;4412;app_open;07/02/2026 17:11;
17013;4412;signup_completed;07/02/2026 17:11;
17014;4412;onboarding_completed;07/02/2026 17:15;
17015;4412;lesson_start;07/02/2026 17:17;101.0
17016;4413;app_open;10/02/2026 14:34;
17017;4413;signup_completed;10/02/2026 14:34;
17018;4413;onboarding_completed;10/02/2026 14:38;
17019;4413;lesson_start;10/02/2026 14:38;101.0
17020;4414;app_open;27/02/2026 21:46;
17021;4414;signup_completed;27/02/2026 21:47;
17022;4414;onboarding_completed;27/02/2026 21:51;
17023;4414;lesson_start;27/02/2026 21:51;101.0
17024;4415;app_open;14/01/2026 09:15;
17025;4415;signup_completed;14/01/2026 09:16;
17026;4415;onboarding_completed;14/01/2026 09:18;
17027;4416;app_open;25/02/2026 19:23;
17028;4416;signup_completed;25/02/2026 19:25;
17029;4416;onboarding_completed;25/02/2026 19:26;
17030;4416;lesson_start;25/02/2026 19:27;101.0
17031;4416;quiz_completed;25/02/2026 19:34;101.0
17032;4416;streak_extended;26/02/2026 18:34;102.0
17033;4417;app_open;07/02/2026 06:06;
17034;4417;signup_completed;07/02/2026 06:07;
17035;4417;onboarding_completed;07/02/2026 06:11;
17036;4417;lesson_start;07/02/2026 06:11;101.0
17037;4417;quiz_completed;07/02/2026 06:15;101.0
17038;4417;streak_extended;09/02/2026 08:15;103.0
17039;4417;streak_extended;14/02/2026 06:15;108.0
17040;4417;streak_extended;09/03/2026 06:15;131.0
17041;4418;app_open;11/02/2026 01:45;
17042;4418;signup_completed;11/02/2026 01:46;
17043;4419;app_open;19/01/2026 00:50;
17044;4419;signup_completed;19/01/2026 00:51;
17045;4419;onboarding_completed;19/01/2026 00:52;
17046;4420;app_open;17/02/2026 06:01;
17047;4420;signup_completed;17/02/2026 06:02;
17048;4420;onboarding_completed;17/02/2026 06:04;
17049;4421;app_open;03/03/2026 16:49;
17050;4421;signup_completed;03/03/2026 16:51;
17051;4421;onboarding_completed;03/03/2026 16:56;
17052;4421;lesson_start;03/03/2026 16:57;101.0
17053;4421;quiz_completed;03/03/2026 17:02;101.0
17054;4421;streak_extended;04/03/2026 15:02;102.0
17055;4421;streak_extended;05/03/2026 16:02;103.0
17056;4421;streak_extended;06/03/2026 19:02;104.0
17057;4421;streak_extended;08/03/2026 18:02;106.0
17058;4421;streak_extended;10/03/2026 19:02;108.0
17059;4422;app_open;22/02/2026 04:11;
17060;4422;signup_completed;22/02/2026 04:12;
17061;4423;app_open;09/03/2026 07:48;
17062;4423;signup_completed;09/03/2026 07:50;
17063;4423;onboarding_completed;09/03/2026 07:54;
17064;4423;lesson_start;09/03/2026 07:55;101.0
17065;4423;quiz_completed;09/03/2026 08:00;101.0
17066;4423;streak_extended;10/03/2026 06:00;102.0
17067;4423;streak_extended;16/03/2026 08:00;108.0
17068;4424;app_open;04/03/2026 15:33;
17069;4424;signup_completed;04/03/2026 15:34;
17070;4424;onboarding_completed;04/03/2026 15:37;
17071;4424;lesson_start;04/03/2026 15:37;101.0
17072;4424;quiz_completed;04/03/2026 15:42;101.0
17073;4424;streak_extended;05/03/2026 17:42;102.0
17074;4424;streak_extended;07/03/2026 15:42;104.0
17075;4424;streak_extended;09/03/2026 13:42;106.0
17076;4425;app_open;17/01/2026 19:39;
17077;4426;app_open;23/02/2026 21:02;
17078;4426;signup_completed;23/02/2026 21:03;
17079;4427;app_open;17/01/2026 04:49;
17080;4427;signup_completed;17/01/2026 04:50;
17081;4427;onboarding_completed;17/01/2026 04:53;
17082;4427;lesson_start;17/01/2026 04:54;101.0
17083;4428;app_open;17/02/2026 12:56;
17084;4428;signup_completed;17/02/2026 12:58;
17085;4428;onboarding_completed;17/02/2026 13:01;
17086;4428;lesson_start;17/02/2026 13:01;101.0
17087;4429;app_open;29/01/2026 01:02;
17088;4429;signup_completed;29/01/2026 01:02;
17089;4429;onboarding_completed;29/01/2026 01:07;
17090;4429;lesson_start;29/01/2026 01:09;101.0
17091;4429;quiz_completed;29/01/2026 01:12;101.0
17092;4429;streak_extended;29/01/2026 23:12;102.0
17093;4429;streak_extended;01/02/2026 02:12;104.0
17094;4430;app_open;14/01/2026 14:54;
17095;4430;signup_completed;14/01/2026 14:55;
17096;4431;app_open;19/01/2026 03:58;
17097;4431;signup_completed;19/01/2026 03:58;
17098;4432;app_open;31/01/2026 13:01;
17099;4432;signup_completed;31/01/2026 13:03;
17100;4432;onboarding_completed;31/01/2026 13:05;
17101;4432;lesson_start;31/01/2026 13:06;101.0
17102;4432;quiz_completed;31/01/2026 13:12;101.0
17103;4432;streak_extended;01/02/2026 11:12;102.0
17104;4432;streak_extended;02/02/2026 13:12;103.0
17105;4432;streak_extended;05/02/2026 13:12;106.0
17106;4433;app_open;23/03/2026 17:58;
17107;4433;signup_completed;23/03/2026 17:58;
17108;4433;onboarding_completed;23/03/2026 18:02;
17109;4434;app_open;13/02/2026 18:54;
17110;4434;signup_completed;13/02/2026 18:55;
17111;4434;onboarding_completed;13/02/2026 18:56;
17112;4435;app_open;02/03/2026 03:19;
17113;4436;app_open;06/01/2026 04:55;
17114;4436;signup_completed;06/01/2026 04:57;
17115;4436;onboarding_completed;06/01/2026 05:00;
17116;4436;lesson_start;06/01/2026 05:02;101.0
17117;4436;quiz_completed;06/01/2026 05:09;101.0
17118;4436;streak_extended;07/01/2026 04:09;102.0
17119;4436;streak_extended;09/01/2026 07:09;104.0
17120;4437;app_open;26/03/2026 00:48;
17121;4437;signup_completed;26/03/2026 00:49;
17122;4437;onboarding_completed;26/03/2026 00:51;
17123;4437;lesson_start;26/03/2026 00:53;101.0
17124;4437;quiz_completed;26/03/2026 00:56;101.0
17125;4437;streak_extended;27/03/2026 02:56;102.0
17126;4437;streak_extended;27/03/2026 22:56;103.0
17127;4437;streak_extended;30/03/2026 23:56;106.0
17128;4438;app_open;04/02/2026 20:37;
17129;4439;app_open;01/01/2026 22:19;
17130;4440;app_open;17/02/2026 01:13;
17131;4440;signup_completed;17/02/2026 01:14;
17132;4440;onboarding_completed;17/02/2026 01:17;
17133;4440;lesson_start;17/02/2026 01:18;101.0
17134;4440;quiz_completed;17/02/2026 01:24;101.0
17135;4440;streak_extended;20/02/2026 01:24;104.0
17136;4441;app_open;14/01/2026 06:08;
17137;4441;signup_completed;14/01/2026 06:10;
17138;4441;onboarding_completed;14/01/2026 06:14;
17139;4442;app_open;19/01/2026 22:40;
17140;4442;signup_completed;19/01/2026 22:42;
17141;4442;onboarding_completed;19/01/2026 22:47;
17142;4443;app_open;21/03/2026 03:35;
17143;4443;signup_completed;21/03/2026 03:36;
17144;4443;onboarding_completed;21/03/2026 03:39;
17145;4443;lesson_start;21/03/2026 03:40;101.0
17146;4443;quiz_completed;21/03/2026 03:45;101.0
17147;4443;streak_extended;28/03/2026 04:45;108.0
17148;4444;app_open;07/02/2026 06:39;
17149;4444;signup_completed;07/02/2026 06:40;
17150;4444;onboarding_completed;07/02/2026 06:44;
17151;4444;lesson_start;07/02/2026 06:46;101.0
17152;4444;quiz_completed;07/02/2026 06:49;101.0
17153;4445;app_open;24/02/2026 12:34;
17154;4445;signup_completed;24/02/2026 12:36;
17155;4445;onboarding_completed;24/02/2026 12:39;
17156;4445;lesson_start;24/02/2026 12:39;101.0
17157;4445;quiz_completed;24/02/2026 12:47;101.0
17158;4445;streak_extended;25/02/2026 11:47;102.0
17159;4445;streak_extended;26/02/2026 12:47;103.0
17160;4445;streak_extended;27/02/2026 13:47;104.0
17161;4446;app_open;19/02/2026 01:45;
17162;4446;signup_completed;19/02/2026 01:46;
17163;4446;onboarding_completed;19/02/2026 01:49;
17164;4446;lesson_start;19/02/2026 01:49;101.0
17165;4446;quiz_completed;19/02/2026 01:56;101.0
17166;4446;streak_extended;19/02/2026 23:56;102.0
17167;4446;streak_extended;21/02/2026 02:56;103.0
17168;4446;streak_extended;21/02/2026 23:56;104.0
17169;4446;streak_extended;24/02/2026 02:56;106.0
17170;4446;streak_extended;26/02/2026 03:56;108.0
17171;4447;app_open;05/03/2026 09:45;
17172;4447;signup_completed;05/03/2026 09:46;
17173;4447;onboarding_completed;05/03/2026 09:50;
17174;4447;lesson_start;05/03/2026 09:52;101.0
17175;4447;quiz_completed;05/03/2026 09:56;101.0
17176;4447;streak_extended;06/03/2026 09:56;102.0
17177;4447;streak_extended;07/03/2026 09:56;103.0
17178;4447;streak_extended;19/03/2026 10:56;115.0
17179;4448;app_open;18/02/2026 01:21;
17180;4448;signup_completed;18/02/2026 01:23;
17181;4448;onboarding_completed;18/02/2026 01:24;
17182;4449;app_open;09/02/2026 17:21;
17183;4449;signup_completed;09/02/2026 17:22;
17184;4449;onboarding_completed;09/02/2026 17:25;
17185;4449;lesson_start;09/02/2026 17:27;101.0
17186;4449;quiz_completed;09/02/2026 17:30;101.0
17187;4449;streak_extended;10/02/2026 18:30;102.0
17188;4449;streak_extended;12/02/2026 18:30;104.0
17189;4450;app_open;08/03/2026 11:27;
17190;4450;signup_completed;08/03/2026 11:29;
17191;4451;app_open;17/02/2026 17:48;
17192;4451;signup_completed;17/02/2026 17:49;
17193;4451;onboarding_completed;17/02/2026 17:51;
17194;4451;lesson_start;17/02/2026 17:53;101.0
17195;4451;quiz_completed;17/02/2026 17:59;101.0
17196;4451;streak_extended;19/02/2026 17:59;103.0
17197;4451;streak_extended;20/02/2026 16:59;104.0
17198;4452;app_open;10/02/2026 08:29;
17199;4452;signup_completed;10/02/2026 08:30;
17200;4452;onboarding_completed;10/02/2026 08:35;
17201;4452;lesson_start;10/02/2026 08:37;101.0
17202;4453;app_open;10/03/2026 22:45;
17203;4453;signup_completed;10/03/2026 22:46;
17204;4453;onboarding_completed;10/03/2026 22:48;
17205;4453;lesson_start;10/03/2026 22:49;101.0
17206;4454;app_open;23/03/2026 13:05;
17207;4454;signup_completed;23/03/2026 13:06;
17208;4455;app_open;13/02/2026 02:14;
17209;4455;signup_completed;13/02/2026 02:16;
17210;4455;onboarding_completed;13/02/2026 02:19;
17211;4456;app_open;17/02/2026 10:45;
17212;4456;signup_completed;17/02/2026 10:46;
17213;4456;onboarding_completed;17/02/2026 10:48;
17214;4457;app_open;17/01/2026 05:43;
17215;4457;signup_completed;17/01/2026 05:44;
17216;4457;onboarding_completed;17/01/2026 05:49;
17217;4458;app_open;09/01/2026 00:38;
17218;4458;signup_completed;09/01/2026 00:39;
17219;4458;onboarding_completed;09/01/2026 00:42;
17220;4458;lesson_start;09/01/2026 00:42;101.0
17221;4458;quiz_completed;09/01/2026 00:49;101.0
17222;4458;streak_extended;09/01/2026 22:49;102.0
17223;4459;app_open;24/02/2026 21:28;
17224;4459;signup_completed;24/02/2026 21:30;
17225;4459;onboarding_completed;24/02/2026 21:33;
17226;4460;app_open;03/01/2026 23:54;
17227;4460;signup_completed;03/01/2026 23:55;
17228;4460;onboarding_completed;03/01/2026 23:57;
17229;4461;app_open;19/03/2026 06:32;
17230;4462;app_open;15/03/2026 21:23;
17231;4462;signup_completed;15/03/2026 21:24;
17232;4462;onboarding_completed;15/03/2026 21:28;
17233;4463;app_open;22/01/2026 09:52;
17234;4463;signup_completed;22/01/2026 09:54;
17235;4463;onboarding_completed;22/01/2026 09:57;
17236;4464;app_open;29/01/2026 08:37;
17237;4464;signup_completed;29/01/2026 08:38;
17238;4464;onboarding_completed;29/01/2026 08:39;
17239;4464;lesson_start;29/01/2026 08:40;101.0
17240;4464;quiz_completed;29/01/2026 08:48;101.0
17241;4464;streak_extended;31/01/2026 07:48;103.0
17242;4464;streak_extended;12/02/2026 10:48;115.0
17243;4465;app_open;04/01/2026 04:11;
17244;4465;signup_completed;04/01/2026 04:12;
17245;4465;onboarding_completed;04/01/2026 04:16;
17246;4465;lesson_start;04/01/2026 04:18;101.0
17247;4466;app_open;27/01/2026 16:27;
17248;4466;signup_completed;27/01/2026 16:28;
17249;4466;onboarding_completed;27/01/2026 16:33;
17250;4466;lesson_start;27/01/2026 16:34;101.0
17251;4466;quiz_completed;27/01/2026 16:37;101.0
17252;4466;streak_extended;28/01/2026 15:37;102.0
17253;4466;streak_extended;29/01/2026 14:37;103.0
17254;4466;streak_extended;30/01/2026 15:37;104.0
17255;4466;streak_extended;01/02/2026 16:37;106.0
17256;4466;streak_extended;03/02/2026 14:37;108.0
17257;4467;app_open;22/01/2026 19:55;
17258;4467;signup_completed;22/01/2026 19:56;
17259;4467;onboarding_completed;22/01/2026 20:01;
17260;4467;lesson_start;22/01/2026 20:03;101.0
17261;4468;app_open;22/02/2026 04:43;
17262;4468;signup_completed;22/02/2026 04:45;
17263;4468;onboarding_completed;22/02/2026 04:46;
17264;4468;lesson_start;22/02/2026 04:46;101.0
17265;4468;quiz_completed;22/02/2026 04:51;101.0
17266;4468;streak_extended;23/02/2026 05:51;102.0
17267;4468;streak_extended;24/02/2026 03:51;103.0
17268;4468;streak_extended;25/02/2026 06:51;104.0
17269;4468;streak_extended;08/03/2026 02:51;115.0
17270;4469;app_open;29/01/2026 00:39;
17271;4469;signup_completed;29/01/2026 00:39;
17272;4470;app_open;17/01/2026 07:57;
17273;4471;app_open;17/03/2026 19:15;
17274;4471;signup_completed;17/03/2026 19:16;
17275;4471;onboarding_completed;17/03/2026 19:19;
17276;4471;lesson_start;17/03/2026 19:20;101.0
17277;4471;quiz_completed;17/03/2026 19:23;101.0
17278;4471;streak_extended;18/03/2026 17:23;102.0
17279;4471;streak_extended;31/03/2026 20:23;115.0
17280;4472;app_open;14/02/2026 09:38;
17281;4472;signup_completed;14/02/2026 09:39;
17282;4473;app_open;24/02/2026 22:03;
17283;4473;signup_completed;24/02/2026 22:04;
17284;4474;app_open;14/03/2026 02:11;
17285;4474;signup_completed;14/03/2026 02:12;
17286;4475;app_open;17/03/2026 00:09;
17287;4475;signup_completed;17/03/2026 00:11;
17288;4476;app_open;16/03/2026 08:43;
17289;4476;signup_completed;16/03/2026 08:44;
17290;4477;app_open;18/02/2026 02:09;
17291;4477;signup_completed;18/02/2026 02:11;
17292;4477;onboarding_completed;18/02/2026 02:15;
17293;4477;lesson_start;18/02/2026 02:16;101.0
17294;4478;app_open;23/02/2026 08:57;
17295;4478;signup_completed;23/02/2026 08:59;
17296;4478;onboarding_completed;23/02/2026 09:00;
17297;4478;lesson_start;23/02/2026 09:00;101.0
17298;4478;quiz_completed;23/02/2026 09:05;101.0
17299;4478;streak_extended;26/02/2026 11:05;104.0
17300;4478;streak_extended;28/02/2026 11:05;106.0
17301;4478;streak_extended;02/03/2026 11:05;108.0
17302;4479;app_open;19/02/2026 14:15;
17303;4479;signup_completed;19/02/2026 14:17;
17304;4479;onboarding_completed;19/02/2026 14:19;
17305;4480;app_open;11/01/2026 23:48;
17306;4480;signup_completed;11/01/2026 23:49;
17307;4480;onboarding_completed;11/01/2026 23:50;
17308;4480;lesson_start;11/01/2026 23:52;101.0
17309;4480;quiz_completed;11/01/2026 23:57;101.0
17310;4480;streak_extended;12/01/2026 21:57;102.0
17311;4480;streak_extended;14/01/2026 23:57;104.0
17312;4480;streak_extended;17/01/2026 00:57;106.0
17313;4481;app_open;25/02/2026 14:31;
17314;4481;signup_completed;25/02/2026 14:32;
17315;4481;onboarding_completed;25/02/2026 14:33;
17316;4481;lesson_start;25/02/2026 14:34;101.0
17317;4481;quiz_completed;25/02/2026 14:40;101.0
17318;4481;streak_extended;26/02/2026 13:40;102.0
17319;4481;streak_extended;27/02/2026 15:40;103.0
17320;4481;streak_extended;02/03/2026 12:40;106.0
17321;4482;app_open;12/01/2026 02:07;
17322;4482;signup_completed;12/01/2026 02:08;
17323;4483;app_open;27/01/2026 00:13;
17324;4483;signup_completed;27/01/2026 00:14;
17325;4483;onboarding_completed;27/01/2026 00:18;
17326;4483;lesson_start;27/01/2026 00:19;101.0
17327;4483;quiz_completed;27/01/2026 00:23;101.0
17328;4483;streak_extended;28/01/2026 00:23;102.0
17329;4483;streak_extended;31/01/2026 22:23;106.0
17330;4483;streak_extended;02/02/2026 22:23;108.0
17331;4484;app_open;17/03/2026 06:08;
17332;4484;signup_completed;17/03/2026 06:09;
17333;4484;onboarding_completed;17/03/2026 06:14;
17334;4484;lesson_start;17/03/2026 06:16;101.0
17335;4484;quiz_completed;17/03/2026 06:20;101.0
17336;4484;streak_extended;18/03/2026 08:20;102.0
17337;4484;streak_extended;19/03/2026 04:20;103.0
17338;4484;streak_extended;20/03/2026 06:20;104.0
17339;4484;streak_extended;22/03/2026 06:20;106.0
17340;4484;streak_extended;31/03/2026 06:20;115.0
17341;4485;app_open;22/02/2026 17:31;
17342;4485;signup_completed;22/02/2026 17:32;
17343;4485;onboarding_completed;22/02/2026 17:35;
17344;4485;lesson_start;22/02/2026 17:36;101.0
17345;4486;app_open;21/03/2026 22:23;
17346;4486;signup_completed;21/03/2026 22:24;
17347;4486;onboarding_completed;21/03/2026 22:27;
17348;4486;lesson_start;21/03/2026 22:27;101.0
17349;4486;quiz_completed;21/03/2026 22:32;101.0
17350;4487;app_open;05/02/2026 14:50;
17351;4487;signup_completed;05/02/2026 14:51;
17352;4487;onboarding_completed;05/02/2026 14:56;
17353;4487;lesson_start;05/02/2026 14:56;101.0
17354;4487;quiz_completed;05/02/2026 15:03;101.0
17355;4487;streak_extended;06/02/2026 14:03;102.0
17356;4487;streak_extended;10/02/2026 17:03;106.0
17357;4487;streak_extended;19/02/2026 15:03;115.0
17358;4487;streak_extended;07/03/2026 14:03;131.0
17359;4488;app_open;22/02/2026 15:03;
17360;4488;signup_completed;22/02/2026 15:04;
17361;4488;onboarding_completed;22/02/2026 15:06;
17362;4489;app_open;21/03/2026 20:49;
17363;4489;signup_completed;21/03/2026 20:50;
17364;4489;onboarding_completed;21/03/2026 20:55;
17365;4490;app_open;15/03/2026 11:26;
17366;4490;signup_completed;15/03/2026 11:26;
17367;4490;onboarding_completed;15/03/2026 11:28;
17368;4490;lesson_start;15/03/2026 11:28;101.0
17369;4490;quiz_completed;15/03/2026 11:35;101.0
17370;4490;streak_extended;22/03/2026 09:35;108.0
17371;4491;app_open;05/01/2026 00:57;
17372;4491;signup_completed;05/01/2026 00:58;
17373;4492;app_open;15/03/2026 18:56;
17374;4492;signup_completed;15/03/2026 18:57;
17375;4492;onboarding_completed;15/03/2026 19:01;
17376;4492;lesson_start;15/03/2026 19:01;101.0
17377;4492;quiz_completed;15/03/2026 19:05;101.0
17378;4492;streak_extended;16/03/2026 19:05;102.0
17379;4492;streak_extended;22/03/2026 19:05;108.0
17380;4492;streak_extended;14/04/2026 18:05;131.0
17381;4493;app_open;11/03/2026 19:20;
17382;4493;signup_completed;11/03/2026 19:22;
17383;4493;onboarding_completed;11/03/2026 19:26;
17384;4493;lesson_start;11/03/2026 19:26;101.0
17385;4493;quiz_completed;11/03/2026 19:31;101.0
17386;4493;streak_extended;13/03/2026 20:31;103.0
17387;4493;streak_extended;10/04/2026 19:31;131.0
17388;4494;app_open;12/02/2026 20:27;
17389;4494;signup_completed;12/02/2026 20:29;
17390;4494;onboarding_completed;12/02/2026 20:30;
17391;4494;lesson_start;12/02/2026 20:30;101.0
17392;4494;quiz_completed;12/02/2026 20:34;101.0
17393;4494;streak_extended;13/02/2026 20:34;102.0
17394;4494;streak_extended;14/02/2026 21:34;103.0
17395;4494;streak_extended;26/02/2026 19:34;115.0
17396;4495;app_open;23/02/2026 01:05;
17397;4495;signup_completed;23/02/2026 01:06;
17398;4495;onboarding_completed;23/02/2026 01:09;
17399;4496;app_open;22/01/2026 05:14;
17400;4496;signup_completed;22/01/2026 05:15;
17401;4497;app_open;11/02/2026 06:40;
17402;4497;signup_completed;11/02/2026 06:42;
17403;4497;onboarding_completed;11/02/2026 06:47;
17404;4497;lesson_start;11/02/2026 06:47;101.0
17405;4497;quiz_completed;11/02/2026 06:53;101.0
17406;4497;streak_extended;14/02/2026 06:53;104.0
17407;4498;app_open;10/01/2026 22:38;
17408;4498;signup_completed;10/01/2026 22:39;
17409;4499;app_open;13/03/2026 10:58;
17410;4500;app_open;22/03/2026 14:12;
17411;4500;signup_completed;22/03/2026 14:13;
17412;4500;onboarding_completed;22/03/2026 14:17;
17413;4500;lesson_start;22/03/2026 14:18;101.0
17414;4501;app_open;05/03/2026 11:09;
17415;4501;signup_completed;05/03/2026 11:10;
17416;4501;onboarding_completed;05/03/2026 11:12;
17417;4501;lesson_start;05/03/2026 11:14;101.0
17418;4501;quiz_completed;05/03/2026 11:22;101.0
17419;4501;streak_extended;06/03/2026 12:22;102.0
17420;4501;streak_extended;07/03/2026 13:22;103.0
17421;4502;app_open;14/03/2026 22:45;
17422;4502;signup_completed;14/03/2026 22:46;
17423;4502;onboarding_completed;14/03/2026 22:48;
17424;4502;lesson_start;14/03/2026 22:50;101.0
17425;4502;quiz_completed;14/03/2026 22:56;101.0
17426;4502;streak_extended;15/03/2026 21:56;102.0
17427;4503;app_open;25/01/2026 00:47;
17428;4503;signup_completed;25/01/2026 00:48;
17429;4503;onboarding_completed;25/01/2026 00:53;
17430;4503;lesson_start;25/01/2026 00:53;101.0
17431;4504;app_open;29/01/2026 21:42;
17432;4504;signup_completed;29/01/2026 21:44;
17433;4504;onboarding_completed;29/01/2026 21:45;
17434;4505;app_open;26/03/2026 22:27;
17435;4505;signup_completed;26/03/2026 22:28;
17436;4505;onboarding_completed;26/03/2026 22:32;
17437;4505;lesson_start;26/03/2026 22:33;101.0
17438;4505;quiz_completed;26/03/2026 22:37;101.0
17439;4505;streak_extended;27/03/2026 23:37;102.0
17440;4505;streak_extended;29/03/2026 22:37;104.0
17441;4505;streak_extended;31/03/2026 23:37;106.0
17442;4505;streak_extended;02/04/2026 21:37;108.0
17443;4506;app_open;04/01/2026 03:06;
17444;4506;signup_completed;04/01/2026 03:07;
17445;4506;onboarding_completed;04/01/2026 03:10;
17446;4506;lesson_start;04/01/2026 03:10;101.0
17447;4506;quiz_completed;04/01/2026 03:16;101.0
17448;4506;streak_extended;06/01/2026 03:16;103.0
17449;4506;streak_extended;07/01/2026 03:16;104.0
17450;4506;streak_extended;11/01/2026 01:16;108.0
17451;4507;app_open;13/02/2026 15:57;
17452;4507;signup_completed;13/02/2026 15:58;
17453;4508;app_open;26/01/2026 12:24;
17454;4508;signup_completed;26/01/2026 12:26;
17455;4508;onboarding_completed;26/01/2026 12:30;
17456;4509;app_open;03/02/2026 20:14;
17457;4509;signup_completed;03/02/2026 20:16;
17458;4509;onboarding_completed;03/02/2026 20:17;
17459;4510;app_open;25/03/2026 17:04;
17460;4510;signup_completed;25/03/2026 17:05;
17461;4510;onboarding_completed;25/03/2026 17:07;
17462;4511;app_open;21/03/2026 07:06;
17463;4511;signup_completed;21/03/2026 07:08;
17464;4511;onboarding_completed;21/03/2026 07:13;
17465;4511;lesson_start;21/03/2026 07:15;101.0
17466;4511;quiz_completed;21/03/2026 07:19;101.0
17467;4511;streak_extended;24/03/2026 09:19;104.0
17468;4512;app_open;09/01/2026 10:41;
17469;4512;signup_completed;09/01/2026 10:42;
17470;4512;onboarding_completed;09/01/2026 10:47;
17471;4513;app_open;12/02/2026 15:06;
17472;4513;signup_completed;12/02/2026 15:07;
17473;4513;onboarding_completed;12/02/2026 15:11;
17474;4513;lesson_start;12/02/2026 15:12;101.0
17475;4513;quiz_completed;12/02/2026 15:15;101.0
17476;4513;streak_extended;13/02/2026 15:15;102.0
17477;4513;streak_extended;15/02/2026 13:15;104.0
17478;4513;streak_extended;19/02/2026 15:15;108.0
17479;4514;app_open;26/03/2026 00:16;
17480;4515;app_open;12/01/2026 09:31;
17481;4515;signup_completed;12/01/2026 09:32;
17482;4515;onboarding_completed;12/01/2026 09:35;
17483;4516;app_open;17/03/2026 07:21;
17484;4516;signup_completed;17/03/2026 07:22;
17485;4516;onboarding_completed;17/03/2026 07:24;
17486;4517;app_open;20/03/2026 19:50;
17487;4517;signup_completed;20/03/2026 19:51;
17488;4517;onboarding_completed;20/03/2026 19:53;
17489;4517;lesson_start;20/03/2026 19:54;101.0
17490;4518;app_open;24/01/2026 00:07;
17491;4518;signup_completed;24/01/2026 00:08;
17492;4518;onboarding_completed;24/01/2026 00:12;
17493;4519;app_open;21/01/2026 09:03;
17494;4519;signup_completed;21/01/2026 09:03;
17495;4519;onboarding_completed;21/01/2026 09:08;
17496;4519;lesson_start;21/01/2026 09:10;101.0
17497;4519;quiz_completed;21/01/2026 09:15;101.0
17498;4519;streak_extended;23/01/2026 10:15;103.0
17499;4519;streak_extended;28/01/2026 07:15;108.0
17500;4520;app_open;20/03/2026 17:04;
17501;4520;signup_completed;20/03/2026 17:05;
17502;4520;onboarding_completed;20/03/2026 17:10;
17503;4520;lesson_start;20/03/2026 17:10;101.0
17504;4521;app_open;13/03/2026 14:45;
17505;4521;signup_completed;13/03/2026 14:46;
17506;4521;onboarding_completed;13/03/2026 14:49;
17507;4521;lesson_start;13/03/2026 14:51;101.0
17508;4521;quiz_completed;13/03/2026 14:57;101.0
17509;4521;streak_extended;14/03/2026 15:57;102.0
17510;4521;streak_extended;15/03/2026 14:57;103.0
17511;4521;streak_extended;20/03/2026 12:57;108.0
17512;4522;app_open;27/02/2026 01:57;
17513;4522;signup_completed;27/02/2026 01:58;
17514;4522;onboarding_completed;27/02/2026 01:59;
17515;4522;lesson_start;27/02/2026 02:00;101.0
17516;4523;app_open;08/03/2026 21:47;
17517;4523;signup_completed;08/03/2026 21:49;
17518;4523;onboarding_completed;08/03/2026 21:54;
17519;4524;app_open;04/02/2026 01:01;
17520;4524;signup_completed;04/02/2026 01:03;
17521;4525;app_open;25/03/2026 14:23;
17522;4525;signup_completed;25/03/2026 14:24;
17523;4526;app_open;11/03/2026 00:10;
17524;4526;signup_completed;11/03/2026 00:11;
17525;4527;app_open;01/03/2026 06:00;
17526;4527;signup_completed;01/03/2026 06:02;
17527;4527;onboarding_completed;01/03/2026 06:05;
17528;4527;lesson_start;01/03/2026 06:05;101.0
17529;4528;app_open;03/03/2026 10:27;
17530;4528;signup_completed;03/03/2026 10:29;
17531;4528;onboarding_completed;03/03/2026 10:33;
17532;4529;app_open;11/02/2026 13:42;
17533;4530;app_open;17/01/2026 02:45;
17534;4530;signup_completed;17/01/2026 02:46;
17535;4530;onboarding_completed;17/01/2026 02:51;
17536;4530;lesson_start;17/01/2026 02:52;101.0
17537;4530;quiz_completed;17/01/2026 02:57;101.0
17538;4530;streak_extended;19/01/2026 03:57;103.0
17539;4530;streak_extended;20/01/2026 03:57;104.0
17540;4530;streak_extended;22/01/2026 03:57;106.0
17541;4530;streak_extended;24/01/2026 04:57;108.0
17542;4530;streak_extended;16/02/2026 02:57;131.0
17543;4531;app_open;01/03/2026 19:44;
17544;4531;signup_completed;01/03/2026 19:45;
17545;4531;onboarding_completed;01/03/2026 19:49;
17546;4532;app_open;14/01/2026 12:26;
17547;4532;signup_completed;14/01/2026 12:28;
17548;4533;app_open;18/03/2026 04:49;
17549;4533;signup_completed;18/03/2026 04:51;
17550;4533;onboarding_completed;18/03/2026 04:55;
17551;4533;lesson_start;18/03/2026 04:56;101.0
17552;4534;app_open;21/01/2026 01:27;
17553;4534;signup_completed;21/01/2026 01:29;
17554;4534;onboarding_completed;21/01/2026 01:32;
17555;4534;lesson_start;21/01/2026 01:33;101.0
17556;4534;quiz_completed;21/01/2026 01:40;101.0
17557;4534;streak_extended;22/01/2026 03:40;102.0
17558;4534;streak_extended;26/01/2026 02:40;106.0
17559;4535;app_open;20/03/2026 23:39;
17560;4535;signup_completed;20/03/2026 23:41;
17561;4535;onboarding_completed;20/03/2026 23:44;
17562;4535;lesson_start;20/03/2026 23:46;101.0
17563;4535;quiz_completed;20/03/2026 23:51;101.0
17564;4535;streak_extended;21/03/2026 23:51;102.0
17565;4535;streak_extended;23/03/2026 21:51;104.0
17566;4536;app_open;21/01/2026 02:12;
17567;4536;signup_completed;21/01/2026 02:14;
17568;4536;onboarding_completed;21/01/2026 02:17;
17569;4537;app_open;20/03/2026 04:48;
17570;4537;signup_completed;20/03/2026 04:50;
17571;4537;onboarding_completed;20/03/2026 04:51;
17572;4538;app_open;06/01/2026 18:18;
17573;4538;signup_completed;06/01/2026 18:20;
17574;4538;onboarding_completed;06/01/2026 18:23;
17575;4539;app_open;25/02/2026 08:22;
17576;4539;signup_completed;25/02/2026 08:23;
17577;4539;onboarding_completed;25/02/2026 08:25;
17578;4540;app_open;04/02/2026 01:27;
17579;4540;signup_completed;04/02/2026 01:28;
17580;4540;onboarding_completed;04/02/2026 01:29;
17581;4540;lesson_start;04/02/2026 01:31;101.0
17582;4540;quiz_completed;04/02/2026 01:37;101.0
17583;4540;streak_extended;05/02/2026 23:37;103.0
17584;4540;streak_extended;11/02/2026 01:37;108.0
17585;4541;app_open;21/02/2026 16:18;
17586;4541;signup_completed;21/02/2026 16:20;
17587;4541;onboarding_completed;21/02/2026 16:22;
17588;4541;lesson_start;21/02/2026 16:23;101.0
17589;4541;quiz_completed;21/02/2026 16:28;101.0
17590;4541;streak_extended;07/03/2026 17:28;115.0
17591;4542;app_open;28/01/2026 06:58;
17592;4542;signup_completed;28/01/2026 07:00;
17593;4543;app_open;27/02/2026 22:46;
17594;4543;signup_completed;27/02/2026 22:47;
17595;4543;onboarding_completed;27/02/2026 22:49;
17596;4543;lesson_start;27/02/2026 22:51;101.0
17597;4543;quiz_completed;27/02/2026 22:57;101.0
17598;4543;streak_extended;02/03/2026 21:57;104.0
17599;4543;streak_extended;04/03/2026 22:57;106.0
17600;4544;app_open;22/02/2026 07:25;
17601;4544;signup_completed;22/02/2026 07:27;
17602;4545;app_open;17/01/2026 08:20;
17603;4545;signup_completed;17/01/2026 08:22;
17604;4545;onboarding_completed;17/01/2026 08:25;
17605;4546;app_open;01/02/2026 10:10;
17606;4546;signup_completed;01/02/2026 10:11;
17607;4546;onboarding_completed;01/02/2026 10:15;
17608;4547;app_open;10/03/2026 08:33;
17609;4547;signup_completed;10/03/2026 08:35;
17610;4547;onboarding_completed;10/03/2026 08:40;
17611;4548;app_open;29/01/2026 09:53;
17612;4548;signup_completed;29/01/2026 09:54;
17613;4548;onboarding_completed;29/01/2026 09:57;
17614;4548;lesson_start;29/01/2026 09:58;101.0
17615;4548;quiz_completed;29/01/2026 10:06;101.0
17616;4548;streak_extended;01/02/2026 08:06;104.0
17617;4548;streak_extended;28/02/2026 08:06;131.0
17618;4549;app_open;29/01/2026 02:11;
17619;4549;signup_completed;29/01/2026 02:12;
17620;4550;app_open;25/02/2026 14:34;
17621;4550;signup_completed;25/02/2026 14:34;
17622;4551;app_open;26/01/2026 22:57;
17623;4551;signup_completed;26/01/2026 22:58;
17624;4551;onboarding_completed;26/01/2026 23:01;
17625;4551;lesson_start;26/01/2026 23:01;101.0
17626;4551;quiz_completed;26/01/2026 23:09;101.0
17627;4551;streak_extended;27/01/2026 22:09;102.0
17628;4552;app_open;25/03/2026 07:19;
17629;4552;signup_completed;25/03/2026 07:20;
17630;4552;onboarding_completed;25/03/2026 07:23;
17631;4553;app_open;19/02/2026 22:40;
17632;4553;signup_completed;19/02/2026 22:41;
17633;4553;onboarding_completed;19/02/2026 22:42;
17634;4553;lesson_start;19/02/2026 22:44;101.0
17635;4553;quiz_completed;19/02/2026 22:49;101.0
17636;4553;streak_extended;22/02/2026 00:49;103.0
17637;4553;streak_extended;26/02/2026 21:49;108.0
17638;4554;app_open;29/03/2026 09:30;
17639;4555;app_open;07/03/2026 22:52;
17640;4556;app_open;21/03/2026 03:30;
17641;4556;signup_completed;21/03/2026 03:31;
17642;4556;onboarding_completed;21/03/2026 03:35;
17643;4556;lesson_start;21/03/2026 03:36;101.0
17644;4556;quiz_completed;21/03/2026 03:39;101.0
17645;4556;streak_extended;22/03/2026 04:39;102.0
17646;4556;streak_extended;23/03/2026 02:39;103.0
17647;4556;streak_extended;24/03/2026 02:39;104.0
17648;4556;streak_extended;26/03/2026 03:39;106.0
17649;4556;streak_extended;04/04/2026 03:39;115.0
17650;4557;app_open;10/01/2026 05:53;
17651;4557;signup_completed;10/01/2026 05:54;
17652;4557;onboarding_completed;10/01/2026 05:56;
17653;4558;app_open;14/01/2026 03:56;
17654;4558;signup_completed;14/01/2026 03:57;
17655;4558;onboarding_completed;14/01/2026 04:00;
17656;4559;app_open;14/03/2026 19:50;
17657;4559;signup_completed;14/03/2026 19:51;
17658;4559;onboarding_completed;14/03/2026 19:52;
17659;4559;lesson_start;14/03/2026 19:53;101.0
17660;4560;app_open;18/03/2026 06:47;
17661;4560;signup_completed;18/03/2026 06:48;
17662;4560;onboarding_completed;18/03/2026 06:51;
17663;4561;app_open;09/02/2026 23:05;
17664;4561;signup_completed;09/02/2026 23:06;
17665;4561;onboarding_completed;09/02/2026 23:09;
17666;4561;lesson_start;09/02/2026 23:10;101.0
17667;4561;quiz_completed;09/02/2026 23:16;101.0
17668;4561;streak_extended;11/02/2026 23:16;103.0
17669;4562;app_open;06/01/2026 18:08;
17670;4562;signup_completed;06/01/2026 18:09;
17671;4562;onboarding_completed;06/01/2026 18:10;
17672;4562;lesson_start;06/01/2026 18:12;101.0
17673;4562;quiz_completed;06/01/2026 18:17;101.0
17674;4562;streak_extended;07/01/2026 17:17;102.0
17675;4562;streak_extended;13/01/2026 17:17;108.0
17676;4563;app_open;27/01/2026 22:12;
17677;4563;signup_completed;27/01/2026 22:13;
17678;4563;onboarding_completed;27/01/2026 22:15;
17679;4563;lesson_start;27/01/2026 22:16;101.0
17680;4563;quiz_completed;27/01/2026 22:22;101.0
17681;4563;streak_extended;29/01/2026 20:22;103.0
17682;4563;streak_extended;30/01/2026 22:22;104.0
17683;4563;streak_extended;01/02/2026 21:22;106.0
17684;4564;app_open;26/03/2026 04:22;
17685;4564;signup_completed;26/03/2026 04:22;
17686;4564;onboarding_completed;26/03/2026 04:24;
17687;4565;app_open;05/03/2026 16:20;
17688;4565;signup_completed;05/03/2026 16:22;
17689;4565;onboarding_completed;05/03/2026 16:24;
17690;4565;lesson_start;05/03/2026 16:25;101.0
17691;4566;app_open;13/01/2026 07:40;
17692;4566;signup_completed;13/01/2026 07:41;
17693;4566;onboarding_completed;13/01/2026 07:43;
17694;4567;app_open;10/03/2026 02:26;
17695;4567;signup_completed;10/03/2026 02:28;
17696;4567;onboarding_completed;10/03/2026 02:29;
17697;4567;lesson_start;10/03/2026 02:30;101.0
17698;4567;quiz_completed;10/03/2026 02:38;101.0
17699;4567;streak_extended;11/03/2026 03:38;102.0
17700;4567;streak_extended;13/03/2026 00:38;104.0
17701;4567;streak_extended;15/03/2026 02:38;106.0
17702;4568;app_open;26/03/2026 02:06;
17703;4568;signup_completed;26/03/2026 02:07;
17704;4568;onboarding_completed;26/03/2026 02:11;
17705;4568;lesson_start;26/03/2026 02:12;101.0
17706;4568;quiz_completed;26/03/2026 02:16;101.0
17707;4568;streak_extended;27/03/2026 04:16;102.0
17708;4568;streak_extended;29/03/2026 04:16;104.0
17709;4568;streak_extended;02/04/2026 02:16;108.0
17710;4568;streak_extended;25/04/2026 04:16;131.0
17711;4569;app_open;13/01/2026 21:11;
17712;4569;signup_completed;13/01/2026 21:12;
17713;4569;onboarding_completed;13/01/2026 21:15;
17714;4570;app_open;25/01/2026 05:47;
17715;4570;signup_completed;25/01/2026 05:48;
17716;4570;onboarding_completed;25/01/2026 05:53;
17717;4570;lesson_start;25/01/2026 05:53;101.0
17718;4570;quiz_completed;25/01/2026 05:59;101.0
17719;4570;streak_extended;26/01/2026 04:59;102.0
17720;4571;app_open;15/01/2026 04:46;
17721;4571;signup_completed;15/01/2026 04:46;
17722;4572;app_open;11/03/2026 01:40;
17723;4572;signup_completed;11/03/2026 01:41;
17724;4573;app_open;01/02/2026 06:32;
17725;4573;signup_completed;01/02/2026 06:33;
17726;4574;app_open;22/03/2026 10:30;
17727;4574;signup_completed;22/03/2026 10:32;
17728;4574;onboarding_completed;22/03/2026 10:35;
17729;4575;app_open;25/01/2026 00:50;
17730;4575;signup_completed;25/01/2026 00:52;
17731;4575;onboarding_completed;25/01/2026 00:54;
17732;4575;lesson_start;25/01/2026 00:54;101.0
17733;4576;app_open;15/03/2026 22:21;
17734;4577;app_open;23/03/2026 21:37;
17735;4578;app_open;07/03/2026 15:44;
17736;4578;signup_completed;07/03/2026 15:46;
17737;4578;onboarding_completed;07/03/2026 15:47;
17738;4579;app_open;08/02/2026 03:03;
17739;4579;signup_completed;08/02/2026 03:04;
17740;4579;onboarding_completed;08/02/2026 03:09;
17741;4580;app_open;17/02/2026 12:31;
17742;4580;signup_completed;17/02/2026 12:32;
17743;4580;onboarding_completed;17/02/2026 12:36;
17744;4581;app_open;14/01/2026 19:17;
17745;4581;signup_completed;14/01/2026 19:18;
17746;4581;onboarding_completed;14/01/2026 19:19;
17747;4581;lesson_start;14/01/2026 19:20;101.0
17748;4581;quiz_completed;14/01/2026 19:27;101.0
17749;4581;streak_extended;15/01/2026 18:27;102.0
17750;4582;app_open;26/02/2026 01:29;
17751;4582;signup_completed;26/02/2026 01:31;
17752;4582;onboarding_completed;26/02/2026 01:35;
17753;4582;lesson_start;26/02/2026 01:36;101.0
17754;4583;app_open;03/03/2026 09:36;
17755;4583;signup_completed;03/03/2026 09:37;
17756;4584;app_open;27/01/2026 02:09;
17757;4584;signup_completed;27/01/2026 02:10;
17758;4584;onboarding_completed;27/01/2026 02:12;
17759;4585;app_open;02/03/2026 22:54;
17760;4585;signup_completed;02/03/2026 22:55;
17761;4586;app_open;10/02/2026 05:12;
17762;4586;signup_completed;10/02/2026 05:14;
17763;4586;onboarding_completed;10/02/2026 05:16;
17764;4587;app_open;06/02/2026 10:12;
17765;4587;signup_completed;06/02/2026 10:14;
17766;4587;onboarding_completed;06/02/2026 10:16;
17767;4588;app_open;13/02/2026 21:13;
17768;4588;signup_completed;13/02/2026 21:14;
17769;4588;onboarding_completed;13/02/2026 21:17;
17770;4589;app_open;08/01/2026 07:57;
17771;4590;app_open;03/03/2026 12:27;
17772;4590;signup_completed;03/03/2026 12:28;
17773;4591;app_open;19/03/2026 03:32;
17774;4591;signup_completed;19/03/2026 03:33;
17775;4591;onboarding_completed;19/03/2026 03:35;
17776;4591;lesson_start;19/03/2026 03:35;101.0
17777;4591;quiz_completed;19/03/2026 03:42;101.0
17778;4591;streak_extended;20/03/2026 01:42;102.0
17779;4591;streak_extended;21/03/2026 05:42;103.0
17780;4591;streak_extended;22/03/2026 02:42;104.0
17781;4591;streak_extended;24/03/2026 03:42;106.0
17782;4592;app_open;27/03/2026 10:50;
17783;4592;signup_completed;27/03/2026 10:52;
17784;4592;onboarding_completed;27/03/2026 10:55;
17785;4592;lesson_start;27/03/2026 10:56;101.0
17786;4592;quiz_completed;27/03/2026 11:02;101.0
17787;4593;app_open;16/03/2026 15:37;
17788;4593;signup_completed;16/03/2026 15:38;
17789;4593;onboarding_completed;16/03/2026 15:42;
17790;4594;app_open;10/01/2026 00:55;
17791;4594;signup_completed;10/01/2026 00:57;
17792;4595;app_open;09/02/2026 02:42;
17793;4595;signup_completed;09/02/2026 02:43;
17794;4595;onboarding_completed;09/02/2026 02:48;
17795;4595;lesson_start;09/02/2026 02:49;101.0
17796;4595;quiz_completed;09/02/2026 02:52;101.0
17797;4595;streak_extended;10/02/2026 01:52;102.0
17798;4595;streak_extended;11/02/2026 01:52;103.0
17799;4595;streak_extended;12/02/2026 02:52;104.0
17800;4596;app_open;20/02/2026 01:27;
17801;4596;signup_completed;20/02/2026 01:28;
17802;4596;onboarding_completed;20/02/2026 01:30;
17803;4596;lesson_start;20/02/2026 01:32;101.0
17804;4597;app_open;14/03/2026 19:09;
17805;4597;signup_completed;14/03/2026 19:11;
17806;4597;onboarding_completed;14/03/2026 19:12;
17807;4598;app_open;28/01/2026 00:18;
17808;4598;signup_completed;28/01/2026 00:20;
17809;4599;app_open;09/03/2026 10:46;
17810;4599;signup_completed;09/03/2026 10:48;
17811;4599;onboarding_completed;09/03/2026 10:53;
17812;4599;lesson_start;09/03/2026 10:54;101.0
17813;4599;quiz_completed;09/03/2026 11:01;101.0
17814;4599;streak_extended;10/03/2026 10:01;102.0
17815;4599;streak_extended;11/03/2026 09:01;103.0
17816;4600;app_open;27/03/2026 04:17;
17817;4600;signup_completed;27/03/2026 04:19;
17818;4600;onboarding_completed;27/03/2026 04:21;
17819;4600;lesson_start;27/03/2026 04:22;101.0
17820;4600;quiz_completed;27/03/2026 04:26;101.0
17821;4600;streak_extended;28/03/2026 04:26;102.0
17822;4600;streak_extended;03/04/2026 03:26;108.0
17823;4600;streak_extended;26/04/2026 03:26;131.0
17824;4601;app_open;05/02/2026 19:59;
17825;4601;signup_completed;05/02/2026 20:01;
17826;4601;onboarding_completed;05/02/2026 20:04;
17827;4601;lesson_start;05/02/2026 20:06;101.0
17828;4602;app_open;14/02/2026 03:31;
17829;4602;signup_completed;14/02/2026 03:32;
17830;4602;onboarding_completed;14/02/2026 03:36;
17831;4602;lesson_start;14/02/2026 03:37;101.0
17832;4603;app_open;17/02/2026 09:13;
17833;4603;signup_completed;17/02/2026 09:15;
17834;4603;onboarding_completed;17/02/2026 09:19;
17835;4603;lesson_start;17/02/2026 09:20;101.0
17836;4604;app_open;01/02/2026 18:38;
17837;4604;signup_completed;01/02/2026 18:40;
17838;4605;app_open;26/02/2026 12:03;
17839;4605;signup_completed;26/02/2026 12:05;
17840;4605;onboarding_completed;26/02/2026 12:08;
17841;4605;lesson_start;26/02/2026 12:10;101.0
17842;4606;app_open;01/01/2026 05:45;
17843;4607;app_open;26/03/2026 08:42;
17844;4607;signup_completed;26/03/2026 08:43;
17845;4607;onboarding_completed;26/03/2026 08:48;
17846;4608;app_open;17/03/2026 03:51;
17847;4608;signup_completed;17/03/2026 03:52;
17848;4608;onboarding_completed;17/03/2026 03:53;
17849;4609;app_open;24/03/2026 06:02;
17850;4609;signup_completed;24/03/2026 06:03;
17851;4609;onboarding_completed;24/03/2026 06:07;
17852;4610;app_open;13/03/2026 03:22;
17853;4610;signup_completed;13/03/2026 03:23;
17854;4610;onboarding_completed;13/03/2026 03:25;
17855;4610;lesson_start;13/03/2026 03:26;101.0
17856;4610;quiz_completed;13/03/2026 03:32;101.0
17857;4610;streak_extended;14/03/2026 05:32;102.0
17858;4610;streak_extended;15/03/2026 02:32;103.0
17859;4610;streak_extended;16/03/2026 03:32;104.0
17860;4610;streak_extended;27/03/2026 02:32;115.0
17861;4611;app_open;10/01/2026 01:02;
17862;4611;signup_completed;10/01/2026 01:02;
17863;4611;onboarding_completed;10/01/2026 01:06;
17864;4612;app_open;12/03/2026 23:11;
17865;4612;signup_completed;12/03/2026 23:12;
17866;4613;app_open;14/02/2026 12:15;
17867;4613;signup_completed;14/02/2026 12:16;
17868;4613;onboarding_completed;14/02/2026 12:20;
17869;4613;lesson_start;14/02/2026 12:22;101.0
17870;4613;quiz_completed;14/02/2026 12:27;101.0
17871;4613;streak_extended;15/02/2026 12:27;102.0
17872;4613;streak_extended;17/02/2026 13:27;104.0
17873;4613;streak_extended;16/03/2026 12:27;131.0
17874;4614;app_open;03/03/2026 15:17;
17875;4614;signup_completed;03/03/2026 15:18;
17876;4614;onboarding_completed;03/03/2026 15:20;
17877;4614;lesson_start;03/03/2026 15:22;101.0
17878;4614;quiz_completed;03/03/2026 15:25;101.0
17879;4614;streak_extended;04/03/2026 16:25;102.0
17880;4614;streak_extended;05/03/2026 15:25;103.0
17881;4615;app_open;06/03/2026 11:34;
17882;4615;signup_completed;06/03/2026 11:35;
17883;4616;app_open;09/03/2026 16:48;
17884;4616;signup_completed;09/03/2026 16:49;
17885;4617;app_open;04/02/2026 18:43;
17886;4618;app_open;24/03/2026 12:53;
17887;4619;app_open;07/01/2026 03:34;
17888;4619;signup_completed;07/01/2026 03:35;
17889;4619;onboarding_completed;07/01/2026 03:38;
17890;4619;lesson_start;07/01/2026 03:39;101.0
17891;4619;quiz_completed;07/01/2026 03:42;101.0
17892;4619;streak_extended;08/01/2026 01:42;102.0
17893;4619;streak_extended;09/01/2026 03:42;103.0
17894;4619;streak_extended;14/01/2026 02:42;108.0
17895;4620;app_open;19/03/2026 06:03;
17896;4620;signup_completed;19/03/2026 06:05;
17897;4620;onboarding_completed;19/03/2026 06:08;
17898;4621;app_open;21/02/2026 21:17;
17899;4621;signup_completed;21/02/2026 21:19;
17900;4622;app_open;08/02/2026 14:44;
17901;4622;signup_completed;08/02/2026 14:45;
17902;4623;app_open;22/01/2026 03:34;
17903;4624;app_open;11/02/2026 17:08;
17904;4624;signup_completed;11/02/2026 17:10;
17905;4625;app_open;22/03/2026 02:02;
17906;4625;signup_completed;22/03/2026 02:03;
17907;4625;onboarding_completed;22/03/2026 02:07;
17908;4626;app_open;21/01/2026 13:38;
17909;4626;signup_completed;21/01/2026 13:40;
17910;4626;onboarding_completed;21/01/2026 13:44;
17911;4627;app_open;18/02/2026 00:46;
17912;4627;signup_completed;18/02/2026 00:47;
17913;4627;onboarding_completed;18/02/2026 00:52;
17914;4627;lesson_start;18/02/2026 00:53;101.0
17915;4627;quiz_completed;18/02/2026 01:00;101.0
17916;4627;streak_extended;19/02/2026 01:00;102.0
17917;4627;streak_extended;19/02/2026 23:00;103.0
17918;4627;streak_extended;25/02/2026 01:00;108.0
17919;4628;app_open;27/01/2026 01:44;
17920;4628;signup_completed;27/01/2026 01:45;
17921;4628;onboarding_completed;27/01/2026 01:47;
17922;4628;lesson_start;27/01/2026 01:49;101.0
17923;4629;app_open;01/02/2026 08:19;
17924;4629;signup_completed;01/02/2026 08:21;
17925;4630;app_open;22/03/2026 10:10;
17926;4630;signup_completed;22/03/2026 10:11;
17927;4630;onboarding_completed;22/03/2026 10:12;
17928;4631;app_open;28/01/2026 12:49;
17929;4631;signup_completed;28/01/2026 12:50;
17930;4631;onboarding_completed;28/01/2026 12:54;
17931;4631;lesson_start;28/01/2026 12:55;101.0
17932;4631;quiz_completed;28/01/2026 13:02;101.0
17933;4631;streak_extended;11/02/2026 14:02;115.0
17934;4632;app_open;02/02/2026 19:01;
17935;4632;signup_completed;02/02/2026 19:02;
17936;4633;app_open;23/02/2026 03:19;
17937;4634;app_open;26/02/2026 02:40;
17938;4635;app_open;13/01/2026 16:18;
17939;4635;signup_completed;13/01/2026 16:20;
17940;4636;app_open;24/02/2026 23:12;
17941;4636;signup_completed;24/02/2026 23:13;
17942;4636;onboarding_completed;24/02/2026 23:17;
17943;4637;app_open;24/03/2026 18:17;
17944;4637;signup_completed;24/03/2026 18:18;
17945;4638;app_open;17/02/2026 02:55;
17946;4638;signup_completed;17/02/2026 02:56;
17947;4638;onboarding_completed;17/02/2026 02:57;
17948;4638;lesson_start;17/02/2026 02:58;101.0
17949;4638;quiz_completed;17/02/2026 03:03;101.0
17950;4638;streak_extended;18/02/2026 04:03;102.0
17951;4638;streak_extended;19/02/2026 04:03;103.0
17952;4638;streak_extended;20/02/2026 01:03;104.0
17953;4639;app_open;18/03/2026 12:52;
17954;4639;signup_completed;18/03/2026 12:53;
17955;4640;app_open;03/02/2026 08:58;
17956;4640;signup_completed;03/02/2026 09:00;
17957;4640;onboarding_completed;03/02/2026 09:03;
17958;4640;lesson_start;03/02/2026 09:03;101.0
17959;4640;quiz_completed;03/02/2026 09:10;101.0
17960;4640;streak_extended;04/02/2026 08:10;102.0
17961;4640;streak_extended;05/02/2026 09:10;103.0
17962;4640;streak_extended;08/02/2026 09:10;106.0
17963;4641;app_open;28/03/2026 19:31;
17964;4641;signup_completed;28/03/2026 19:32;
17965;4641;onboarding_completed;28/03/2026 19:34;
17966;4642;app_open;08/03/2026 06:27;
17967;4642;signup_completed;08/03/2026 06:29;
17968;4642;onboarding_completed;08/03/2026 06:30;
17969;4642;lesson_start;08/03/2026 06:31;101.0
17970;4642;quiz_completed;08/03/2026 06:35;101.0
17971;4642;streak_extended;09/03/2026 08:35;102.0
17972;4642;streak_extended;15/03/2026 06:35;108.0
17973;4643;app_open;16/03/2026 00:10;
17974;4643;signup_completed;16/03/2026 00:12;
17975;4643;onboarding_completed;16/03/2026 00:15;
17976;4643;lesson_start;16/03/2026 00:15;101.0
17977;4643;quiz_completed;16/03/2026 00:19;101.0
17978;4643;streak_extended;18/03/2026 00:19;103.0
17979;4643;streak_extended;29/03/2026 22:19;115.0
17980;4644;app_open;05/01/2026 16:48;
17981;4644;signup_completed;05/01/2026 16:48;
17982;4644;onboarding_completed;05/01/2026 16:51;
17983;4644;lesson_start;05/01/2026 16:52;101.0
17984;4644;quiz_completed;05/01/2026 16:59;101.0
17985;4645;app_open;05/01/2026 11:03;
17986;4645;signup_completed;05/01/2026 11:05;
17987;4645;onboarding_completed;05/01/2026 11:06;
17988;4645;lesson_start;05/01/2026 11:06;101.0
17989;4645;quiz_completed;05/01/2026 11:10;101.0
17990;4645;streak_extended;06/01/2026 11:10;102.0
17991;4645;streak_extended;10/01/2026 10:10;106.0
17992;4645;streak_extended;12/01/2026 10:10;108.0
17993;4646;app_open;10/01/2026 16:01;
17994;4646;signup_completed;10/01/2026 16:03;
17995;4646;onboarding_completed;10/01/2026 16:05;
17996;4647;app_open;02/03/2026 19:06;
17997;4647;signup_completed;02/03/2026 19:07;
17998;4647;onboarding_completed;02/03/2026 19:08;
17999;4647;lesson_start;02/03/2026 19:10;101.0
18000;4647;quiz_completed;02/03/2026 19:14;101.0
18001;4647;streak_extended;07/03/2026 19:14;106.0
18002;4647;streak_extended;09/03/2026 21:14;108.0
18003;4648;app_open;18/03/2026 02:35;
18004;4648;signup_completed;18/03/2026 02:37;
18005;4648;onboarding_completed;18/03/2026 02:41;
18006;4649;app_open;23/03/2026 05:39;
18007;4649;signup_completed;23/03/2026 05:41;
18008;4649;onboarding_completed;23/03/2026 05:45;
18009;4649;lesson_start;23/03/2026 05:47;101.0
18010;4649;quiz_completed;23/03/2026 05:53;101.0
18011;4650;app_open;14/02/2026 14:54;
18012;4650;signup_completed;14/02/2026 14:55;
18013;4651;app_open;02/01/2026 13:56;
18014;4651;signup_completed;02/01/2026 13:56;
18015;4652;app_open;13/01/2026 01:29;
18016;4652;signup_completed;13/01/2026 01:30;
18017;4652;onboarding_completed;13/01/2026 01:32;
18018;4652;lesson_start;13/01/2026 01:34;101.0
18019;4653;app_open;25/03/2026 06:28;
18020;4653;signup_completed;25/03/2026 06:30;
18021;4653;onboarding_completed;25/03/2026 06:32;
18022;4654;app_open;16/01/2026 08:07;
18023;4654;signup_completed;16/01/2026 08:08;
18024;4654;onboarding_completed;16/01/2026 08:11;
18025;4654;lesson_start;16/01/2026 08:12;101.0
18026;4654;quiz_completed;16/01/2026 08:19;101.0
18027;4655;app_open;12/02/2026 20:16;
18028;4655;signup_completed;12/02/2026 20:17;
18029;4656;app_open;14/02/2026 07:45;
18030;4656;signup_completed;14/02/2026 07:47;
18031;4657;app_open;01/01/2026 01:34;
18032;4657;signup_completed;01/01/2026 01:36;
18033;4657;onboarding_completed;01/01/2026 01:38;
18034;4657;lesson_start;01/01/2026 01:40;101.0
18035;4657;quiz_completed;01/01/2026 01:47;101.0
18036;4657;streak_extended;01/01/2026 23:47;102.0
18037;4657;streak_extended;03/01/2026 02:47;103.0
18038;4657;streak_extended;08/01/2026 00:47;108.0
18039;4658;app_open;11/02/2026 12:50;
18040;4658;signup_completed;11/02/2026 12:52;
18041;4658;onboarding_completed;11/02/2026 12:53;
18042;4659;app_open;20/01/2026 15:26;
18043;4659;signup_completed;20/01/2026 15:26;
18044;4660;app_open;08/03/2026 20:32;
18045;4660;signup_completed;08/03/2026 20:33;
18046;4660;onboarding_completed;08/03/2026 20:36;
18047;4660;lesson_start;08/03/2026 20:37;101.0
18048;4660;quiz_completed;08/03/2026 20:41;101.0
18049;4660;streak_extended;09/03/2026 18:41;102.0
18050;4660;streak_extended;10/03/2026 18:41;103.0
18051;4661;app_open;30/03/2026 07:04;
18052;4661;signup_completed;30/03/2026 07:06;
18053;4661;onboarding_completed;30/03/2026 07:11;
18054;4661;lesson_start;30/03/2026 07:11;101.0
18055;4661;quiz_completed;30/03/2026 07:18;101.0
18056;4661;streak_extended;31/03/2026 08:18;102.0
18057;4661;streak_extended;01/04/2026 08:18;103.0
18058;4661;streak_extended;04/04/2026 07:18;106.0
18059;4661;streak_extended;06/04/2026 07:18;108.0
18060;4662;app_open;13/01/2026 19:22;
18061;4662;signup_completed;13/01/2026 19:24;
18062;4662;onboarding_completed;13/01/2026 19:26;
18063;4663;app_open;27/03/2026 15:33;
18064;4663;signup_completed;27/03/2026 15:34;
18065;4663;onboarding_completed;27/03/2026 15:39;
18066;4663;lesson_start;27/03/2026 15:41;101.0
18067;4663;quiz_completed;27/03/2026 15:49;101.0
18068;4663;streak_extended;03/04/2026 13:49;108.0
18069;4664;app_open;05/03/2026 02:36;
18070;4664;signup_completed;05/03/2026 02:37;
18071;4665;app_open;30/01/2026 07:23;
18072;4665;signup_completed;30/01/2026 07:25;
18073;4665;onboarding_completed;30/01/2026 07:28;
18074;4665;lesson_start;30/01/2026 07:29;101.0
18075;4665;quiz_completed;30/01/2026 07:33;101.0
18076;4665;streak_extended;01/02/2026 08:33;103.0
18077;4666;app_open;16/01/2026 10:26;
18078;4666;signup_completed;16/01/2026 10:27;
18079;4667;app_open;26/03/2026 21:33;
18080;4667;signup_completed;26/03/2026 21:34;
18081;4667;onboarding_completed;26/03/2026 21:36;
18082;4668;app_open;27/03/2026 02:36;
18083;4668;signup_completed;27/03/2026 02:38;
18084;4668;onboarding_completed;27/03/2026 02:41;
18085;4668;lesson_start;27/03/2026 02:42;101.0
18086;4668;quiz_completed;27/03/2026 02:48;101.0
18087;4668;streak_extended;28/03/2026 01:48;102.0
18088;4669;app_open;27/01/2026 14:30;
18089;4669;signup_completed;27/01/2026 14:31;
18090;4669;onboarding_completed;27/01/2026 14:34;
18091;4669;lesson_start;27/01/2026 14:36;101.0
18092;4670;app_open;10/01/2026 01:29;
18093;4670;signup_completed;10/01/2026 01:31;
18094;4671;app_open;05/03/2026 13:18;
18095;4672;app_open;04/02/2026 23:52;
18096;4672;signup_completed;04/02/2026 23:53;
18097;4672;onboarding_completed;04/02/2026 23:57;
18098;4672;lesson_start;04/02/2026 23:58;101.0
18099;4672;quiz_completed;05/02/2026 00:03;101.0
18100;4673;app_open;25/01/2026 07:26;
18101;4673;signup_completed;25/01/2026 07:28;
18102;4674;app_open;09/01/2026 00:03;
18103;4674;signup_completed;09/01/2026 00:05;
18104;4674;onboarding_completed;09/01/2026 00:08;
18105;4674;lesson_start;09/01/2026 00:10;101.0
18106;4675;app_open;06/02/2026 02:27;
18107;4675;signup_completed;06/02/2026 02:28;
18108;4675;onboarding_completed;06/02/2026 02:30;
18109;4676;app_open;06/03/2026 12:25;
18110;4677;app_open;29/03/2026 18:00;
18111;4677;signup_completed;29/03/2026 18:00;
18112;4677;onboarding_completed;29/03/2026 18:04;
18113;4677;lesson_start;29/03/2026 18:05;101.0
18114;4677;quiz_completed;29/03/2026 18:11;101.0
18115;4677;streak_extended;03/04/2026 17:11;106.0
18116;4678;app_open;05/03/2026 00:04;
18117;4678;signup_completed;05/03/2026 00:05;
18118;4678;onboarding_completed;05/03/2026 00:09;
18119;4679;app_open;17/01/2026 01:42;
18120;4679;signup_completed;17/01/2026 01:44;
18121;4679;onboarding_completed;17/01/2026 01:47;
18122;4680;app_open;06/01/2026 00:40;
18123;4680;signup_completed;06/01/2026 00:41;
18124;4680;onboarding_completed;06/01/2026 00:43;
18125;4681;app_open;08/02/2026 11:32;
18126;4681;signup_completed;08/02/2026 11:33;
18127;4682;app_open;02/03/2026 17:45;
18128;4682;signup_completed;02/03/2026 17:47;
18129;4682;onboarding_completed;02/03/2026 17:48;
18130;4683;app_open;30/01/2026 15:53;
18131;4683;signup_completed;30/01/2026 15:54;
18132;4683;onboarding_completed;30/01/2026 15:57;
18133;4684;app_open;12/03/2026 11:40;
18134;4685;app_open;09/03/2026 21:48;
18135;4685;signup_completed;09/03/2026 21:49;
18136;4685;onboarding_completed;09/03/2026 21:51;
18137;4685;lesson_start;09/03/2026 21:52;101.0
18138;4685;quiz_completed;09/03/2026 21:56;101.0
18139;4685;streak_extended;10/03/2026 22:56;102.0
18140;4685;streak_extended;12/03/2026 21:56;104.0
18141;4685;streak_extended;16/03/2026 22:56;108.0
18142;4686;app_open;15/03/2026 07:49;
18143;4687;app_open;23/01/2026 17:35;
18144;4687;signup_completed;23/01/2026 17:36;
18145;4687;onboarding_completed;23/01/2026 17:40;
18146;4687;lesson_start;23/01/2026 17:42;101.0
18147;4687;quiz_completed;23/01/2026 17:46;101.0
18148;4687;streak_extended;24/01/2026 16:46;102.0
18149;4687;streak_extended;28/01/2026 18:46;106.0
18150;4687;streak_extended;30/01/2026 19:46;108.0
18151;4688;app_open;11/02/2026 16:10;
18152;4688;signup_completed;11/02/2026 16:12;
18153;4688;onboarding_completed;11/02/2026 16:15;
18154;4688;lesson_start;11/02/2026 16:17;101.0
18155;4688;quiz_completed;11/02/2026 16:24;101.0
18156;4688;streak_extended;12/02/2026 14:24;102.0
18157;4688;streak_extended;18/02/2026 18:24;108.0
18158;4689;app_open;05/03/2026 15:23;
18159;4689;signup_completed;05/03/2026 15:25;
18160;4689;onboarding_completed;05/03/2026 15:27;
18161;4689;lesson_start;05/03/2026 15:27;101.0
18162;4689;quiz_completed;05/03/2026 15:35;101.0
18163;4689;streak_extended;06/03/2026 13:35;102.0
18164;4689;streak_extended;07/03/2026 14:35;103.0
18165;4689;streak_extended;12/03/2026 13:35;108.0
18166;4690;app_open;09/01/2026 20:30;
18167;4690;signup_completed;09/01/2026 20:31;
18168;4690;onboarding_completed;09/01/2026 20:34;
18169;4691;app_open;10/03/2026 07:44;
18170;4691;signup_completed;10/03/2026 07:46;
18171;4691;onboarding_completed;10/03/2026 07:49;
18172;4691;lesson_start;10/03/2026 07:49;101.0
18173;4691;quiz_completed;10/03/2026 07:54;101.0
18174;4691;streak_extended;11/03/2026 06:54;102.0
18175;4691;streak_extended;15/03/2026 05:54;106.0
18176;4691;streak_extended;17/03/2026 05:54;108.0
18177;4692;app_open;10/01/2026 05:47;
18178;4692;signup_completed;10/01/2026 05:48;
18179;4693;app_open;01/01/2026 02:31;
18180;4694;app_open;21/01/2026 17:18;
18181;4694;signup_completed;21/01/2026 17:19;
18182;4695;app_open;16/02/2026 07:02;
18183;4695;signup_completed;16/02/2026 07:03;
18184;4696;app_open;08/01/2026 13:36;
18185;4696;signup_completed;08/01/2026 13:37;
18186;4696;onboarding_completed;08/01/2026 13:42;
18187;4697;app_open;13/01/2026 21:12;
18188;4698;app_open;27/02/2026 15:22;
18189;4698;signup_completed;27/02/2026 15:24;
18190;4698;onboarding_completed;27/02/2026 15:28;
18191;4699;app_open;22/01/2026 23:03;
18192;4699;signup_completed;22/01/2026 23:05;
18193;4699;onboarding_completed;22/01/2026 23:08;
18194;4699;lesson_start;22/01/2026 23:09;101.0
18195;4700;app_open;20/02/2026 10:23;
18196;4700;signup_completed;20/02/2026 10:24;
18197;4700;onboarding_completed;20/02/2026 10:28;
18198;4700;lesson_start;20/02/2026 10:30;101.0
18199;4700;quiz_completed;20/02/2026 10:33;101.0
18200;4700;streak_extended;21/02/2026 12:33;102.0
18201;4700;streak_extended;22/02/2026 08:33;103.0
18202;4701;app_open;08/03/2026 00:28;
18203;4701;signup_completed;08/03/2026 00:29;
18204;4702;app_open;13/02/2026 05:04;
18205;4702;signup_completed;13/02/2026 05:06;
18206;4702;onboarding_completed;13/02/2026 05:07;
18207;4702;lesson_start;13/02/2026 05:08;101.0
18208;4702;quiz_completed;13/02/2026 05:16;101.0
18209;4702;streak_extended;14/02/2026 06:16;102.0
18210;4702;streak_extended;16/02/2026 04:16;104.0
18211;4702;streak_extended;27/02/2026 04:16;115.0
18212;4703;app_open;01/01/2026 21:38;
18213;4703;signup_completed;01/01/2026 21:39;
18214;4704;app_open;01/01/2026 18:47;
18215;4704;signup_completed;01/01/2026 18:48;
18216;4704;onboarding_completed;01/01/2026 18:50;
18217;4705;app_open;09/03/2026 12:51;
18218;4705;signup_completed;09/03/2026 12:52;
18219;4706;app_open;03/02/2026 08:35;
18220;4706;signup_completed;03/02/2026 08:35;
18221;4706;onboarding_completed;03/02/2026 08:39;
18222;4706;lesson_start;03/02/2026 08:41;101.0
18223;4706;quiz_completed;03/02/2026 08:45;101.0
18224;4706;streak_extended;04/02/2026 06:45;102.0
18225;4706;streak_extended;05/03/2026 10:45;131.0
18226;4707;app_open;21/03/2026 08:00;
18227;4707;signup_completed;21/03/2026 08:01;
18228;4707;onboarding_completed;21/03/2026 08:05;
18229;4707;lesson_start;21/03/2026 08:07;101.0
18230;4707;quiz_completed;21/03/2026 08:14;101.0
18231;4707;streak_extended;22/03/2026 08:14;102.0
18232;4707;streak_extended;23/03/2026 06:14;103.0
18233;4707;streak_extended;24/03/2026 10:14;104.0
18234;4708;app_open;12/01/2026 17:00;
18235;4708;signup_completed;12/01/2026 17:01;
18236;4708;onboarding_completed;12/01/2026 17:04;
18237;4709;app_open;25/03/2026 12:44;
18238;4709;signup_completed;25/03/2026 12:46;
18239;4709;onboarding_completed;25/03/2026 12:49;
18240;4709;lesson_start;25/03/2026 12:50;101.0
18241;4709;quiz_completed;25/03/2026 12:54;101.0
18242;4709;streak_extended;30/03/2026 11:54;106.0
18243;4710;app_open;11/02/2026 00:03;
18244;4710;signup_completed;11/02/2026 00:04;
18245;4711;app_open;09/03/2026 09:12;
18246;4711;signup_completed;09/03/2026 09:13;
18247;4712;app_open;13/01/2026 19:59;
18248;4712;signup_completed;13/01/2026 20:01;
18249;4712;onboarding_completed;13/01/2026 20:05;
18250;4713;app_open;16/02/2026 09:07;
18251;4713;signup_completed;16/02/2026 09:08;
18252;4714;app_open;07/01/2026 21:02;
18253;4714;signup_completed;07/01/2026 21:03;
18254;4714;onboarding_completed;07/01/2026 21:07;
18255;4715;app_open;23/01/2026 05:29;
18256;4715;signup_completed;23/01/2026 05:30;
18257;4715;onboarding_completed;23/01/2026 05:32;
18258;4716;app_open;07/02/2026 04:37;
18259;4716;signup_completed;07/02/2026 04:38;
18260;4716;onboarding_completed;07/02/2026 04:40;
18261;4716;lesson_start;07/02/2026 04:42;101.0
18262;4717;app_open;09/01/2026 16:09;
18263;4718;app_open;12/03/2026 22:48;
18264;4719;app_open;20/03/2026 06:00;
18265;4719;signup_completed;20/03/2026 06:02;
18266;4719;onboarding_completed;20/03/2026 06:04;
18267;4719;lesson_start;20/03/2026 06:06;101.0
18268;4719;quiz_completed;20/03/2026 06:11;101.0
18269;4719;streak_extended;21/03/2026 08:11;102.0
18270;4719;streak_extended;25/03/2026 05:11;106.0
18271;4720;app_open;10/01/2026 22:40;
18272;4720;signup_completed;10/01/2026 22:41;
18273;4720;onboarding_completed;10/01/2026 22:45;
18274;4720;lesson_start;10/01/2026 22:45;101.0
18275;4720;quiz_completed;10/01/2026 22:49;101.0
18276;4720;streak_extended;11/01/2026 20:49;102.0
18277;4720;streak_extended;12/01/2026 20:49;103.0
18278;4721;app_open;11/01/2026 00:28;
18279;4721;signup_completed;11/01/2026 00:29;
18280;4722;app_open;31/01/2026 10:09;
18281;4722;signup_completed;31/01/2026 10:10;
18282;4723;app_open;05/02/2026 16:28;
18283;4723;signup_completed;05/02/2026 16:29;
18284;4723;onboarding_completed;05/02/2026 16:33;
18285;4723;lesson_start;05/02/2026 16:34;101.0
18286;4723;quiz_completed;05/02/2026 16:41;101.0
18287;4723;streak_extended;06/02/2026 15:41;102.0
18288;4724;app_open;27/03/2026 12:51;
18289;4724;signup_completed;27/03/2026 12:53;
18290;4724;onboarding_completed;27/03/2026 12:55;
18291;4724;lesson_start;27/03/2026 12:57;101.0
18292;4724;quiz_completed;27/03/2026 13:04;101.0
18293;4724;streak_extended;28/03/2026 14:04;102.0
18294;4725;app_open;30/01/2026 01:18;
18295;4725;signup_completed;30/01/2026 01:19;
18296;4725;onboarding_completed;30/01/2026 01:23;
18297;4725;lesson_start;30/01/2026 01:24;101.0
18298;4726;app_open;14/01/2026 07:32;
18299;4726;signup_completed;14/01/2026 07:33;
18300;4726;onboarding_completed;14/01/2026 07:34;
18301;4726;lesson_start;14/01/2026 07:35;101.0
18302;4726;quiz_completed;14/01/2026 07:42;101.0
18303;4726;streak_extended;15/01/2026 06:42;102.0
18304;4726;streak_extended;17/01/2026 06:42;104.0
18305;4727;app_open;07/02/2026 03:48;
18306;4727;signup_completed;07/02/2026 03:50;
18307;4727;onboarding_completed;07/02/2026 03:52;
18308;4727;lesson_start;07/02/2026 03:52;101.0
18309;4727;quiz_completed;07/02/2026 03:58;101.0
18310;4727;streak_extended;08/02/2026 04:58;102.0
18311;4727;streak_extended;09/02/2026 04:58;103.0
18312;4727;streak_extended;21/02/2026 01:58;115.0
18313;4728;app_open;17/03/2026 02:17;
18314;4728;signup_completed;17/03/2026 02:19;
18315;4728;onboarding_completed;17/03/2026 02:21;
18316;4728;lesson_start;17/03/2026 02:23;101.0
18317;4728;quiz_completed;17/03/2026 02:27;101.0
18318;4728;streak_extended;18/03/2026 01:27;102.0
18319;4728;streak_extended;22/03/2026 04:27;106.0
18320;4728;streak_extended;16/04/2026 04:27;131.0
18321;4729;app_open;20/03/2026 23:17;
18322;4729;signup_completed;20/03/2026 23:18;
18323;4729;onboarding_completed;20/03/2026 23:20;
18324;4729;lesson_start;20/03/2026 23:22;101.0
18325;4730;app_open;15/03/2026 02:59;
18326;4730;signup_completed;15/03/2026 03:00;
18327;4730;onboarding_completed;15/03/2026 03:03;
18328;4730;lesson_start;15/03/2026 03:04;101.0
18329;4731;app_open;26/03/2026 21:43;
18330;4731;signup_completed;26/03/2026 21:44;
18331;4731;onboarding_completed;26/03/2026 21:49;
18332;4731;lesson_start;26/03/2026 21:49;101.0
18333;4731;quiz_completed;26/03/2026 21:56;101.0
18334;4731;streak_extended;28/03/2026 21:56;103.0
18335;4731;streak_extended;29/03/2026 22:56;104.0
18336;4731;streak_extended;31/03/2026 22:56;106.0
18337;4731;streak_extended;09/04/2026 23:56;115.0
18338;4732;app_open;13/01/2026 22:15;
18339;4732;signup_completed;13/01/2026 22:16;
18340;4732;onboarding_completed;13/01/2026 22:17;
18341;4733;app_open;04/03/2026 06:58;
18342;4733;signup_completed;04/03/2026 07:00;
18343;4734;app_open;07/03/2026 17:50;
18344;4734;signup_completed;07/03/2026 17:52;
18345;4735;app_open;14/01/2026 20:52;
18346;4735;signup_completed;14/01/2026 20:53;
18347;4735;onboarding_completed;14/01/2026 20:58;
18348;4735;lesson_start;14/01/2026 20:59;101.0
18349;4736;app_open;07/01/2026 15:24;
18350;4736;signup_completed;07/01/2026 15:25;
18351;4736;onboarding_completed;07/01/2026 15:30;
18352;4737;app_open;21/02/2026 12:10;
18353;4737;signup_completed;21/02/2026 12:12;
18354;4737;onboarding_completed;21/02/2026 12:13;
18355;4737;lesson_start;21/02/2026 12:15;101.0
18356;4737;quiz_completed;21/02/2026 12:19;101.0
18357;4737;streak_extended;23/03/2026 11:19;131.0
18358;4738;app_open;24/02/2026 16:33;
18359;4738;signup_completed;24/02/2026 16:35;
18360;4738;onboarding_completed;24/02/2026 16:40;
18361;4738;lesson_start;24/02/2026 16:41;101.0
18362;4738;quiz_completed;24/02/2026 16:45;101.0
18363;4739;app_open;01/01/2026 19:44;
18364;4739;signup_completed;01/01/2026 19:46;
18365;4740;app_open;01/03/2026 06:08;
18366;4740;signup_completed;01/03/2026 06:09;
18367;4740;onboarding_completed;01/03/2026 06:12;
18368;4740;lesson_start;01/03/2026 06:13;101.0
18369;4741;app_open;05/03/2026 02:39;
18370;4741;signup_completed;05/03/2026 02:40;
18371;4742;app_open;16/01/2026 22:25;
18372;4742;signup_completed;16/01/2026 22:26;
18373;4742;onboarding_completed;16/01/2026 22:30;
18374;4743;app_open;12/02/2026 17:30;
18375;4743;signup_completed;12/02/2026 17:31;
18376;4744;app_open;04/02/2026 02:19;
18377;4744;signup_completed;04/02/2026 02:20;
18378;4744;onboarding_completed;04/02/2026 02:23;
18379;4745;app_open;12/03/2026 03:23;
18380;4745;signup_completed;12/03/2026 03:24;
18381;4745;onboarding_completed;12/03/2026 03:29;
18382;4746;app_open;21/01/2026 16:27;
18383;4746;signup_completed;21/01/2026 16:29;
18384;4746;onboarding_completed;21/01/2026 16:32;
18385;4747;app_open;02/03/2026 23:31;
18386;4747;signup_completed;02/03/2026 23:33;
18387;4747;onboarding_completed;02/03/2026 23:37;
18388;4748;app_open;14/03/2026 15:35;
18389;4748;signup_completed;14/03/2026 15:37;
18390;4749;app_open;15/01/2026 16:43;
18391;4749;signup_completed;15/01/2026 16:44;
18392;4749;onboarding_completed;15/01/2026 16:46;
18393;4749;lesson_start;15/01/2026 16:48;101.0
18394;4749;quiz_completed;15/01/2026 16:55;101.0
18395;4749;streak_extended;17/01/2026 18:55;103.0
18396;4749;streak_extended;18/01/2026 18:55;104.0
18397;4750;app_open;09/02/2026 23:21;
18398;4750;signup_completed;09/02/2026 23:22;
18399;4750;onboarding_completed;09/02/2026 23:26;
18400;4751;app_open;01/03/2026 19:33;
18401;4751;signup_completed;01/03/2026 19:34;
18402;4751;onboarding_completed;01/03/2026 19:36;
18403;4752;app_open;08/03/2026 15:48;
18404;4752;signup_completed;08/03/2026 15:50;
18405;4752;onboarding_completed;08/03/2026 15:51;
18406;4752;lesson_start;08/03/2026 15:53;101.0
18407;4753;app_open;12/02/2026 22:49;
18408;4753;signup_completed;12/02/2026 22:51;
18409;4753;onboarding_completed;12/02/2026 22:55;
18410;4753;lesson_start;12/02/2026 22:57;101.0
18411;4754;app_open;25/03/2026 11:51;
18412;4754;signup_completed;25/03/2026 11:53;
18413;4754;onboarding_completed;25/03/2026 11:57;
18414;4754;lesson_start;25/03/2026 11:59;101.0
18415;4754;quiz_completed;25/03/2026 12:04;101.0
18416;4754;streak_extended;27/03/2026 13:04;103.0
18417;4755;app_open;22/01/2026 02:13;
18418;4755;signup_completed;22/01/2026 02:14;
18419;4755;onboarding_completed;22/01/2026 02:19;
18420;4755;lesson_start;22/01/2026 02:21;101.0
18421;4756;app_open;09/01/2026 09:59;
18422;4757;app_open;29/03/2026 01:12;
18423;4757;signup_completed;29/03/2026 01:13;
18424;4758;app_open;10/01/2026 18:06;
18425;4758;signup_completed;10/01/2026 18:07;
18426;4759;app_open;14/01/2026 14:15;
18427;4759;signup_completed;14/01/2026 14:16;
18428;4759;onboarding_completed;14/01/2026 14:21;
18429;4759;lesson_start;14/01/2026 14:22;101.0
18430;4760;app_open;15/03/2026 01:19;
18431;4761;app_open;12/01/2026 22:58;
18432;4762;app_open;27/02/2026 05:48;
18433;4762;signup_completed;27/02/2026 05:50;
18434;4762;onboarding_completed;27/02/2026 05:51;
18435;4763;app_open;12/03/2026 21:02;
18436;4763;signup_completed;12/03/2026 21:03;
18437;4763;onboarding_completed;12/03/2026 21:07;
18438;4764;app_open;07/02/2026 06:51;
18439;4764;signup_completed;07/02/2026 06:53;
18440;4764;onboarding_completed;07/02/2026 06:54;
18441;4765;app_open;04/02/2026 03:08;
18442;4765;signup_completed;04/02/2026 03:09;
18443;4765;onboarding_completed;04/02/2026 03:13;
18444;4765;lesson_start;04/02/2026 03:14;101.0
18445;4765;quiz_completed;04/02/2026 03:18;101.0
18446;4765;streak_extended;05/02/2026 02:18;102.0
18447;4765;streak_extended;07/02/2026 02:18;104.0
18448;4765;streak_extended;18/02/2026 03:18;115.0
18449;4766;app_open;11/02/2026 16:32;
18450;4767;app_open;31/01/2026 12:50;
18451;4767;signup_completed;31/01/2026 12:52;
18452;4768;app_open;18/03/2026 19:20;
18453;4768;signup_completed;18/03/2026 19:21;
18454;4768;onboarding_completed;18/03/2026 19:22;
18455;4768;lesson_start;18/03/2026 19:22;101.0
18456;4769;app_open;14/01/2026 13:49;
18457;4769;signup_completed;14/01/2026 13:51;
18458;4769;onboarding_completed;14/01/2026 13:54;
18459;4769;lesson_start;14/01/2026 13:55;101.0
18460;4769;quiz_completed;14/01/2026 14:01;101.0
18461;4769;streak_extended;15/01/2026 14:01;102.0
18462;4769;streak_extended;16/01/2026 15:01;103.0
18463;4769;streak_extended;17/01/2026 16:01;104.0
18464;4770;app_open;25/01/2026 01:23;
18465;4770;signup_completed;25/01/2026 01:24;
18466;4770;onboarding_completed;25/01/2026 01:25;
18467;4771;app_open;27/01/2026 21:22;
18468;4771;signup_completed;27/01/2026 21:24;
18469;4771;onboarding_completed;27/01/2026 21:28;
18470;4771;lesson_start;27/01/2026 21:29;101.0
18471;4772;app_open;04/03/2026 14:04;
18472;4772;signup_completed;04/03/2026 14:05;
18473;4772;onboarding_completed;04/03/2026 14:07;
18474;4772;lesson_start;04/03/2026 14:08;101.0
18475;4772;quiz_completed;04/03/2026 14:15;101.0
18476;4772;streak_extended;05/03/2026 15:15;102.0
18477;4772;streak_extended;06/03/2026 14:15;103.0
18478;4772;streak_extended;18/03/2026 12:15;115.0
18479;4773;app_open;09/01/2026 04:18;
18480;4773;signup_completed;09/01/2026 04:19;
18481;4773;onboarding_completed;09/01/2026 04:24;
18482;4773;lesson_start;09/01/2026 04:25;101.0
18483;4774;app_open;25/01/2026 02:16;
18484;4774;signup_completed;25/01/2026 02:18;
18485;4775;app_open;23/02/2026 17:30;
18486;4775;signup_completed;23/02/2026 17:31;
18487;4775;onboarding_completed;23/02/2026 17:32;
18488;4776;app_open;28/02/2026 08:25;
18489;4776;signup_completed;28/02/2026 08:27;
18490;4776;onboarding_completed;28/02/2026 08:31;
18491;4776;lesson_start;28/02/2026 08:33;101.0
18492;4777;app_open;28/02/2026 06:07;
18493;4777;signup_completed;28/02/2026 06:08;
18494;4777;onboarding_completed;28/02/2026 06:11;
18495;4777;lesson_start;28/02/2026 06:12;101.0
18496;4777;quiz_completed;28/02/2026 06:15;101.0
18497;4777;streak_extended;01/03/2026 05:15;102.0
18498;4777;streak_extended;02/03/2026 04:15;103.0
18499;4778;app_open;12/03/2026 00:28;
18500;4778;signup_completed;12/03/2026 00:29;
18501;4778;onboarding_completed;12/03/2026 00:34;
18502;4778;lesson_start;12/03/2026 00:36;101.0
18503;4778;quiz_completed;12/03/2026 00:42;101.0
18504;4778;streak_extended;12/03/2026 22:42;102.0
18505;4778;streak_extended;14/03/2026 02:42;103.0
18506;4778;streak_extended;15/03/2026 00:42;104.0
18507;4778;streak_extended;18/03/2026 23:42;108.0
18508;4779;app_open;28/02/2026 23:47;
18509;4779;signup_completed;28/02/2026 23:49;
18510;4779;onboarding_completed;28/02/2026 23:51;
18511;4779;lesson_start;28/02/2026 23:53;101.0
18512;4779;quiz_completed;01/03/2026 00:00;101.0
18513;4779;streak_extended;01/03/2026 22:00;102.0
18514;4779;streak_extended;02/03/2026 22:00;103.0
18515;4780;app_open;28/01/2026 15:54;
18516;4781;app_open;17/03/2026 15:07;
18517;4781;signup_completed;17/03/2026 15:09;
18518;4781;onboarding_completed;17/03/2026 15:11;
18519;4781;lesson_start;17/03/2026 15:13;101.0
18520;4781;quiz_completed;17/03/2026 15:17;101.0
18521;4781;streak_extended;18/03/2026 14:17;102.0
18522;4781;streak_extended;19/03/2026 17:17;103.0
18523;4782;app_open;09/03/2026 00:55;
18524;4783;app_open;03/01/2026 14:30;
18525;4783;signup_completed;03/01/2026 14:31;
18526;4783;onboarding_completed;03/01/2026 14:36;
18527;4783;lesson_start;03/01/2026 14:37;101.0
18528;4783;quiz_completed;03/01/2026 14:40;101.0
18529;4783;streak_extended;04/01/2026 13:40;102.0
18530;4783;streak_extended;05/01/2026 14:40;103.0
18531;4783;streak_extended;06/01/2026 12:40;104.0
18532;4784;app_open;24/03/2026 07:43;
18533;4784;signup_completed;24/03/2026 07:45;
18534;4784;onboarding_completed;24/03/2026 07:48;
18535;4784;lesson_start;24/03/2026 07:49;101.0
18536;4784;quiz_completed;24/03/2026 07:55;101.0
18537;4784;streak_extended;25/03/2026 06:55;102.0
18538;4784;streak_extended;27/03/2026 07:55;104.0
18539;4785;app_open;24/03/2026 05:48;
18540;4785;signup_completed;24/03/2026 05:50;
18541;4785;onboarding_completed;24/03/2026 05:52;
18542;4785;lesson_start;24/03/2026 05:52;101.0
18543;4785;quiz_completed;24/03/2026 05:56;101.0
18544;4785;streak_extended;25/03/2026 06:56;102.0
18545;4785;streak_extended;26/03/2026 04:56;103.0
18546;4786;app_open;05/03/2026 22:11;
18547;4786;signup_completed;05/03/2026 22:13;
18548;4787;app_open;27/03/2026 00:49;
18549;4788;app_open;30/01/2026 06:53;
18550;4788;signup_completed;30/01/2026 06:54;
18551;4788;onboarding_completed;30/01/2026 06:57;
18552;4788;lesson_start;30/01/2026 06:57;101.0
18553;4788;quiz_completed;30/01/2026 07:05;101.0
18554;4788;streak_extended;01/02/2026 08:05;103.0
18555;4788;streak_extended;02/02/2026 09:05;104.0
18556;4788;streak_extended;06/02/2026 09:05;108.0
18557;4789;app_open;20/01/2026 22:43;
18558;4789;signup_completed;20/01/2026 22:44;
18559;4790;app_open;20/02/2026 06:26;
18560;4791;app_open;28/02/2026 22:14;
18561;4791;signup_completed;28/02/2026 22:16;
18562;4791;onboarding_completed;28/02/2026 22:20;
18563;4792;app_open;19/02/2026 11:16;
18564;4792;signup_completed;19/02/2026 11:17;
18565;4792;onboarding_completed;19/02/2026 11:20;
18566;4793;app_open;19/01/2026 07:34;
18567;4793;signup_completed;19/01/2026 07:35;
18568;4793;onboarding_completed;19/01/2026 07:38;
18569;4794;app_open;14/03/2026 14:36;
18570;4794;signup_completed;14/03/2026 14:37;
18571;4795;app_open;08/02/2026 00:50;
18572;4795;signup_completed;08/02/2026 00:51;
18573;4795;onboarding_completed;08/02/2026 00:55;
18574;4796;app_open;29/01/2026 16:39;
18575;4796;signup_completed;29/01/2026 16:41;
18576;4796;onboarding_completed;29/01/2026 16:42;
18577;4796;lesson_start;29/01/2026 16:43;101.0
18578;4797;app_open;04/03/2026 17:41;
18579;4797;signup_completed;04/03/2026 17:41;
18580;4797;onboarding_completed;04/03/2026 17:45;
18581;4797;lesson_start;04/03/2026 17:47;101.0
18582;4798;app_open;06/01/2026 07:09;
18583;4798;signup_completed;06/01/2026 07:11;
18584;4798;onboarding_completed;06/01/2026 07:15;
18585;4798;lesson_start;06/01/2026 07:16;101.0
18586;4798;quiz_completed;06/01/2026 07:20;101.0
18587;4798;streak_extended;13/01/2026 08:20;108.0
18588;4799;app_open;18/03/2026 02:23;
18589;4799;signup_completed;18/03/2026 02:25;
18590;4799;onboarding_completed;18/03/2026 02:30;
18591;4800;app_open;29/03/2026 04:17;
18592;4800;signup_completed;29/03/2026 04:18;
18593;4801;app_open;19/03/2026 01:38;
18594;4801;signup_completed;19/03/2026 01:39;
18595;4801;onboarding_completed;19/03/2026 01:40;
18596;4801;lesson_start;19/03/2026 01:42;101.0
18597;4802;app_open;24/01/2026 05:42;
18598;4802;signup_completed;24/01/2026 05:43;
18599;4803;app_open;18/02/2026 01:10;
18600;4803;signup_completed;18/02/2026 01:11;
18601;4803;onboarding_completed;18/02/2026 01:15;
18602;4804;app_open;07/02/2026 11:10;
18603;4804;signup_completed;07/02/2026 11:12;
18604;4805;app_open;11/01/2026 22:42;
18605;4805;signup_completed;11/01/2026 22:44;
18606;4805;onboarding_completed;11/01/2026 22:48;
18607;4805;lesson_start;11/01/2026 22:48;101.0
18608;4805;quiz_completed;11/01/2026 22:56;101.0
18609;4805;streak_extended;12/01/2026 21:56;102.0
18610;4805;streak_extended;13/01/2026 22:56;103.0
18611;4806;app_open;24/01/2026 09:45;
18612;4806;signup_completed;24/01/2026 09:47;
18613;4806;onboarding_completed;24/01/2026 09:50;
18614;4807;app_open;18/02/2026 12:06;
18615;4808;app_open;03/03/2026 22:50;
18616;4808;signup_completed;03/03/2026 22:51;
18617;4808;onboarding_completed;03/03/2026 22:54;
18618;4809;app_open;27/02/2026 15:57;
18619;4809;signup_completed;27/02/2026 15:58;
18620;4809;onboarding_completed;27/02/2026 16:01;
18621;4809;lesson_start;27/02/2026 16:03;101.0
18622;4809;quiz_completed;27/02/2026 16:07;101.0
18623;4809;streak_extended;28/02/2026 16:07;102.0
18624;4809;streak_extended;01/03/2026 17:07;103.0
18625;4809;streak_extended;02/03/2026 18:07;104.0
18626;4809;streak_extended;06/03/2026 15:07;108.0
18627;4810;app_open;07/01/2026 21:28;
18628;4810;signup_completed;07/01/2026 21:28;
18629;4811;app_open;21/02/2026 06:59;
18630;4811;signup_completed;21/02/2026 07:01;
18631;4812;app_open;28/03/2026 06:52;
18632;4812;signup_completed;28/03/2026 06:53;
18633;4813;app_open;02/01/2026 04:07;
18634;4813;signup_completed;02/01/2026 04:08;
18635;4813;onboarding_completed;02/01/2026 04:11;
18636;4813;lesson_start;02/01/2026 04:13;101.0
18637;4814;app_open;05/02/2026 01:25;
18638;4814;signup_completed;05/02/2026 01:26;
18639;4814;onboarding_completed;05/02/2026 01:28;
18640;4814;lesson_start;05/02/2026 01:30;101.0
18641;4814;quiz_completed;05/02/2026 01:36;101.0
18642;4814;streak_extended;07/02/2026 00:36;103.0
18643;4814;streak_extended;07/02/2026 23:36;104.0
18644;4815;app_open;31/01/2026 17:26;
18645;4815;signup_completed;31/01/2026 17:28;
18646;4815;onboarding_completed;31/01/2026 17:31;
18647;4815;lesson_start;31/01/2026 17:32;101.0
18648;4815;quiz_completed;31/01/2026 17:39;101.0
18649;4815;streak_extended;01/02/2026 16:39;102.0
18650;4815;streak_extended;02/02/2026 19:39;103.0
18651;4815;streak_extended;07/02/2026 17:39;108.0
18652;4816;app_open;13/01/2026 19:32;
18653;4816;signup_completed;13/01/2026 19:34;
18654;4816;onboarding_completed;13/01/2026 19:35;
18655;4816;lesson_start;13/01/2026 19:36;101.0
18656;4816;quiz_completed;13/01/2026 19:40;101.0
18657;4816;streak_extended;16/01/2026 19:40;104.0
18658;4816;streak_extended;18/01/2026 18:40;106.0
18659;4817;app_open;07/02/2026 13:23;
18660;4817;signup_completed;07/02/2026 13:25;
18661;4817;onboarding_completed;07/02/2026 13:28;
18662;4818;app_open;25/03/2026 13:50;
18663;4818;signup_completed;25/03/2026 13:51;
18664;4818;onboarding_completed;25/03/2026 13:55;
18665;4819;app_open;23/03/2026 10:56;
18666;4819;signup_completed;23/03/2026 10:57;
18667;4820;app_open;25/02/2026 04:25;
18668;4820;signup_completed;25/02/2026 04:26;
18669;4820;onboarding_completed;25/02/2026 04:30;
18670;4821;app_open;10/02/2026 20:40;
18671;4821;signup_completed;10/02/2026 20:42;
18672;4821;onboarding_completed;10/02/2026 20:47;
18673;4822;app_open;05/02/2026 11:28;
18674;4822;signup_completed;05/02/2026 11:29;
18675;4822;onboarding_completed;05/02/2026 11:33;
18676;4822;lesson_start;05/02/2026 11:34;101.0
18677;4822;quiz_completed;05/02/2026 11:40;101.0
18678;4822;streak_extended;07/02/2026 11:40;103.0
18679;4822;streak_extended;12/02/2026 10:40;108.0
18680;4823;app_open;23/02/2026 01:06;
18681;4823;signup_completed;23/02/2026 01:07;
18682;4823;onboarding_completed;23/02/2026 01:11;
18683;4824;app_open;08/03/2026 07:22;
18684;4825;app_open;17/01/2026 18:35;
18685;4825;signup_completed;17/01/2026 18:36;
18686;4825;onboarding_completed;17/01/2026 18:39;
18687;4825;lesson_start;17/01/2026 18:40;101.0
18688;4826;app_open;16/03/2026 01:16;
18689;4826;signup_completed;16/03/2026 01:18;
18690;4826;onboarding_completed;16/03/2026 01:19;
18691;4827;app_open;15/02/2026 17:32;
18692;4827;signup_completed;15/02/2026 17:33;
18693;4827;onboarding_completed;15/02/2026 17:38;
18694;4827;lesson_start;15/02/2026 17:38;101.0
18695;4827;quiz_completed;15/02/2026 17:45;101.0
18696;4827;streak_extended;16/02/2026 18:45;102.0
18697;4827;streak_extended;18/02/2026 15:45;104.0
18698;4828;app_open;16/03/2026 19:05;
18699;4828;signup_completed;16/03/2026 19:06;
18700;4828;onboarding_completed;16/03/2026 19:08;
18701;4829;app_open;08/01/2026 02:04;
18702;4829;signup_completed;08/01/2026 02:06;
18703;4829;onboarding_completed;08/01/2026 02:08;
18704;4829;lesson_start;08/01/2026 02:09;101.0
18705;4830;app_open;02/01/2026 14:53;
18706;4830;signup_completed;02/01/2026 14:54;
18707;4830;onboarding_completed;02/01/2026 14:59;
18708;4831;app_open;27/02/2026 00:39;
18709;4831;signup_completed;27/02/2026 00:40;
18710;4831;onboarding_completed;27/02/2026 00:42;
18711;4831;lesson_start;27/02/2026 00:43;101.0
18712;4831;quiz_completed;27/02/2026 00:48;101.0
18713;4831;streak_extended;05/03/2026 22:48;108.0
18714;4832;app_open;07/01/2026 13:21;
18715;4832;signup_completed;07/01/2026 13:22;
18716;4832;onboarding_completed;07/01/2026 13:24;
18717;4832;lesson_start;07/01/2026 13:25;101.0
18718;4832;quiz_completed;07/01/2026 13:31;101.0
18719;4832;streak_extended;06/02/2026 13:31;131.0
18720;4833;app_open;02/01/2026 08:08;
18721;4833;signup_completed;02/01/2026 08:10;
18722;4833;onboarding_completed;02/01/2026 08:15;
18723;4833;lesson_start;02/01/2026 08:16;101.0
18724;4833;quiz_completed;02/01/2026 08:23;101.0
18725;4833;streak_extended;04/01/2026 09:23;103.0
18726;4833;streak_extended;05/01/2026 09:23;104.0
18727;4834;app_open;26/01/2026 10:56;
18728;4834;signup_completed;26/01/2026 10:57;
18729;4834;onboarding_completed;26/01/2026 11:01;
18730;4835;app_open;21/01/2026 22:43;
18731;4835;signup_completed;21/01/2026 22:44;
18732;4835;onboarding_completed;21/01/2026 22:45;
18733;4836;app_open;04/01/2026 20:48;
18734;4836;signup_completed;04/01/2026 20:50;
18735;4836;onboarding_completed;04/01/2026 20:53;
18736;4837;app_open;06/01/2026 20:54;
18737;4837;signup_completed;06/01/2026 20:55;
18738;4837;onboarding_completed;06/01/2026 20:58;
18739;4838;app_open;18/03/2026 15:10;
18740;4838;signup_completed;18/03/2026 15:12;
18741;4838;onboarding_completed;18/03/2026 15:15;
18742;4838;lesson_start;18/03/2026 15:16;101.0
18743;4839;app_open;08/02/2026 15:20;
18744;4839;signup_completed;08/02/2026 15:21;
18745;4840;app_open;19/02/2026 04:29;
18746;4840;signup_completed;19/02/2026 04:30;
18747;4841;app_open;28/01/2026 19:33;
18748;4841;signup_completed;28/01/2026 19:35;
18749;4841;onboarding_completed;28/01/2026 19:36;
18750;4841;lesson_start;28/01/2026 19:38;101.0
18751;4841;quiz_completed;28/01/2026 19:44;101.0
18752;4841;streak_extended;29/01/2026 19:44;102.0
18753;4841;streak_extended;31/01/2026 21:44;104.0
18754;4841;streak_extended;04/02/2026 20:44;108.0
18755;4842;app_open;03/03/2026 00:40;
18756;4842;signup_completed;03/03/2026 00:42;
18757;4843;app_open;11/03/2026 04:32;
18758;4843;signup_completed;11/03/2026 04:34;
18759;4843;onboarding_completed;11/03/2026 04:37;
18760;4844;app_open;18/02/2026 15:31;
18761;4844;signup_completed;18/02/2026 15:33;
18762;4844;onboarding_completed;18/02/2026 15:35;
18763;4845;app_open;16/03/2026 11:29;
18764;4845;signup_completed;16/03/2026 11:31;
18765;4845;onboarding_completed;16/03/2026 11:36;
18766;4846;app_open;10/02/2026 08:01;
18767;4846;signup_completed;10/02/2026 08:03;
18768;4846;onboarding_completed;10/02/2026 08:04;
18769;4846;lesson_start;10/02/2026 08:05;101.0
18770;4846;quiz_completed;10/02/2026 08:10;101.0
18771;4846;streak_extended;11/02/2026 09:10;102.0
18772;4847;app_open;11/02/2026 03:00;
18773;4847;signup_completed;11/02/2026 03:01;
18774;4848;app_open;10/03/2026 03:20;
18775;4848;signup_completed;10/03/2026 03:20;
18776;4848;onboarding_completed;10/03/2026 03:23;
18777;4848;lesson_start;10/03/2026 03:25;101.0
18778;4848;quiz_completed;10/03/2026 03:28;101.0
18779;4848;streak_extended;12/03/2026 03:28;103.0
18780;4849;app_open;09/02/2026 01:22;
18781;4849;signup_completed;09/02/2026 01:23;
18782;4850;app_open;09/01/2026 00:04;
18783;4850;signup_completed;09/01/2026 00:05;
18784;4851;app_open;04/03/2026 04:33;
18785;4851;signup_completed;04/03/2026 04:35;
18786;4852;app_open;22/02/2026 02:17;
18787;4852;signup_completed;22/02/2026 02:19;
18788;4852;onboarding_completed;22/02/2026 02:22;
18789;4852;lesson_start;22/02/2026 02:24;101.0
18790;4852;quiz_completed;22/02/2026 02:27;101.0
18791;4852;streak_extended;24/02/2026 03:27;103.0
18792;4852;streak_extended;25/02/2026 03:27;104.0
18793;4852;streak_extended;27/02/2026 02:27;106.0
18794;4852;streak_extended;01/03/2026 01:27;108.0
18795;4853;app_open;22/02/2026 04:49;
18796;4853;signup_completed;22/02/2026 04:50;
18797;4853;onboarding_completed;22/02/2026 04:53;
18798;4853;lesson_start;22/02/2026 04:55;101.0
18799;4853;quiz_completed;22/02/2026 05:02;101.0
18800;4853;streak_extended;23/02/2026 04:02;102.0
18801;4853;streak_extended;24/02/2026 04:02;103.0
18802;4854;app_open;01/03/2026 19:29;
18803;4854;signup_completed;01/03/2026 19:30;
18804;4854;onboarding_completed;01/03/2026 19:34;
18805;4855;app_open;15/01/2026 19:46;
18806;4855;signup_completed;15/01/2026 19:46;
18807;4855;onboarding_completed;15/01/2026 19:49;
18808;4856;app_open;27/01/2026 22:32;
18809;4856;signup_completed;27/01/2026 22:34;
18810;4856;onboarding_completed;27/01/2026 22:39;
18811;4856;lesson_start;27/01/2026 22:41;101.0
18812;4856;quiz_completed;27/01/2026 22:49;101.0
18813;4856;streak_extended;28/01/2026 23:49;102.0
18814;4857;app_open;09/01/2026 02:47;
18815;4857;signup_completed;09/01/2026 02:48;
18816;4857;onboarding_completed;09/01/2026 02:53;
18817;4858;app_open;31/01/2026 02:08;
18818;4859;app_open;08/01/2026 16:08;
18819;4859;signup_completed;08/01/2026 16:08;
18820;4860;app_open;19/02/2026 15:25;
18821;4860;signup_completed;19/02/2026 15:26;
18822;4860;onboarding_completed;19/02/2026 15:29;
18823;4860;lesson_start;19/02/2026 15:31;101.0
18824;4860;quiz_completed;19/02/2026 15:34;101.0
18825;4860;streak_extended;20/02/2026 15:34;102.0
18826;4861;app_open;20/01/2026 17:29;
18827;4861;signup_completed;20/01/2026 17:30;
18828;4861;onboarding_completed;20/01/2026 17:34;
18829;4862;app_open;20/03/2026 10:54;
18830;4862;signup_completed;20/03/2026 10:56;
18831;4862;onboarding_completed;20/03/2026 10:59;
18832;4863;app_open;16/01/2026 02:03;
18833;4863;signup_completed;16/01/2026 02:03;
18834;4863;onboarding_completed;16/01/2026 02:05;
18835;4863;lesson_start;16/01/2026 02:06;101.0
18836;4863;quiz_completed;16/01/2026 02:11;101.0
18837;4863;streak_extended;19/01/2026 03:11;104.0
18838;4863;streak_extended;30/01/2026 03:11;115.0
18839;4863;streak_extended;15/02/2026 04:11;131.0
18840;4864;app_open;22/02/2026 01:52;
18841;4864;signup_completed;22/02/2026 01:54;
18842;4864;onboarding_completed;22/02/2026 01:57;
18843;4865;app_open;01/02/2026 17:23;
18844;4865;signup_completed;01/02/2026 17:24;
18845;4865;onboarding_completed;01/02/2026 17:29;
18846;4866;app_open;07/02/2026 22:28;
18847;4866;signup_completed;07/02/2026 22:29;
18848;4866;onboarding_completed;07/02/2026 22:31;
18849;4866;lesson_start;07/02/2026 22:33;101.0
18850;4866;quiz_completed;07/02/2026 22:39;101.0
18851;4866;streak_extended;09/02/2026 00:39;102.0
18852;4866;streak_extended;14/02/2026 20:39;108.0
18853;4866;streak_extended;21/02/2026 23:39;115.0
18854;4867;app_open;26/02/2026 22:29;
18855;4867;signup_completed;26/02/2026 22:30;
18856;4868;app_open;03/03/2026 14:00;
18857;4868;signup_completed;03/03/2026 14:02;
18858;4868;onboarding_completed;03/03/2026 14:04;
18859;4868;lesson_start;03/03/2026 14:06;101.0
18860;4868;quiz_completed;03/03/2026 14:09;101.0
18861;4868;streak_extended;08/03/2026 14:09;106.0
18862;4869;app_open;16/03/2026 02:26;
18863;4870;app_open;23/03/2026 00:35;
18864;4870;signup_completed;23/03/2026 00:37;
18865;4871;app_open;05/03/2026 02:14;
18866;4871;signup_completed;05/03/2026 02:15;
18867;4871;onboarding_completed;05/03/2026 02:20;
18868;4871;lesson_start;05/03/2026 02:22;101.0
18869;4872;app_open;08/03/2026 02:58;
18870;4872;signup_completed;08/03/2026 03:00;
18871;4872;onboarding_completed;08/03/2026 03:04;
18872;4872;lesson_start;08/03/2026 03:05;101.0
18873;4872;quiz_completed;08/03/2026 03:09;101.0
18874;4872;streak_extended;09/03/2026 03:09;102.0
18875;4873;app_open;04/03/2026 10:39;
18876;4874;app_open;07/01/2026 10:03;
18877;4874;signup_completed;07/01/2026 10:05;
18878;4875;app_open;31/01/2026 02:44;
18879;4875;signup_completed;31/01/2026 02:46;
18880;4875;onboarding_completed;31/01/2026 02:51;
18881;4876;app_open;09/03/2026 20:01;
18882;4876;signup_completed;09/03/2026 20:03;
18883;4876;onboarding_completed;09/03/2026 20:05;
18884;4876;lesson_start;09/03/2026 20:07;101.0
18885;4877;app_open;12/02/2026 11:24;
18886;4877;signup_completed;12/02/2026 11:25;
18887;4877;onboarding_completed;12/02/2026 11:29;
18888;4877;lesson_start;12/02/2026 11:31;101.0
18889;4877;quiz_completed;12/02/2026 11:34;101.0
18890;4877;streak_extended;13/02/2026 10:34;102.0
18891;4877;streak_extended;19/02/2026 12:34;108.0
18892;4878;app_open;12/03/2026 20:55;
18893;4878;signup_completed;12/03/2026 20:56;
18894;4878;onboarding_completed;12/03/2026 20:57;
18895;4879;app_open;24/03/2026 04:24;
18896;4879;signup_completed;24/03/2026 04:25;
18897;4879;onboarding_completed;24/03/2026 04:27;
18898;4880;app_open;24/01/2026 04:03;
18899;4880;signup_completed;24/01/2026 04:05;
18900;4880;onboarding_completed;24/01/2026 04:10;
18901;4880;lesson_start;24/01/2026 04:11;101.0
18902;4880;quiz_completed;24/01/2026 04:15;101.0
18903;4880;streak_extended;25/01/2026 04:15;102.0
18904;4880;streak_extended;26/01/2026 03:15;103.0
18905;4880;streak_extended;07/02/2026 05:15;115.0
18906;4881;app_open;06/01/2026 14:55;
18907;4881;signup_completed;06/01/2026 14:56;
18908;4882;app_open;24/01/2026 17:40;
18909;4882;signup_completed;24/01/2026 17:41;
18910;4882;onboarding_completed;24/01/2026 17:43;
18911;4883;app_open;09/01/2026 08:53;
18912;4883;signup_completed;09/01/2026 08:54;
18913;4883;onboarding_completed;09/01/2026 08:57;
18914;4883;lesson_start;09/01/2026 08:58;101.0
18915;4883;quiz_completed;09/01/2026 09:02;101.0
18916;4883;streak_extended;10/01/2026 11:02;102.0
18917;4883;streak_extended;12/01/2026 08:02;104.0
18918;4884;app_open;12/02/2026 04:25;
18919;4884;signup_completed;12/02/2026 04:27;
18920;4884;onboarding_completed;12/02/2026 04:28;
18921;4884;lesson_start;12/02/2026 04:28;101.0
18922;4885;app_open;12/01/2026 06:16;
18923;4885;signup_completed;12/01/2026 06:16;
18924;4886;app_open;14/02/2026 00:25;
18925;4886;signup_completed;14/02/2026 00:27;
18926;4887;app_open;01/03/2026 10:45;
18927;4887;signup_completed;01/03/2026 10:45;
18928;4887;onboarding_completed;01/03/2026 10:47;
18929;4888;app_open;01/03/2026 02:40;
18930;4888;signup_completed;01/03/2026 02:42;
18931;4888;onboarding_completed;01/03/2026 02:46;
18932;4889;app_open;06/01/2026 08:13;
18933;4889;signup_completed;06/01/2026 08:14;
18934;4889;onboarding_completed;06/01/2026 08:16;
18935;4889;lesson_start;06/01/2026 08:18;101.0
18936;4889;quiz_completed;06/01/2026 08:25;101.0
18937;4889;streak_extended;07/01/2026 06:25;102.0
18938;4890;app_open;31/01/2026 00:41;
18939;4891;app_open;06/03/2026 16:04;
18940;4891;signup_completed;06/03/2026 16:06;
18941;4891;onboarding_completed;06/03/2026 16:07;
18942;4891;lesson_start;06/03/2026 16:09;101.0
18943;4892;app_open;14/03/2026 00:16;
18944;4892;signup_completed;14/03/2026 00:17;
18945;4892;onboarding_completed;14/03/2026 00:22;
18946;4892;lesson_start;14/03/2026 00:23;101.0
18947;4892;quiz_completed;14/03/2026 00:29;101.0
18948;4892;streak_extended;14/03/2026 23:29;102.0
18949;4892;streak_extended;16/03/2026 01:29;103.0
18950;4893;app_open;05/03/2026 21:22;
18951;4893;signup_completed;05/03/2026 21:23;
18952;4893;onboarding_completed;05/03/2026 21:27;
18953;4894;app_open;13/03/2026 21:51;
18954;4894;signup_completed;13/03/2026 21:52;
18955;4894;onboarding_completed;13/03/2026 21:55;
18956;4895;app_open;18/01/2026 01:17;
18957;4895;signup_completed;18/01/2026 01:17;
18958;4895;onboarding_completed;18/01/2026 01:20;
18959;4895;lesson_start;18/01/2026 01:21;101.0
18960;4895;quiz_completed;18/01/2026 01:27;101.0
18961;4895;streak_extended;20/01/2026 00:27;103.0
18962;4895;streak_extended;21/01/2026 01:27;104.0
18963;4895;streak_extended;22/01/2026 23:27;106.0
18964;4895;streak_extended;01/02/2026 02:27;115.0
18965;4895;streak_extended;17/02/2026 02:27;131.0
18966;4896;app_open;12/01/2026 14:19;
18967;4896;signup_completed;12/01/2026 14:21;
18968;4896;onboarding_completed;12/01/2026 14:22;
18969;4896;lesson_start;12/01/2026 14:23;101.0
18970;4896;quiz_completed;12/01/2026 14:31;101.0
18971;4896;streak_extended;13/01/2026 13:31;102.0
18972;4896;streak_extended;17/01/2026 16:31;106.0
18973;4897;app_open;02/01/2026 05:30;
18974;4897;signup_completed;02/01/2026 05:31;
18975;4897;onboarding_completed;02/01/2026 05:33;
18976;4897;lesson_start;02/01/2026 05:35;101.0
18977;4897;quiz_completed;02/01/2026 05:42;101.0
18978;4897;streak_extended;03/01/2026 07:42;102.0
18979;4898;app_open;10/03/2026 17:31;
18980;4898;signup_completed;10/03/2026 17:32;
18981;4899;app_open;14/01/2026 07:43;
18982;4899;signup_completed;14/01/2026 07:45;
18983;4899;onboarding_completed;14/01/2026 07:46;
18984;4900;app_open;10/03/2026 02:36;
18985;4900;signup_completed;10/03/2026 02:37;
18986;4901;app_open;02/01/2026 02:26;
18987;4901;signup_completed;02/01/2026 02:28;
18988;4902;app_open;16/01/2026 21:45;
18989;4902;signup_completed;16/01/2026 21:46;
18990;4902;onboarding_completed;16/01/2026 21:50;
18991;4902;lesson_start;16/01/2026 21:51;101.0
18992;4902;quiz_completed;16/01/2026 21:58;101.0
18993;4902;streak_extended;17/01/2026 21:58;102.0
18994;4902;streak_extended;18/01/2026 20:58;103.0
18995;4902;streak_extended;19/01/2026 20:58;104.0
18996;4903;app_open;18/02/2026 04:43;
18997;4903;signup_completed;18/02/2026 04:45;
18998;4903;onboarding_completed;18/02/2026 04:48;
18999;4904;app_open;03/02/2026 15:52;
19000;4904;signup_completed;03/02/2026 15:54;
19001;4904;onboarding_completed;03/02/2026 15:57;
19002;4904;lesson_start;03/02/2026 15:59;101.0
19003;4904;quiz_completed;03/02/2026 16:03;101.0
19004;4904;streak_extended;04/02/2026 15:03;102.0
19005;4904;streak_extended;06/02/2026 14:03;104.0
19006;4904;streak_extended;17/02/2026 16:03;115.0
19007;4905;app_open;20/02/2026 18:41;
19008;4905;signup_completed;20/02/2026 18:42;
19009;4905;onboarding_completed;20/02/2026 18:45;
19010;4905;lesson_start;20/02/2026 18:45;101.0
19011;4905;quiz_completed;20/02/2026 18:53;101.0
19012;4905;streak_extended;21/02/2026 17:53;102.0
19013;4905;streak_extended;22/02/2026 17:53;103.0
19014;4905;streak_extended;23/02/2026 17:53;104.0
19015;4906;app_open;20/02/2026 05:12;
19016;4906;signup_completed;20/02/2026 05:13;
19017;4906;onboarding_completed;20/02/2026 05:18;
19018;4907;app_open;18/03/2026 00:29;
19019;4907;signup_completed;18/03/2026 00:30;
19020;4907;onboarding_completed;18/03/2026 00:32;
19021;4907;lesson_start;18/03/2026 00:34;101.0
19022;4907;quiz_completed;18/03/2026 00:40;101.0
19023;4907;streak_extended;01/04/2026 01:40;115.0
19024;4908;app_open;21/03/2026 20:34;
19025;4908;signup_completed;21/03/2026 20:35;
19026;4908;onboarding_completed;21/03/2026 20:37;
19027;4908;lesson_start;21/03/2026 20:37;101.0
19028;4908;quiz_completed;21/03/2026 20:45;101.0
19029;4908;streak_extended;22/03/2026 20:45;102.0
19030;4908;streak_extended;28/03/2026 21:45;108.0
19031;4909;app_open;11/03/2026 23:30;
19032;4910;app_open;26/01/2026 04:05;
19033;4910;signup_completed;26/01/2026 04:07;
19034;4911;app_open;17/01/2026 05:03;
19035;4911;signup_completed;17/01/2026 05:04;
19036;4911;onboarding_completed;17/01/2026 05:08;
19037;4912;app_open;06/02/2026 02:31;
19038;4912;signup_completed;06/02/2026 02:32;
19039;4912;onboarding_completed;06/02/2026 02:35;
19040;4912;lesson_start;06/02/2026 02:37;101.0
19041;4913;app_open;13/01/2026 07:46;
19042;4913;signup_completed;13/01/2026 07:47;
19043;4914;app_open;14/03/2026 19:06;
19044;4915;app_open;17/03/2026 20:09;
19045;4915;signup_completed;17/03/2026 20:09;
19046;4915;onboarding_completed;17/03/2026 20:11;
19047;4915;lesson_start;17/03/2026 20:12;101.0
19048;4915;quiz_completed;17/03/2026 20:19;101.0
19049;4915;streak_extended;20/03/2026 22:19;104.0
19050;4916;app_open;26/03/2026 19:18;
19051;4916;signup_completed;26/03/2026 19:19;
19052;4917;app_open;27/01/2026 02:15;
19053;4917;signup_completed;27/01/2026 02:17;
19054;4917;onboarding_completed;27/01/2026 02:19;
19055;4917;lesson_start;27/01/2026 02:20;101.0
19056;4917;quiz_completed;27/01/2026 02:24;101.0
19057;4917;streak_extended;28/01/2026 03:24;102.0
19058;4917;streak_extended;29/01/2026 02:24;103.0
19059;4918;app_open;13/03/2026 03:51;
19060;4918;signup_completed;13/03/2026 03:53;
19061;4918;onboarding_completed;13/03/2026 03:56;
19062;4919;app_open;28/03/2026 01:29;
19063;4920;app_open;12/01/2026 11:05;
19064;4921;app_open;16/03/2026 21:33;
19065;4921;signup_completed;16/03/2026 21:34;
19066;4922;app_open;29/03/2026 08:54;
19067;4922;signup_completed;29/03/2026 08:55;
19068;4922;onboarding_completed;29/03/2026 08:58;
19069;4923;app_open;03/01/2026 20:24;
19070;4923;signup_completed;03/01/2026 20:25;
19071;4923;onboarding_completed;03/01/2026 20:28;
19072;4924;app_open;02/02/2026 12:37;
19073;4924;signup_completed;02/02/2026 12:39;
19074;4924;onboarding_completed;02/02/2026 12:41;
19075;4925;app_open;20/03/2026 08:41;
19076;4925;signup_completed;20/03/2026 08:42;
19077;4925;onboarding_completed;20/03/2026 08:46;
19078;4925;lesson_start;20/03/2026 08:47;101.0
19079;4925;quiz_completed;20/03/2026 08:52;101.0
19080;4925;streak_extended;21/03/2026 07:52;102.0
19081;4925;streak_extended;25/03/2026 09:52;106.0
19082;4926;app_open;11/02/2026 16:23;
19083;4926;signup_completed;11/02/2026 16:24;
19084;4926;onboarding_completed;11/02/2026 16:27;
19085;4926;lesson_start;11/02/2026 16:27;101.0
19086;4927;app_open;27/01/2026 09:45;
19087;4927;signup_completed;27/01/2026 09:46;
19088;4927;onboarding_completed;27/01/2026 09:48;
19089;4927;lesson_start;27/01/2026 09:50;101.0
19090;4927;quiz_completed;27/01/2026 09:55;101.0
19091;4927;streak_extended;28/01/2026 11:55;102.0
19092;4927;streak_extended;30/01/2026 11:55;104.0
19093;4927;streak_extended;10/02/2026 09:55;115.0
19094;4928;app_open;20/02/2026 20:40;
19095;4928;signup_completed;20/02/2026 20:40;
19096;4928;onboarding_completed;20/02/2026 20:42;
19097;4928;lesson_start;20/02/2026 20:44;101.0
19098;4928;quiz_completed;20/02/2026 20:50;101.0
19099;4928;streak_extended;06/03/2026 22:50;115.0
19100;4929;app_open;07/01/2026 04:49;
19101;4930;app_open;26/01/2026 12:43;
19102;4930;signup_completed;26/01/2026 12:44;
19103;4931;app_open;11/03/2026 03:50;
19104;4931;signup_completed;11/03/2026 03:50;
19105;4931;onboarding_completed;11/03/2026 03:52;
19106;4931;lesson_start;11/03/2026 03:53;101.0
19107;4931;quiz_completed;11/03/2026 03:59;101.0
19108;4931;streak_extended;12/03/2026 04:59;102.0
19109;4932;app_open;25/02/2026 23:41;
19110;4933;app_open;02/03/2026 22:15;
19111;4933;signup_completed;02/03/2026 22:16;
19112;4933;onboarding_completed;02/03/2026 22:17;
19113;4933;lesson_start;02/03/2026 22:19;101.0
19114;4934;app_open;08/01/2026 11:35;
19115;4934;signup_completed;08/01/2026 11:36;
19116;4934;onboarding_completed;08/01/2026 11:40;
19117;4934;lesson_start;08/01/2026 11:40;101.0
19118;4934;quiz_completed;08/01/2026 11:45;101.0
19119;4934;streak_extended;09/01/2026 13:45;102.0
19120;4934;streak_extended;15/01/2026 13:45;108.0
19121;4935;app_open;18/02/2026 04:06;
19122;4935;signup_completed;18/02/2026 04:07;
19123;4935;onboarding_completed;18/02/2026 04:10;
19124;4935;lesson_start;18/02/2026 04:12;101.0
19125;4935;quiz_completed;18/02/2026 04:19;101.0
19126;4935;streak_extended;20/02/2026 02:19;103.0
19127;4935;streak_extended;21/02/2026 02:19;104.0
19128;4935;streak_extended;23/02/2026 04:19;106.0
19129;4935;streak_extended;25/02/2026 02:19;108.0
19130;4936;app_open;14/02/2026 04:41;
19131;4937;app_open;19/02/2026 14:12;
19132;4937;signup_completed;19/02/2026 14:13;
19133;4937;onboarding_completed;19/02/2026 14:16;
19134;4937;lesson_start;19/02/2026 14:17;101.0
19135;4937;quiz_completed;19/02/2026 14:21;101.0
19136;4937;streak_extended;20/02/2026 14:21;102.0
19137;4937;streak_extended;24/02/2026 14:21;106.0
19138;4937;streak_extended;26/02/2026 14:21;108.0
19139;4938;app_open;04/02/2026 23:08;
19140;4938;signup_completed;04/02/2026 23:09;
19141;4939;app_open;06/01/2026 09:10;
19142;4939;signup_completed;06/01/2026 09:12;
19143;4939;onboarding_completed;06/01/2026 09:16;
19144;4939;lesson_start;06/01/2026 09:16;101.0
19145;4939;quiz_completed;06/01/2026 09:23;101.0
19146;4939;streak_extended;07/01/2026 11:23;102.0
19147;4939;streak_extended;09/01/2026 10:23;104.0
19148;4940;app_open;18/02/2026 12:10;
19149;4940;signup_completed;18/02/2026 12:12;
19150;4941;app_open;25/03/2026 10:27;
19151;4941;signup_completed;25/03/2026 10:28;
19152;4942;app_open;25/02/2026 00:56;
19153;4943;app_open;17/01/2026 04:51;
19154;4943;signup_completed;17/01/2026 04:53;
19155;4943;onboarding_completed;17/01/2026 04:56;
19156;4943;lesson_start;17/01/2026 04:57;101.0
19157;4943;quiz_completed;17/01/2026 05:02;101.0
19158;4943;streak_extended;18/01/2026 05:02;102.0
19159;4943;streak_extended;22/01/2026 03:02;106.0
19160;4944;app_open;05/02/2026 16:46;
19161;4944;signup_completed;05/02/2026 16:47;
19162;4945;app_open;16/01/2026 06:33;
19163;4945;signup_completed;16/01/2026 06:34;
19164;4945;onboarding_completed;16/01/2026 06:38;
19165;4946;app_open;25/01/2026 18:27;
19166;4946;signup_completed;25/01/2026 18:29;
19167;4946;onboarding_completed;25/01/2026 18:33;
19168;4946;lesson_start;25/01/2026 18:35;101.0
19169;4946;quiz_completed;25/01/2026 18:38;101.0
19170;4946;streak_extended;27/01/2026 17:38;103.0
19171;4947;app_open;17/03/2026 01:59;
19172;4948;app_open;10/01/2026 23:47;
19173;4948;signup_completed;10/01/2026 23:48;
19174;4949;app_open;28/03/2026 19:47;
19175;4949;signup_completed;28/03/2026 19:49;
19176;4949;onboarding_completed;28/03/2026 19:51;
19177;4949;lesson_start;28/03/2026 19:52;101.0
19178;4949;quiz_completed;28/03/2026 19:58;101.0
19179;4949;streak_extended;29/03/2026 20:58;102.0
19180;4949;streak_extended;30/03/2026 21:58;103.0
19181;4949;streak_extended;04/04/2026 17:58;108.0
19182;4950;app_open;25/02/2026 17:18;
19183;4950;signup_completed;25/02/2026 17:20;
19184;4951;app_open;07/03/2026 10:48;
19185;4952;app_open;12/03/2026 04:11;
19186;4953;app_open;12/01/2026 04:44;
19187;4953;signup_completed;12/01/2026 04:45;
19188;4953;onboarding_completed;12/01/2026 04:49;
19189;4953;lesson_start;12/01/2026 04:49;101.0
19190;4953;quiz_completed;12/01/2026 04:54;101.0
19191;4953;streak_extended;13/01/2026 04:54;102.0
19192;4953;streak_extended;14/01/2026 05:54;103.0
19193;4953;streak_extended;15/01/2026 04:54;104.0
19194;4953;streak_extended;26/01/2026 05:54;115.0
19195;4954;app_open;23/01/2026 04:13;
19196;4954;signup_completed;23/01/2026 04:14;
19197;4954;onboarding_completed;23/01/2026 04:15;
19198;4954;lesson_start;23/01/2026 04:16;101.0
19199;4954;quiz_completed;23/01/2026 04:23;101.0
19200;4954;streak_extended;24/01/2026 03:23;102.0
19201;4955;app_open;13/03/2026 22:08;
19202;4956;app_open;19/02/2026 09:38;
19203;4956;signup_completed;19/02/2026 09:40;
19204;4956;onboarding_completed;19/02/2026 09:41;
19205;4957;app_open;01/01/2026 05:59;
19206;4957;signup_completed;01/01/2026 06:00;
19207;4958;app_open;05/01/2026 06:36;
19208;4958;signup_completed;05/01/2026 06:37;
19209;4958;onboarding_completed;05/01/2026 06:39;
19210;4959;app_open;25/03/2026 08:53;
19211;4959;signup_completed;25/03/2026 08:54;
19212;4960;app_open;25/03/2026 18:46;
19213;4960;signup_completed;25/03/2026 18:47;
19214;4960;onboarding_completed;25/03/2026 18:52;
19215;4961;app_open;02/01/2026 04:37;
19216;4961;signup_completed;02/01/2026 04:39;
19217;4961;onboarding_completed;02/01/2026 04:43;
19218;4961;lesson_start;02/01/2026 04:44;101.0
19219;4962;app_open;24/01/2026 17:50;
19220;4962;signup_completed;24/01/2026 17:51;
19221;4962;onboarding_completed;24/01/2026 17:54;
19222;4962;lesson_start;24/01/2026 17:55;101.0
19223;4962;quiz_completed;24/01/2026 18:02;101.0
19224;4962;streak_extended;26/01/2026 19:02;103.0
19225;4963;app_open;05/01/2026 11:08;
19226;4963;signup_completed;05/01/2026 11:09;
19227;4964;app_open;15/02/2026 19:17;
19228;4965;app_open;05/02/2026 08:07;
19229;4965;signup_completed;05/02/2026 08:09;
19230;4965;onboarding_completed;05/02/2026 08:12;
19231;4965;lesson_start;05/02/2026 08:14;101.0
19232;4965;quiz_completed;05/02/2026 08:17;101.0
19233;4966;app_open;07/02/2026 04:24;
19234;4966;signup_completed;07/02/2026 04:25;
19235;4967;app_open;15/01/2026 13:43;
19236;4967;signup_completed;15/01/2026 13:43;
19237;4967;onboarding_completed;15/01/2026 13:46;
19238;4967;lesson_start;15/01/2026 13:48;101.0
19239;4967;quiz_completed;15/01/2026 13:55;101.0
19240;4967;streak_extended;16/01/2026 13:55;102.0
19241;4967;streak_extended;17/01/2026 12:55;103.0
19242;4967;streak_extended;20/01/2026 13:55;106.0
19243;4967;streak_extended;22/01/2026 12:55;108.0
19244;4968;app_open;18/01/2026 09:00;
19245;4968;signup_completed;18/01/2026 09:01;
19246;4968;onboarding_completed;18/01/2026 09:04;
19247;4969;app_open;25/03/2026 06:05;
19248;4969;signup_completed;25/03/2026 06:06;
19249;4969;onboarding_completed;25/03/2026 06:11;
19250;4969;lesson_start;25/03/2026 06:12;101.0
19251;4969;quiz_completed;25/03/2026 06:16;101.0
19252;4970;app_open;04/01/2026 10:24;
19253;4970;signup_completed;04/01/2026 10:25;
19254;4970;onboarding_completed;04/01/2026 10:28;
19255;4971;app_open;23/02/2026 16:16;
19256;4971;signup_completed;23/02/2026 16:16;
19257;4971;onboarding_completed;23/02/2026 16:18;
19258;4972;app_open;19/03/2026 23:23;
19259;4972;signup_completed;19/03/2026 23:24;
19260;4972;onboarding_completed;19/03/2026 23:27;
19261;4972;lesson_start;19/03/2026 23:27;101.0
19262;4972;quiz_completed;19/03/2026 23:32;101.0
19263;4972;streak_extended;20/03/2026 21:32;102.0
19264;4972;streak_extended;23/03/2026 01:32;104.0
19265;4972;streak_extended;25/03/2026 01:32;106.0
19266;4973;app_open;30/03/2026 17:39;
19267;4973;signup_completed;30/03/2026 17:39;
19268;4973;onboarding_completed;30/03/2026 17:42;
19269;4973;lesson_start;30/03/2026 17:43;101.0
19270;4973;quiz_completed;30/03/2026 17:49;101.0
19271;4973;streak_extended;02/04/2026 19:49;104.0
19272;4974;app_open;11/03/2026 07:47;
19273;4974;signup_completed;11/03/2026 07:48;
19274;4975;app_open;13/03/2026 21:52;
19275;4975;signup_completed;13/03/2026 21:54;
19276;4975;onboarding_completed;13/03/2026 21:56;
19277;4976;app_open;05/03/2026 15:53;
19278;4976;signup_completed;05/03/2026 15:54;
19279;4977;app_open;10/02/2026 17:12;
19280;4977;signup_completed;10/02/2026 17:13;
19281;4977;onboarding_completed;10/02/2026 17:18;
19282;4977;lesson_start;10/02/2026 17:19;101.0
19283;4977;quiz_completed;10/02/2026 17:26;101.0
19284;4977;streak_extended;11/02/2026 18:26;102.0
19285;4977;streak_extended;12/02/2026 17:26;103.0
19286;4978;app_open;22/01/2026 19:09;
19287;4978;signup_completed;22/01/2026 19:10;
19288;4979;app_open;01/02/2026 05:51;
19289;4979;signup_completed;01/02/2026 05:52;
19290;4980;app_open;25/01/2026 02:29;
19291;4980;signup_completed;25/01/2026 02:30;
19292;4980;onboarding_completed;25/01/2026 02:35;
19293;4981;app_open;10/02/2026 09:56;
19294;4981;signup_completed;10/02/2026 09:57;
19295;4981;onboarding_completed;10/02/2026 10:01;
19296;4981;lesson_start;10/02/2026 10:01;101.0
19297;4981;quiz_completed;10/02/2026 10:06;101.0
19298;4981;streak_extended;11/02/2026 12:06;102.0
19299;4981;streak_extended;12/02/2026 09:06;103.0
19300;4981;streak_extended;13/02/2026 10:06;104.0
19301;4981;streak_extended;12/03/2026 08:06;131.0
19302;4982;app_open;30/03/2026 22:05;
19303;4982;signup_completed;30/03/2026 22:07;
19304;4982;onboarding_completed;30/03/2026 22:11;
19305;4982;lesson_start;30/03/2026 22:12;101.0
19306;4982;quiz_completed;30/03/2026 22:19;101.0
19307;4982;streak_extended;31/03/2026 20:19;102.0
19308;4982;streak_extended;03/04/2026 00:19;104.0
19309;4983;app_open;11/03/2026 22:23;
19310;4984;app_open;01/02/2026 01:30;
19311;4984;signup_completed;01/02/2026 01:31;
19312;4984;onboarding_completed;01/02/2026 01:36;
19313;4985;app_open;27/01/2026 08:04;
19314;4985;signup_completed;27/01/2026 08:06;
19315;4985;onboarding_completed;27/01/2026 08:07;
19316;4985;lesson_start;27/01/2026 08:08;101.0
19317;4985;quiz_completed;27/01/2026 08:11;101.0
19318;4985;streak_extended;30/01/2026 09:11;104.0
19319;4985;streak_extended;03/02/2026 09:11;108.0
19320;4986;app_open;22/03/2026 04:42;
19321;4986;signup_completed;22/03/2026 04:43;
19322;4986;onboarding_completed;22/03/2026 04:44;
19323;4987;app_open;08/01/2026 13:29;
19324;4987;signup_completed;08/01/2026 13:31;
19325;4987;onboarding_completed;08/01/2026 13:32;
19326;4987;lesson_start;08/01/2026 13:34;101.0
19327;4987;quiz_completed;08/01/2026 13:38;101.0
19328;4987;streak_extended;09/01/2026 13:38;102.0
19329;4987;streak_extended;10/01/2026 15:38;103.0
19330;4987;streak_extended;13/01/2026 14:38;106.0
19331;4987;streak_extended;22/01/2026 12:38;115.0
19332;4988;app_open;25/02/2026 11:46;
19333;4989;app_open;06/02/2026 04:42;
19334;4989;signup_completed;06/02/2026 04:42;
19335;4989;onboarding_completed;06/02/2026 04:44;
19336;4989;lesson_start;06/02/2026 04:46;101.0
19337;4989;quiz_completed;06/02/2026 04:54;101.0
19338;4989;streak_extended;07/02/2026 02:54;102.0
19339;4989;streak_extended;08/02/2026 06:54;103.0
19340;4989;streak_extended;11/02/2026 06:54;106.0
19341;4990;app_open;12/01/2026 14:13;
19342;4990;signup_completed;12/01/2026 14:14;
19343;4990;onboarding_completed;12/01/2026 14:17;
19344;4991;app_open;18/02/2026 17:50;
19345;4991;signup_completed;18/02/2026 17:52;
19346;4991;onboarding_completed;18/02/2026 17:55;
19347;4991;lesson_start;18/02/2026 17:56;101.0
19348;4991;quiz_completed;18/02/2026 18:00;101.0
19349;4991;streak_extended;19/02/2026 16:00;102.0
19350;4991;streak_extended;21/02/2026 17:00;104.0
19351;4991;streak_extended;23/02/2026 19:00;106.0
19352;4991;streak_extended;25/02/2026 18:00;108.0
19353;4992;app_open;07/03/2026 08:57;
19354;4992;signup_completed;07/03/2026 08:58;
19355;4992;onboarding_completed;07/03/2026 08:59;
19356;4992;lesson_start;07/03/2026 09:00;101.0
19357;4992;quiz_completed;07/03/2026 09:06;101.0
19358;4992;streak_extended;08/03/2026 07:06;102.0
19359;4993;app_open;29/03/2026 13:40;
19360;4993;signup_completed;29/03/2026 13:42;
19361;4993;onboarding_completed;29/03/2026 13:45;
19362;4994;app_open;06/01/2026 02:44;
19363;4994;signup_completed;06/01/2026 02:45;
19364;4994;onboarding_completed;06/01/2026 02:47;
19365;4994;lesson_start;06/01/2026 02:48;101.0
19366;4994;quiz_completed;06/01/2026 02:54;101.0
19367;4994;streak_extended;08/01/2026 01:54;103.0
19368;4994;streak_extended;09/01/2026 04:54;104.0
19369;4995;app_open;18/01/2026 09:54;
19370;4995;signup_completed;18/01/2026 09:55;
19371;4995;onboarding_completed;18/01/2026 09:59;
19372;4996;app_open;22/01/2026 16:03;
19373;4996;signup_completed;22/01/2026 16:04;
19374;4996;onboarding_completed;22/01/2026 16:09;
19375;4996;lesson_start;22/01/2026 16:10;101.0
19376;4996;quiz_completed;22/01/2026 16:17;101.0
19377;4996;streak_extended;23/01/2026 16:17;102.0
19378;4996;streak_extended;24/01/2026 16:17;103.0
19379;4996;streak_extended;27/01/2026 17:17;106.0
19380;4997;app_open;20/03/2026 02:14;
19381;4997;signup_completed;20/03/2026 02:15;
19382;4998;app_open;20/02/2026 01:50;
19383;4998;signup_completed;20/02/2026 01:51;
19384;4999;app_open;05/01/2026 11:01;
19385;4999;signup_completed;05/01/2026 11:02;
19386;4999;onboarding_completed;05/01/2026 11:04;
19387;4999;lesson_start;05/01/2026 11:06;101.0
19388;4999;quiz_completed;05/01/2026 11:09;101.0
19389;4999;streak_extended;06/01/2026 11:09;102.0
19390;4999;streak_extended;12/01/2026 12:09;108.0
19391;5000;app_open;08/02/2026 22:13;
19392;5000;signup_completed;08/02/2026 22:13;
19393;5000;onboarding_completed;08/02/2026 22:15;
19394;5000;lesson_start;08/02/2026 22:15;101.0
19395;5000;quiz_completed;08/02/2026 22:19;101.0
19396;5000;streak_extended;15/02/2026 21:19;108.0
