user_id;signup_timestamp;acquisition_channel;age_group;platform
1;04/03/2026 01:58;TikTok Ads;45+;Android
2;11/01/2026 19:25;Instagram Ads;18-24;iOS
3;03/01/2026 10:16;TikTok Ads;35-44;Android
4;13/03/2026 23:56;Organic Search;18-24;Android
5;27/01/2026 16:51;Organic Search;18-24;iOS
6;24/01/2026 18:38;TikTok Ads;18-24;iOS
7;22/01/2026 16:07;Instagram Ads;18-24;Android
8;14/01/2026 13:08;TikTok Ads;18-24;iOS
9;13/03/2026 12:06;Instagram Ads;25-34;iOS
10;10/01/2026 22:49;Instagram Ads;25-34;iOS
11;07/03/2026 16:49;Instagram Ads;18-24;iOS
12;13/03/2026 21:52;Referral;45+;Android
13;28/03/2026 14:55;TikTok Ads;18-24;Android
14;22/02/2026 22:47;Instagram Ads;18-24;iOS
15;09/01/2026 10:34;TikTok Ads;35-44;iOS
16;27/02/2026 07:56;Instagram Ads;18-24;iOS
17;10/02/2026 23:08;Instagram Ads;18-24;Android
18;04/01/2026 02:03;Organic Search;35-44;Android
19;03/01/2026 21:25;Instagram Ads;35-44;iOS
20;10/01/2026 02:19;TikTok Ads;18-24;iOS
21;22/01/2026 05:27;TikTok Ads;18-24;Android
22;23/01/2026 14:08;TikTok Ads;18-24;iOS
23;19/02/2026 01:33;TikTok Ads;25-34;iOS
24;28/02/2026 10:48;Referral;25-34;iOS
25;03/01/2026 13:49;TikTok Ads;25-34;Android
26;24/02/2026 11:47;Organic Search;25-34;iOS
27;20/01/2026 07:19;TikTok Ads;18-24;Android
28;11/03/2026 12:26;Instagram Ads;18-24;iOS
29;05/03/2026 02:20;TikTok Ads;18-24;Android
30;10/03/2026 02:12;Instagram Ads;35-44;iOS
31;22/02/2026 21:48;TikTok Ads;25-34;Android
32;10/02/2026 17:33;Instagram Ads;25-34;iOS
33;22/01/2026 09:39;Instagram Ads;18-24;iOS
34;13/02/2026 14:43;TikTok Ads;18-24;Android
35;27/02/2026 05:05;TikTok Ads;25-34;Android
36;28/01/2026 00:13;TikTok Ads;18-24;Android
37;20/03/2026 14:06;TikTok Ads;18-24;iOS
38;26/03/2026 09:36;TikTok Ads;35-44;Android
39;01/01/2026 15:08;Instagram Ads;35-44;Android
40;15/03/2026 16:08;TikTok Ads;35-44;iOS
41;20/03/2026 05:41;Organic Search;35-44;iOS
42;16/01/2026 12:01;TikTok Ads;18-24;iOS
43;09/03/2026 18:46;Organic Search;35-44;iOS
44;11/02/2026 00:45;Instagram Ads;18-24;iOS
45;03/02/2026 00:50;TikTok Ads;18-24;Android
46;27/01/2026 23:29;TikTok Ads;25-34;Android
47;16/01/2026 02:17;TikTok Ads;45+;Android
48;21/01/2026 21:43;TikTok Ads;18-24;iOS
49;16/03/2026 03:04;TikTok Ads;18-24;Android
50;02/02/2026 16:19;Instagram Ads;18-24;iOS
51;10/01/2026 22:10;Referral;18-24;iOS
52;10/01/2026 00:06;Instagram Ads;45+;iOS
53;06/02/2026 21:17;Instagram Ads;25-34;iOS
54;10/01/2026 09:21;Organic Search;18-24;Android
55;04/02/2026 20:28;Instagram Ads;25-34;iOS
56;24/03/2026 06:48;Organic Search;18-24;iOS
57;03/02/2026 09:28;TikTok Ads;25-34;Android
58;28/02/2026 14:47;TikTok Ads;25-34;iOS
59;26/01/2026 16:22;Instagram Ads;18-24;Android
60;20/03/2026 08:44;TikTok Ads;35-44;iOS
61;05/01/2026 05:14;TikTok Ads;18-24;Android
62;12/03/2026 20:23;Organic Search;18-24;Android
63;14/02/2026 14:32;Organic Search;25-34;iOS
64;22/02/2026 01:30;TikTok Ads;18-24;Android
65;13/01/2026 02:51;Referral;25-34;iOS
66;06/02/2026 18:02;TikTok Ads;25-34;Android
67;08/01/2026 15:37;Organic Search;25-34;Android
68;23/02/2026 14:20;TikTok Ads;18-24;Android
69;29/01/2026 11:09;Instagram Ads;18-24;iOS
70;22/03/2026 12:39;Instagram Ads;18-24;iOS
71;03/03/2026 00:50;Instagram Ads;25-34;Android
72;02/03/2026 01:15;TikTok Ads;25-34;iOS
73;27/03/2026 23:15;TikTok Ads;25-34;Android
74;25/03/2026 15:55;Organic Search;25-34;iOS
75;05/02/2026 02:40;TikTok Ads;18-24;iOS
76;26/02/2026 01:19;TikTok Ads;45+;iOS
77;19/01/2026 16:03;Organic Search;25-34;Android
78;10/03/2026 09:46;Instagram Ads;25-34;iOS
79;07/01/2026 18:04;TikTok Ads;25-34;iOS
80;05/01/2026 10:46;TikTok Ads;25-34;iOS
81;06/03/2026 04:51;Referral;45+;Android
82;23/01/2026 03:02;TikTok Ads;18-24;Android
83;17/03/2026 01:22;Instagram Ads;45+;Android
84;29/01/2026 02:19;Organic Search;18-24;iOS
85;08/01/2026 17:55;Organic Search;18-24;iOS
86;25/03/2026 01:02;Instagram Ads;35-44;Android
87;23/01/2026 14:26;Instagram Ads;18-24;Android
88;26/03/2026 03:03;Referral;18-24;iOS
89;10/01/2026 19:21;Organic Search;25-34;Android
90;06/02/2026 21:45;Organic Search;18-24;iOS
91;27/01/2026 23:43;Organic Search;25-34;Android
92;14/02/2026 00:31;Referral;25-34;iOS
93;03/03/2026 17:15;Organic Search;25-34;Android
94;22/03/2026 23:37;Organic Search;35-44;iOS
95;05/02/2026 10:07;TikTok Ads;18-24;iOS
96;16/01/2026 19:00;TikTok Ads;18-24;iOS
97;05/02/2026 22:35;TikTok Ads;25-34;iOS
98;04/02/2026 11:50;TikTok Ads;25-34;iOS
99;21/01/2026 08:11;TikTok Ads;25-34;Android
100;07/03/2026 01:37;TikTok Ads;25-34;iOS
101;26/01/2026 22:06;TikTok Ads;25-34;iOS
102;10/03/2026 03:21;Instagram Ads;25-34;Android
103;08/03/2026 08:46;Instagram Ads;18-24;Android
104;04/03/2026 22:01;TikTok Ads;18-24;iOS
105;07/01/2026 22:22;TikTok Ads;45+;Android
106;01/03/2026 03:22;Instagram Ads;18-24;iOS
107;03/03/2026 15:36;TikTok Ads;18-24;iOS
108;17/01/2026 14:46;Organic Search;25-34;iOS
109;21/02/2026 20:38;Referral;25-34;iOS
110;12/03/2026 18:59;Instagram Ads;18-24;iOS
111;24/01/2026 18:27;TikTok Ads;25-34;iOS
112;16/01/2026 20:45;TikTok Ads;18-24;iOS
113;14/02/2026 21:08;Organic Search;25-34;iOS
114;06/02/2026 20:11;TikTok Ads;18-24;iOS
115;27/01/2026 05:01;TikTok Ads;18-24;iOS
116;04/03/2026 03:18;Instagram Ads;25-34;iOS
117;08/03/2026 19:32;TikTok Ads;25-34;iOS
118;24/02/2026 01:47;Organic Search;25-34;iOS
119;22/01/2026 07:44;TikTok Ads;25-34;iOS
120;08/03/2026 11:16;Instagram Ads;35-44;iOS
121;01/02/2026 11:38;TikTok Ads;25-34;iOS
122;23/03/2026 19:59;Instagram Ads;35-44;iOS
123;16/03/2026 14:18;Referral;35-44;iOS
124;17/03/2026 08:12;TikTok Ads;18-24;iOS
125;06/01/2026 10:20;TikTok Ads;25-34;iOS
126;23/01/2026 05:43;TikTok Ads;25-34;iOS
127;21/03/2026 18:56;Organic Search;18-24;iOS
128;04/01/2026 02:47;Instagram Ads;25-34;Android
129;20/03/2026 03:53;Organic Search;25-34;iOS
130;31/01/2026 15:03;TikTok Ads;25-34;Android
131;08/02/2026 22:46;Referral;18-24;iOS
132;26/01/2026 23:52;Organic Search;18-24;Android
133;07/01/2026 10:13;Organic Search;18-24;Android
134;21/01/2026 11:37;Organic Search;18-24;Android
135;30/03/2026 15:45;Instagram Ads;25-34;iOS
136;25/02/2026 01:37;Organic Search;18-24;iOS
137;27/03/2026 02:05;Referral;18-24;iOS
138;11/03/2026 16:51;Referral;45+;iOS
139;31/01/2026 13:15;Instagram Ads;18-24;iOS
140;21/01/2026 15:27;TikTok Ads;25-34;Android
141;05/03/2026 15:16;Organic Search;25-34;iOS
142;18/02/2026 11:17;Instagram Ads;18-24;iOS
143;08/02/2026 09:53;Instagram Ads;35-44;iOS
144;27/03/2026 21:27;TikTok Ads;18-24;Android
145;30/03/2026 19:03;Instagram Ads;18-24;iOS
146;04/03/2026 09:57;Organic Search;18-24;Android
147;14/02/2026 13:12;Organic Search;18-24;iOS
148;14/01/2026 20:54;Referral;18-24;iOS
149;26/01/2026 17:12;Organic Search;35-44;Android
150;14/01/2026 13:21;Organic Search;18-24;iOS
151;24/01/2026 22:41;Organic Search;25-34;iOS
152;14/03/2026 07:57;Referral;18-24;iOS
153;24/02/2026 12:04;TikTok Ads;18-24;iOS
154;22/02/2026 07:54;TikTok Ads;18-24;Android
155;26/01/2026 12:13;Organic Search;25-34;Android
156;14/03/2026 12:40;TikTok Ads;18-24;Android
157;26/02/2026 18:11;TikTok Ads;45+;iOS
158;11/02/2026 14:19;Referral;18-24;Android
159;29/03/2026 04:04;Instagram Ads;45+;iOS
160;26/02/2026 15:43;Instagram Ads;45+;iOS
161;08/02/2026 18:40;Instagram Ads;25-34;iOS
162;05/02/2026 03:30;Instagram Ads;25-34;Android
163;22/01/2026 07:03;TikTok Ads;18-24;Android
164;14/01/2026 10:20;Organic Search;18-24;Android
165;19/02/2026 11:16;TikTok Ads;18-24;iOS
166;17/02/2026 21:58;TikTok Ads;25-34;iOS
167;09/01/2026 19:50;Referral;45+;Android
168;15/03/2026 09:06;Instagram Ads;18-24;Android
169;05/01/2026 13:47;Instagram Ads;18-24;Android
170;25/03/2026 14:30;Organic Search;35-44;Android
171;11/01/2026 15:30;Instagram Ads;18-24;Android
172;15/01/2026 20:08;Organic Search;18-24;iOS
173;02/03/2026 22:03;TikTok Ads;25-34;Android
174;16/01/2026 12:47;TikTok Ads;25-34;iOS
175;18/03/2026 21:40;Referral;25-34;Android
176;08/03/2026 01:38;Instagram Ads;18-24;iOS
177;10/02/2026 23:42;TikTok Ads;35-44;Android
178;27/02/2026 21:44;Referral;45+;iOS
179;07/01/2026 04:01;Organic Search;35-44;Android
180;07/02/2026 08:34;TikTok Ads;18-24;iOS
181;07/02/2026 01:14;Referral;25-34;iOS
182;27/02/2026 20:31;Instagram Ads;25-34;iOS
183;15/02/2026 10:38;TikTok Ads;25-34;iOS
184;21/02/2026 08:55;Organic Search;25-34;Android
185;25/01/2026 09:50;Instagram Ads;25-34;Android
186;23/02/2026 17:06;Instagram Ads;18-24;iOS
187;25/03/2026 13:45;Organic Search;25-34;Android
188;02/01/2026 02:45;TikTok Ads;18-24;iOS
189;08/03/2026 01:10;TikTok Ads;25-34;iOS
190;11/03/2026 23:24;Instagram Ads;35-44;iOS
191;12/01/2026 02:55;Instagram Ads;25-34;iOS
192;08/03/2026 04:30;Instagram Ads;35-44;Android
193;27/03/2026 21:42;TikTok Ads;35-44;iOS
194;22/02/2026 03:13;TikTok Ads;18-24;Android
195;14/03/2026 21:40;Instagram Ads;18-24;Android
196;26/01/2026 21:44;TikTok Ads;18-24;iOS
197;16/03/2026 14:57;TikTok Ads;18-24;iOS
198;04/03/2026 05:32;Instagram Ads;18-24;iOS
199;03/02/2026 00:39;Organic Search;18-24;Android
200;11/01/2026 19:56;TikTok Ads;18-24;iOS
201;29/01/2026 11:54;TikTok Ads;18-24;iOS
202;12/02/2026 05:04;TikTok Ads;18-24;iOS
203;16/01/2026 08:32;TikTok Ads;18-24;iOS
204;14/02/2026 01:15;Instagram Ads;18-24;Android
205;01/01/2026 07:33;Instagram Ads;18-24;Android
206;12/03/2026 02:35;Referral;18-24;iOS
207;27/03/2026 00:53;Organic Search;25-34;iOS
208;11/03/2026 20:58;TikTok Ads;18-24;iOS
209;26/01/2026 13:44;Instagram Ads;18-24;iOS
210;18/02/2026 14:27;Organic Search;18-24;iOS
211;15/03/2026 23:30;Organic Search;35-44;iOS
212;18/01/2026 08:17;Instagram Ads;18-24;iOS
213;19/02/2026 06:59;Instagram Ads;18-24;iOS
214;30/03/2026 14:34;TikTok Ads;18-24;iOS
215;11/01/2026 07:57;TikTok Ads;18-24;iOS
216;26/03/2026 12:27;Organic Search;25-34;Android
217;02/03/2026 17:03;Organic Search;18-24;iOS
218;29/01/2026 23:25;Instagram Ads;25-34;Android
219;23/03/2026 17:13;Instagram Ads;18-24;iOS
220;04/03/2026 00:51;TikTok Ads;25-34;iOS
221;19/02/2026 06:56;TikTok Ads;45+;Android
222;01/03/2026 03:00;TikTok Ads;18-24;iOS
223;20/01/2026 07:29;TikTok Ads;18-24;iOS
224;15/01/2026 20:08;TikTok Ads;18-24;Android
225;06/02/2026 07:16;TikTok Ads;25-34;iOS
226;16/03/2026 00:46;Referral;18-24;iOS
227;16/01/2026 16:26;Referral;35-44;Android
228;22/02/2026 08:50;TikTok Ads;18-24;Android
229;17/03/2026 14:19;Referral;25-34;iOS
230;21/02/2026 11:48;TikTok Ads;25-34;iOS
231;01/01/2026 01:19;TikTok Ads;18-24;iOS
232;28/02/2026 03:38;TikTok Ads;18-24;Android
233;01/02/2026 11:20;TikTok Ads;25-34;iOS
234;17/02/2026 10:32;Instagram Ads;25-34;iOS
235;02/01/2026 21:23;TikTok Ads;18-24;iOS
236;11/01/2026 20:40;Referral;18-24;Android
237;05/02/2026 05:48;TikTok Ads;25-34;Android
238;27/03/2026 07:34;Instagram Ads;18-24;iOS
239;22/03/2026 17:55;TikTok Ads;35-44;Android
240;20/03/2026 07:55;Referral;18-24;Android
241;30/01/2026 20:33;Referral;18-24;iOS
242;24/01/2026 05:57;Organic Search;25-34;Android
243;06/01/2026 14:58;TikTok Ads;25-34;iOS
244;24/01/2026 09:16;TikTok Ads;18-24;Android
245;27/03/2026 05:54;Instagram Ads;25-34;iOS
246;25/02/2026 02:02;Organic Search;18-24;Android
247;08/01/2026 15:31;Instagram Ads;18-24;iOS
248;09/01/2026 07:35;TikTok Ads;25-34;iOS
249;13/03/2026 01:28;TikTok Ads;35-44;iOS
250;17/02/2026 04:26;Instagram Ads;35-44;Android
251;21/03/2026 05:28;TikTok Ads;35-44;Android
252;07/01/2026 17:16;TikTok Ads;18-24;Android
253;15/03/2026 20:19;Instagram Ads;25-34;Android
254;21/02/2026 17:17;Organic Search;18-24;iOS
255;16/03/2026 08:31;TikTok Ads;25-34;iOS
256;13/01/2026 05:02;Instagram Ads;25-34;Android
257;13/01/2026 11:10;TikTok Ads;25-34;iOS
258;06/03/2026 01:19;Organic Search;18-24;iOS
259;16/02/2026 03:29;Organic Search;18-24;iOS
260;23/02/2026 09:08;Organic Search;25-34;Android
261;17/01/2026 00:46;Instagram Ads;25-34;iOS
262;26/01/2026 17:37;TikTok Ads;18-24;Android
263;21/02/2026 05:34;Instagram Ads;18-24;iOS
264;26/03/2026 16:54;Referral;18-24;iOS
265;28/02/2026 21:27;Instagram Ads;25-34;iOS
266;11/02/2026 01:58;Organic Search;35-44;iOS
267;21/01/2026 13:31;Instagram Ads;35-44;Android
268;22/02/2026 08:39;TikTok Ads;25-34;Android
269;15/03/2026 07:53;Instagram Ads;25-34;Android
270;12/03/2026 20:51;Referral;18-24;iOS
271;08/03/2026 23:30;Referral;25-34;iOS
272;20/01/2026 12:42;Referral;35-44;iOS
273;11/03/2026 05:17;Instagram Ads;18-24;iOS
274;31/01/2026 06:21;TikTok Ads;25-34;iOS
275;08/02/2026 17:43;TikTok Ads;18-24;iOS
276;07/03/2026 05:08;Referral;18-24;iOS
277;05/03/2026 02:19;Organic Search;18-24;iOS
278;06/02/2026 06:07;Instagram Ads;18-24;iOS
279;12/02/2026 12:50;Instagram Ads;18-24;Android
280;29/03/2026 08:15;TikTok Ads;25-34;Android
281;20/02/2026 06:02;TikTok Ads;25-34;iOS
282;13/02/2026 20:02;Referral;18-24;iOS
283;12/01/2026 17:57;TikTok Ads;45+;iOS
284;25/01/2026 01:39;Instagram Ads;18-24;Android
285;22/01/2026 19:34;TikTok Ads;35-44;iOS
286;07/01/2026 05:11;TikTok Ads;18-24;iOS
287;02/02/2026 19:47;Instagram Ads;18-24;Android
288;03/01/2026 01:00;Instagram Ads;25-34;iOS
289;27/02/2026 02:51;Instagram Ads;25-34;iOS
290;23/02/2026 18:43;TikTok Ads;35-44;Android
291;23/01/2026 08:12;TikTok Ads;18-24;Android
292;27/02/2026 03:09;Instagram Ads;18-24;iOS
293;22/01/2026 09:08;Organic Search;25-34;iOS
294;01/01/2026 16:45;TikTok Ads;18-24;Android
295;07/01/2026 21:25;TikTok Ads;18-24;Android
296;10/03/2026 17:23;TikTok Ads;25-34;iOS
297;03/03/2026 06:34;TikTok Ads;18-24;Android
298;06/01/2026 17:11;Organic Search;25-34;iOS
299;23/01/2026 05:28;Instagram Ads;18-24;iOS
300;07/01/2026 13:03;Organic Search;18-24;iOS
301;29/03/2026 21:46;TikTok Ads;18-24;iOS
302;04/01/2026 01:11;Instagram Ads;18-24;Android
303;25/03/2026 11:05;Organic Search;18-24;iOS
304;02/02/2026 01:57;TikTok Ads;25-34;iOS
305;07/01/2026 21:06;Instagram Ads;18-24;iOS
306;19/02/2026 22:04;Instagram Ads;18-24;Android
307;24/01/2026 02:35;Organic Search;18-24;Android
308;28/01/2026 00:53;Instagram Ads;35-44;Android
309;06/03/2026 22:49;Instagram Ads;18-24;iOS
310;17/02/2026 03:05;Instagram Ads;25-34;iOS
311;21/01/2026 19:12;TikTok Ads;25-34;Android
312;22/02/2026 08:30;Instagram Ads;18-24;iOS
313;13/01/2026 20:18;TikTok Ads;35-44;iOS
314;12/03/2026 05:32;Instagram Ads;18-24;iOS
315;27/03/2026 16:06;Instagram Ads;25-34;iOS
316;25/02/2026 10:37;TikTok Ads;18-24;Android
317;25/02/2026 22:40;Organic Search;25-34;Android
318;15/02/2026 21:24;Instagram Ads;18-24;Android
319;24/01/2026 14:13;Instagram Ads;18-24;iOS
320;18/03/2026 04:17;TikTok Ads;18-24;Android
321;15/02/2026 22:06;TikTok Ads;25-34;iOS
322;20/03/2026 09:36;TikTok Ads;18-24;iOS
323;09/02/2026 12:31;Organic Search;18-24;iOS
324;19/01/2026 11:41;Instagram Ads;25-34;Android
325;10/01/2026 03:47;Organic Search;18-24;iOS
326;10/01/2026 09:51;TikTok Ads;25-34;iOS
327;05/03/2026 23:32;Instagram Ads;25-34;iOS
328;11/02/2026 20:25;Organic Search;18-24;iOS
329;04/02/2026 09:34;Organic Search;18-24;Android
330;11/02/2026 03:00;Instagram Ads;18-24;Android
331;09/02/2026 21:56;Organic Search;25-34;iOS
332;15/02/2026 08:14;Instagram Ads;18-24;iOS
333;25/03/2026 20:53;Referral;18-24;Android
334;12/03/2026 18:52;Instagram Ads;18-24;iOS
335;06/01/2026 06:13;Organic Search;25-34;Android
336;07/03/2026 09:03;Instagram Ads;25-34;Android
337;05/03/2026 10:39;TikTok Ads;18-24;iOS
338;04/03/2026 17:42;Referral;35-44;iOS
339;10/01/2026 13:19;Organic Search;35-44;iOS
340;06/01/2026 21:14;Instagram Ads;35-44;iOS
341;09/02/2026 02:10;Instagram Ads;18-24;Android
342;12/03/2026 16:51;Referral;35-44;iOS
343;02/02/2026 22:37;Organic Search;25-34;iOS
344;19/03/2026 17:30;Organic Search;18-24;iOS
345;25/03/2026 15:50;TikTok Ads;18-24;iOS
346;11/01/2026 14:36;Instagram Ads;18-24;Android
347;25/01/2026 03:24;TikTok Ads;18-24;iOS
348;19/01/2026 14:26;Organic Search;18-24;Android
349;19/01/2026 11:13;Organic Search;25-34;iOS
350;22/02/2026 01:38;TikTok Ads;35-44;iOS
351;13/02/2026 13:20;Organic Search;25-34;Android
352;14/01/2026 14:38;Organic Search;45+;iOS
353;10/02/2026 23:03;Organic Search;18-24;iOS
354;18/01/2026 19:33;Instagram Ads;35-44;Android
355;28/01/2026 01:03;Organic Search;18-24;iOS
356;14/02/2026 22:00;Organic Search;18-24;iOS
357;25/01/2026 06:05;TikTok Ads;18-24;iOS
358;26/03/2026 21:41;TikTok Ads;18-24;iOS
359;08/01/2026 07:39;Referral;18-24;iOS
360;13/02/2026 00:34;Instagram Ads;18-24;Android
361;20/03/2026 10:49;Organic Search;18-24;iOS
362;25/03/2026 15:05;Organic Search;35-44;iOS
363;25/03/2026 02:32;Instagram Ads;18-24;Android
364;23/02/2026 10:21;TikTok Ads;35-44;Android
365;10/01/2026 12:08;Instagram Ads;25-34;iOS
366;05/01/2026 21:52;TikTok Ads;18-24;iOS
367;05/03/2026 07:36;Organic Search;18-24;iOS
368;22/02/2026 11:39;Referral;35-44;Android
369;23/03/2026 04:05;Referral;18-24;iOS
370;02/01/2026 10:23;Organic Search;25-34;iOS
371;10/01/2026 01:19;Organic Search;18-24;iOS
372;15/03/2026 03:56;Instagram Ads;25-34;iOS
373;24/03/2026 09:36;TikTok Ads;35-44;iOS
374;23/01/2026 22:48;TikTok Ads;35-44;Android
375;17/01/2026 03:31;Organic Search;25-34;Android
376;09/02/2026 11:00;Instagram Ads;18-24;iOS
377;17/02/2026 03:37;TikTok Ads;18-24;Android
378;16/02/2026 17:38;Instagram Ads;18-24;iOS
379;21/01/2026 18:04;Instagram Ads;18-24;Android
380;25/03/2026 22:46;Instagram Ads;18-24;iOS
381;08/02/2026 22:29;Organic Search;18-24;Android
382;29/03/2026 14:50;Instagram Ads;18-24;Android
383;06/01/2026 16:37;Organic Search;25-34;Android
384;16/01/2026 23:37;Organic Search;25-34;Android
385;06/02/2026 19:04;Instagram Ads;25-34;Android
386;01/01/2026 05:01;Organic Search;18-24;Android
387;07/02/2026 21:44;Organic Search;18-24;Android
388;26/01/2026 17:58;TikTok Ads;18-24;Android
389;18/03/2026 03:01;TikTok Ads;25-34;Android
390;18/03/2026 05:29;Instagram Ads;18-24;iOS
391;14/02/2026 04:14;Instagram Ads;45+;Android
392;28/01/2026 16:40;TikTok Ads;25-34;iOS
393;11/02/2026 01:40;Organic Search;18-24;Android
394;09/03/2026 15:10;Instagram Ads;45+;iOS
395;12/03/2026 22:12;Instagram Ads;35-44;iOS
396;18/03/2026 01:21;Referral;25-34;iOS
397;23/02/2026 23:02;TikTok Ads;25-34;iOS
398;06/03/2026 06:16;Instagram Ads;18-24;Android
399;11/03/2026 18:00;TikTok Ads;35-44;Android
400;17/02/2026 06:01;Referral;25-34;iOS
401;16/01/2026 00:42;Organic Search;18-24;iOS
402;19/01/2026 10:29;TikTok Ads;18-24;Android
403;29/01/2026 19:22;Instagram Ads;18-24;iOS
404;22/01/2026 03:16;Referral;18-24;iOS
405;06/01/2026 16:16;TikTok Ads;25-34;Android
406;26/02/2026 05:35;TikTok Ads;18-24;Android
407;13/03/2026 10:23;Instagram Ads;18-24;Android
408;22/02/2026 15:24;TikTok Ads;18-24;Android
409;06/01/2026 22:02;Instagram Ads;25-34;iOS
410;14/03/2026 14:54;TikTok Ads;45+;iOS
411;31/01/2026 10:45;Organic Search;18-24;iOS
412;06/01/2026 13:12;TikTok Ads;25-34;iOS
413;05/01/2026 20:50;Organic Search;18-24;Android
414;26/02/2026 17:13;TikTok Ads;35-44;Android
415;16/02/2026 06:59;Organic Search;25-34;Android
416;18/02/2026 19:43;Instagram Ads;18-24;iOS
417;24/03/2026 18:58;Referral;25-34;Android
418;21/02/2026 13:36;Instagram Ads;18-24;iOS
419;16/01/2026 06:50;Instagram Ads;18-24;iOS
420;06/01/2026 12:32;Instagram Ads;18-24;iOS
421;19/02/2026 07:19;TikTok Ads;25-34;iOS
422;08/01/2026 18:40;Instagram Ads;18-24;iOS
423;24/03/2026 15:46;TikTok Ads;18-24;Android
424;19/01/2026 01:00;TikTok Ads;25-34;Android
425;07/01/2026 15:39;Organic Search;18-24;iOS
426;27/02/2026 18:31;TikTok Ads;18-24;Android
427;07/01/2026 14:21;TikTok Ads;18-24;Android
428;07/03/2026 13:21;Organic Search;25-34;iOS
429;25/03/2026 16:11;TikTok Ads;25-34;iOS
430;23/01/2026 20:03;TikTok Ads;18-24;iOS
431;09/02/2026 04:51;TikTok Ads;18-24;iOS
432;12/01/2026 15:21;Instagram Ads;25-34;iOS
433;28/03/2026 10:31;TikTok Ads;18-24;Android
434;25/02/2026 07:26;Organic Search;18-24;Android
435;24/01/2026 21:43;TikTok Ads;25-34;Android
436;26/02/2026 04:58;Organic Search;25-34;Android
437;27/02/2026 17:19;TikTok Ads;25-34;iOS
438;04/01/2026 20:36;Organic Search;25-34;Android
439;02/03/2026 03:15;Instagram Ads;25-34;iOS
440;08/01/2026 23:02;Organic Search;18-24;iOS
441;10/02/2026 16:51;TikTok Ads;18-24;Android
442;05/03/2026 19:47;TikTok Ads;45+;iOS
443;26/02/2026 16:03;TikTok Ads;25-34;Android
444;24/02/2026 21:04;Instagram Ads;25-34;Android
445;20/02/2026 18:10;TikTok Ads;45+;Android
446;31/01/2026 17:11;Instagram Ads;18-24;Android
447;26/01/2026 07:37;TikTok Ads;18-24;iOS
448;20/01/2026 19:57;Instagram Ads;35-44;Android
449;07/03/2026 00:34;Organic Search;18-24;iOS
450;11/03/2026 12:50;TikTok Ads;45+;iOS
451;31/01/2026 12:06;Organic Search;25-34;iOS
452;24/01/2026 04:10;Organic Search;18-24;Android
453;26/01/2026 18:55;Referral;18-24;iOS
454;08/02/2026 10:14;Instagram Ads;35-44;iOS
455;13/01/2026 16:58;Instagram Ads;25-34;Android
456;07/03/2026 05:09;TikTok Ads;25-34;Android
457;04/03/2026 16:07;TikTok Ads;18-24;Android
458;30/01/2026 03:02;TikTok Ads;35-44;iOS
459;14/02/2026 09:24;TikTok Ads;35-44;iOS
460;31/01/2026 16:44;Instagram Ads;18-24;iOS
461;14/03/2026 23:58;TikTok Ads;18-24;Android
462;08/01/2026 01:02;TikTok Ads;25-34;iOS
463;01/01/2026 21:42;Organic Search;18-24;Android
464;14/02/2026 11:52;Instagram Ads;18-24;iOS
465;02/03/2026 07:24;TikTok Ads;25-34;iOS
466;24/02/2026 15:52;Organic Search;18-24;iOS
467;10/01/2026 16:58;Instagram Ads;25-34;iOS
468;08/01/2026 02:42;TikTok Ads;18-24;Android
469;22/02/2026 04:46;Instagram Ads;18-24;Android
470;21/01/2026 16:41;Organic Search;25-34;Android
471;19/02/2026 02:47;TikTok Ads;18-24;iOS
472;26/01/2026 17:57;TikTok Ads;25-34;Android
473;13/01/2026 20:38;TikTok Ads;18-24;iOS
474;03/02/2026 21:14;Referral;18-24;iOS
475;27/03/2026 12:33;TikTok Ads;18-24;Android
476;07/01/2026 16:17;Referral;18-24;Android
477;27/03/2026 08:50;Instagram Ads;35-44;iOS
478;24/01/2026 17:13;Instagram Ads;18-24;Android
479;05/02/2026 21:03;TikTok Ads;18-24;iOS
480;28/01/2026 16:04;Organic Search;18-24;Android
481;16/01/2026 07:34;Referral;18-24;Android
482;12/02/2026 13:02;Instagram Ads;35-44;iOS
483;22/03/2026 22:45;Instagram Ads;25-34;Android
484;22/02/2026 17:47;Instagram Ads;18-24;Android
485;10/03/2026 07:22;Organic Search;25-34;iOS
486;30/01/2026 08:54;Referral;25-34;Android
487;01/03/2026 09:18;TikTok Ads;25-34;iOS
488;20/03/2026 08:40;Instagram Ads;18-24;Android
489;05/03/2026 11:52;Referral;18-24;Android
490;21/02/2026 08:31;Instagram Ads;35-44;Android
491;01/01/2026 18:13;Instagram Ads;25-34;Android
492;06/03/2026 20:14;Instagram Ads;18-24;Android
493;21/03/2026 07:59;Organic Search;25-34;Android
494;23/02/2026 20:19;Instagram Ads;25-34;iOS
495;30/01/2026 01:36;Instagram Ads;18-24;iOS
496;06/03/2026 09:48;TikTok Ads;18-24;Android
497;11/01/2026 01:22;TikTok Ads;18-24;iOS
498;27/03/2026 06:11;TikTok Ads;18-24;iOS
499;14/01/2026 00:55;Instagram Ads;25-34;Android
500;26/01/2026 16:15;Instagram Ads;18-24;Android
501;12/01/2026 04:58;Instagram Ads;18-24;iOS
502;28/03/2026 09:10;TikTok Ads;18-24;iOS
503;11/01/2026 09:24;Instagram Ads;25-34;Android
504;14/03/2026 01:57;Organic Search;25-34;Android
505;23/02/2026 17:06;Referral;18-24;iOS
506;16/01/2026 02:13;TikTok Ads;25-34;Android
507;27/01/2026 10:37;TikTok Ads;35-44;iOS
508;28/01/2026 08:32;Referral;18-24;iOS
509;28/02/2026 17:21;Instagram Ads;18-24;iOS
510;21/01/2026 10:48;TikTok Ads;25-34;iOS
511;11/03/2026 16:09;TikTok Ads;25-34;Android
512;03/02/2026 06:58;TikTok Ads;18-24;iOS
513;20/01/2026 18:24;TikTok Ads;25-34;iOS
514;08/03/2026 17:59;Instagram Ads;25-34;iOS
515;03/03/2026 13:52;Instagram Ads;18-24;Android
516;24/03/2026 19:25;Instagram Ads;25-34;iOS
517;26/01/2026 15:07;TikTok Ads;25-34;Android
518;19/02/2026 01:41;Instagram Ads;25-34;Android
519;17/02/2026 10:21;TikTok Ads;18-24;Android
520;25/01/2026 09:09;Instagram Ads;25-34;Android
521;29/03/2026 21:35;TikTok Ads;18-24;Android
522;30/03/2026 04:09;TikTok Ads;25-34;iOS
523;24/03/2026 03:33;Instagram Ads;18-24;Android
524;05/01/2026 22:22;Instagram Ads;25-34;iOS
525;09/01/2026 23:04;Organic Search;35-44;iOS
526;03/03/2026 13:59;TikTok Ads;18-24;Android
527;11/02/2026 03:00;Instagram Ads;25-34;iOS
528;22/03/2026 12:31;TikTok Ads;25-34;iOS
529;27/01/2026 20:42;Referral;18-24;Android
530;05/01/2026 06:43;Instagram Ads;18-24;Android
531;01/01/2026 08:15;Instagram Ads;45+;iOS
532;02/02/2026 09:14;TikTok Ads;25-34;iOS
533;16/03/2026 20:50;TikTok Ads;18-24;iOS
534;13/01/2026 16:49;Organic Search;18-24;iOS
535;03/03/2026 20:34;TikTok Ads;18-24;iOS
536;26/01/2026 10:24;Instagram Ads;18-24;Android
537;16/01/2026 16:30;TikTok Ads;25-34;Android
538;13/03/2026 23:11;Instagram Ads;25-34;iOS
539;12/02/2026 21:33;TikTok Ads;25-34;Android
540;23/02/2026 13:30;Instagram Ads;25-34;Android
541;10/03/2026 12:19;Instagram Ads;18-24;iOS
542;11/02/2026 12:34;Referral;18-24;Android
543;24/02/2026 11:00;TikTok Ads;25-34;iOS
544;01/01/2026 22:31;Instagram Ads;25-34;iOS
545;11/01/2026 20:41;Instagram Ads;25-34;Android
546;08/01/2026 07:19;TikTok Ads;18-24;iOS
547;27/03/2026 17:47;Referral;35-44;iOS
548;09/03/2026 02:11;Organic Search;25-34;Android
549;29/03/2026 18:18;TikTok Ads;25-34;iOS
550;15/01/2026 11:19;Organic Search;25-34;Android
551;22/02/2026 23:19;TikTok Ads;18-24;iOS
552;04/01/2026 11:57;TikTok Ads;18-24;Android
553;23/03/2026 00:44;Instagram Ads;18-24;iOS
554;05/02/2026 20:20;Instagram Ads;25-34;iOS
555;26/02/2026 13:20;Referral;18-24;Android
556;23/02/2026 15:28;Organic Search;18-24;Android
557;15/01/2026 09:05;TikTok Ads;25-34;iOS
558;11/02/2026 17:28;Organic Search;35-44;Android
559;13/01/2026 08:58;Organic Search;18-24;iOS
560;05/01/2026 01:28;Instagram Ads;18-24;Android
561;30/01/2026 22:17;TikTok Ads;45+;Android
562;05/02/2026 09:41;Organic Search;18-24;Android
563;29/03/2026 06:46;Referral;18-24;Android
564;19/03/2026 07:05;Organic Search;18-24;iOS
565;25/03/2026 13:34;TikTok Ads;18-24;iOS
566;04/01/2026 20:57;TikTok Ads;18-24;iOS
567;29/03/2026 06:38;Referral;25-34;Android
568;04/02/2026 17:45;Instagram Ads;18-24;iOS
569;21/01/2026 09:30;Instagram Ads;18-24;Android
570;08/03/2026 05:19;TikTok Ads;25-34;Android
571;25/01/2026 05:26;TikTok Ads;18-24;Android
572;06/03/2026 18:04;Instagram Ads;18-24;Android
573;10/01/2026 23:31;TikTok Ads;25-34;Android
574;04/02/2026 08:07;TikTok Ads;18-24;iOS
575;17/03/2026 17:48;TikTok Ads;18-24;Android
576;24/02/2026 08:37;TikTok Ads;25-34;Android
577;27/03/2026 20:10;Organic Search;25-34;iOS
578;26/03/2026 22:13;Instagram Ads;25-34;iOS
579;09/02/2026 10:55;TikTok Ads;35-44;iOS
580;02/03/2026 06:14;TikTok Ads;18-24;iOS
581;14/03/2026 18:24;Organic Search;25-34;Android
582;16/01/2026 00:08;TikTok Ads;18-24;iOS
583;23/01/2026 23:38;TikTok Ads;18-24;Android
584;25/03/2026 22:40;TikTok Ads;25-34;iOS
585;16/01/2026 18:39;TikTok Ads;18-24;Android
586;19/03/2026 15:52;Organic Search;45+;iOS
587;20/03/2026 17:14;TikTok Ads;25-34;iOS
588;18/01/2026 04:33;Organic Search;18-24;iOS
589;27/03/2026 13:50;TikTok Ads;18-24;Android
590;10/02/2026 00:42;Instagram Ads;18-24;iOS
591;03/01/2026 09:45;Instagram Ads;25-34;Android
592;18/01/2026 09:56;Referral;25-34;iOS
593;13/03/2026 12:19;Instagram Ads;18-24;iOS
594;02/02/2026 06:02;Organic Search;18-24;Android
595;17/03/2026 23:05;Instagram Ads;25-34;Android
596;09/02/2026 23:21;Organic Search;25-34;Android
597;19/03/2026 21:20;TikTok Ads;25-34;iOS
598;07/03/2026 00:59;Organic Search;25-34;Android
599;25/03/2026 21:24;TikTok Ads;18-24;Android
600;13/03/2026 08:48;TikTok Ads;18-24;iOS
601;20/03/2026 17:10;Referral;25-34;iOS
602;25/01/2026 02:16;TikTok Ads;18-24;Android
603;26/01/2026 21:42;Instagram Ads;18-24;iOS
604;16/01/2026 10:57;TikTok Ads;25-34;Android
605;18/03/2026 10:42;TikTok Ads;18-24;iOS
606;10/03/2026 02:05;Referral;18-24;Android
607;11/01/2026 11:52;Instagram Ads;18-24;iOS
608;07/02/2026 03:23;TikTok Ads;25-34;Android
609;26/03/2026 16:17;Instagram Ads;25-34;iOS
610;04/01/2026 18:14;Referral;25-34;iOS
611;25/03/2026 08:40;Referral;25-34;iOS
612;15/02/2026 16:47;Organic Search;25-34;Android
613;22/01/2026 14:18;TikTok Ads;18-24;Android
614;20/01/2026 09:02;TikTok Ads;18-24;iOS
615;21/03/2026 06:47;Instagram Ads;25-34;Android
616;14/02/2026 16:35;TikTok Ads;18-24;iOS
617;03/02/2026 22:45;Organic Search;25-34;iOS
618;30/01/2026 15:08;Organic Search;35-44;Android
619;21/03/2026 15:59;Referral;18-24;Android
620;19/03/2026 05:17;Instagram Ads;25-34;Android
621;26/03/2026 14:19;Organic Search;25-34;iOS
622;23/01/2026 02:20;Instagram Ads;45+;Android
623;22/01/2026 15:26;TikTok Ads;18-24;iOS
624;03/01/2026 07:08;Organic Search;25-34;iOS
625;06/03/2026 01:59;Instagram Ads;25-34;Android
626;19/01/2026 18:01;Instagram Ads;25-34;iOS
627;08/02/2026 16:29;TikTok Ads;25-34;Android
628;01/02/2026 20:54;Organic Search;25-34;Android
629;28/01/2026 01:11;TikTok Ads;18-24;iOS
630;25/03/2026 22:05;TikTok Ads;25-34;Android
631;07/01/2026 17:45;TikTok Ads;18-24;Android
632;17/03/2026 01:58;TikTok Ads;25-34;Android
633;28/01/2026 02:24;Instagram Ads;18-24;iOS
634;04/02/2026 02:13;Organic Search;25-34;iOS
635;04/03/2026 06:45;Organic Search;18-24;Android
636;19/02/2026 11:00;TikTok Ads;45+;iOS
637;08/02/2026 19:19;TikTok Ads;18-24;iOS
638;07/03/2026 23:23;Organic Search;45+;iOS
639;23/03/2026 21:52;Instagram Ads;25-34;Android
640;22/02/2026 01:28;Instagram Ads;18-24;iOS
641;02/02/2026 03:38;Instagram Ads;18-24;Android
642;03/01/2026 16:18;TikTok Ads;25-34;iOS
643;12/01/2026 04:45;Instagram Ads;18-24;Android
644;27/03/2026 03:38;TikTok Ads;25-34;iOS
645;26/01/2026 08:40;Instagram Ads;25-34;Android
646;18/01/2026 08:05;Organic Search;18-24;Android
647;26/02/2026 08:52;Instagram Ads;18-24;iOS
648;26/01/2026 18:34;TikTok Ads;25-34;Android
649;04/01/2026 17:08;Organic Search;25-34;iOS
650;11/01/2026 12:35;TikTok Ads;18-24;iOS
651;27/02/2026 22:06;TikTok Ads;18-24;iOS
652;12/02/2026 04:36;Organic Search;45+;Android
653;03/02/2026 13:30;Instagram Ads;18-24;Android
654;12/03/2026 17:37;Organic Search;18-24;iOS
655;18/03/2026 08:30;Organic Search;18-24;iOS
656;31/01/2026 10:55;Instagram Ads;18-24;iOS
657;12/02/2026 08:52;TikTok Ads;18-24;iOS
658;28/02/2026 20:34;Organic Search;18-24;iOS
659;19/02/2026 15:42;TikTok Ads;35-44;iOS
660;12/01/2026 05:28;Instagram Ads;35-44;Android
661;07/02/2026 09:34;TikTok Ads;25-34;iOS
662;29/03/2026 07:59;Instagram Ads;18-24;iOS
663;25/02/2026 23:32;Organic Search;18-24;iOS
664;19/01/2026 10:54;Organic Search;25-34;iOS
665;25/01/2026 17:32;Instagram Ads;18-24;Android
666;05/01/2026 07:25;Instagram Ads;45+;iOS
667;10/03/2026 19:35;TikTok Ads;18-24;iOS
668;12/02/2026 08:05;TikTok Ads;35-44;iOS
669;01/01/2026 03:56;TikTok Ads;25-34;iOS
670;20/02/2026 11:30;Organic Search;18-24;iOS
671;20/03/2026 07:18;TikTok Ads;18-24;Android
672;22/02/2026 06:41;TikTok Ads;25-34;iOS
673;08/03/2026 16:29;TikTok Ads;35-44;iOS
674;11/03/2026 20:23;Instagram Ads;45+;iOS
675;14/03/2026 00:52;Referral;18-24;iOS
676;13/03/2026 13:25;TikTok Ads;25-34;Android
677;07/03/2026 02:40;TikTok Ads;25-34;iOS
678;20/01/2026 03:07;Instagram Ads;18-24;Android
679;05/02/2026 08:41;Instagram Ads;18-24;iOS
680;11/02/2026 20:59;TikTok Ads;18-24;iOS
681;07/01/2026 19:03;Organic Search;25-34;iOS
682;06/03/2026 11:47;TikTok Ads;35-44;Android
683;02/02/2026 01:25;TikTok Ads;25-34;iOS
684;02/03/2026 12:03;TikTok Ads;18-24;iOS
685;31/01/2026 11:28;TikTok Ads;35-44;Android
686;06/03/2026 09:48;Instagram Ads;18-24;iOS
687;24/03/2026 08:01;Instagram Ads;25-34;iOS
688;13/01/2026 02:23;Instagram Ads;25-34;iOS
689;11/03/2026 21:08;TikTok Ads;25-34;iOS
690;29/03/2026 09:15;TikTok Ads;18-24;iOS
691;30/01/2026 03:48;Organic Search;25-34;iOS
692;19/02/2026 05:40;Organic Search;35-44;Android
693;31/01/2026 00:41;TikTok Ads;18-24;Android
694;06/03/2026 17:58;Organic Search;18-24;iOS
695;09/02/2026 15:37;Instagram Ads;35-44;iOS
696;01/02/2026 16:03;Instagram Ads;18-24;Android
697;09/02/2026 01:39;Organic Search;18-24;Android
698;09/03/2026 16:36;Referral;18-24;iOS
699;29/01/2026 16:55;TikTok Ads;25-34;iOS
700;23/02/2026 19:52;Instagram Ads;25-34;iOS
701;13/01/2026 08:36;Referral;25-34;iOS
702;19/01/2026 15:01;Instagram Ads;25-34;iOS
703;10/02/2026 19:42;Organic Search;35-44;iOS
704;06/03/2026 13:23;Referral;18-24;iOS
705;06/02/2026 19:28;TikTok Ads;35-44;Android
706;07/03/2026 18:15;TikTok Ads;18-24;Android
707;14/03/2026 15:16;TikTok Ads;35-44;Android
708;29/03/2026 15:41;Instagram Ads;45+;iOS
709;17/01/2026 21:30;Referral;25-34;Android
710;01/03/2026 18:15;TikTok Ads;35-44;iOS
711;25/02/2026 06:06;TikTok Ads;18-24;iOS
712;30/01/2026 05:15;Instagram Ads;25-34;Android
713;09/02/2026 10:13;TikTok Ads;25-34;iOS
714;23/02/2026 04:47;Organic Search;25-34;iOS
715;22/03/2026 22:43;Organic Search;18-24;iOS
716;01/01/2026 00:56;Organic Search;18-24;iOS
717;30/01/2026 12:04;Instagram Ads;25-34;iOS
718;28/01/2026 20:33;TikTok Ads;25-34;Android
719;21/01/2026 09:45;TikTok Ads;18-24;iOS
720;11/02/2026 17:42;TikTok Ads;18-24;Android
721;18/03/2026 06:57;Instagram Ads;25-34;iOS
722;26/02/2026 07:27;Organic Search;18-24;Android
723;28/02/2026 21:37;Instagram Ads;18-24;Android
724;05/03/2026 13:34;TikTok Ads;25-34;iOS
725;01/02/2026 06:53;TikTok Ads;35-44;iOS
726;15/02/2026 03:30;Organic Search;18-24;Android
727;12/02/2026 21:26;Instagram Ads;25-34;iOS
728;12/02/2026 22:18;TikTok Ads;18-24;iOS
729;07/03/2026 14:19;Instagram Ads;35-44;Android
730;21/01/2026 17:57;Organic Search;25-34;Android
731;19/02/2026 15:07;TikTok Ads;35-44;Android
732;15/02/2026 22:36;Instagram Ads;18-24;iOS
733;19/03/2026 01:32;Instagram Ads;35-44;iOS
734;29/03/2026 11:54;TikTok Ads;45+;iOS
735;19/03/2026 06:52;Instagram Ads;18-24;Android
736;13/03/2026 10:54;Referral;18-24;Android
737;17/01/2026 11:24;TikTok Ads;35-44;Android
738;05/03/2026 23:14;Organic Search;18-24;Android
739;09/01/2026 05:35;Organic Search;18-24;Android
740;28/01/2026 13:16;TikTok Ads;35-44;iOS
741;20/02/2026 01:05;Organic Search;25-34;iOS
742;06/03/2026 10:53;TikTok Ads;18-24;iOS
743;03/03/2026 10:51;TikTok Ads;25-34;iOS
744;02/03/2026 02:58;TikTok Ads;25-34;iOS
745;02/02/2026 13:02;Referral;35-44;Android
746;10/01/2026 01:36;Instagram Ads;35-44;iOS
747;21/03/2026 11:03;TikTok Ads;18-24;Android
748;14/03/2026 22:16;TikTok Ads;25-34;Android
749;23/01/2026 19:17;Organic Search;25-34;iOS
750;07/03/2026 07:43;Organic Search;25-34;iOS
751;31/01/2026 03:19;TikTok Ads;35-44;Android
752;22/01/2026 19:27;Organic Search;35-44;iOS
753;20/03/2026 07:25;Instagram Ads;18-24;iOS
754;20/01/2026 08:00;Instagram Ads;25-34;Android
755;15/01/2026 07:21;Organic Search;18-24;Android
756;03/01/2026 08:54;Instagram Ads;25-34;Android
757;05/01/2026 11:41;TikTok Ads;25-34;iOS
758;24/01/2026 18:31;TikTok Ads;18-24;Android
759;16/02/2026 03:08;Referral;25-34;Android
760;01/03/2026 08:22;Instagram Ads;25-34;iOS
761;24/03/2026 12:01;TikTok Ads;18-24;iOS
762;16/03/2026 14:42;TikTok Ads;18-24;iOS
763;08/01/2026 01:42;Referral;18-24;iOS
764;14/02/2026 05:11;TikTok Ads;25-34;iOS
765;10/02/2026 05:43;TikTok Ads;25-34;iOS
766;28/03/2026 00:50;TikTok Ads;18-24;iOS
767;03/03/2026 03:27;TikTok Ads;18-24;Android
768;25/02/2026 21:24;Instagram Ads;25-34;iOS
769;19/01/2026 21:04;Referral;18-24;iOS
770;11/03/2026 17:52;Instagram Ads;18-24;iOS
771;09/03/2026 14:37;Instagram Ads;35-44;iOS
772;07/02/2026 06:44;Organic Search;45+;iOS
773;17/02/2026 23:58;TikTok Ads;18-24;iOS
774;08/02/2026 19:15;Instagram Ads;35-44;Android
775;24/01/2026 16:31;Instagram Ads;18-24;Android
776;15/01/2026 07:51;Referral;25-34;iOS
777;05/03/2026 16:43;Instagram Ads;18-24;iOS
778;08/03/2026 18:16;TikTok Ads;25-34;Android
779;01/01/2026 12:55;TikTok Ads;18-24;iOS
780;28/03/2026 16:02;TikTok Ads;18-24;iOS
781;14/03/2026 21:52;Organic Search;18-24;iOS
782;25/03/2026 12:58;TikTok Ads;35-44;Android
783;16/03/2026 18:20;Instagram Ads;18-24;iOS
784;27/03/2026 23:17;TikTok Ads;25-34;Android
785;11/01/2026 08:21;Instagram Ads;35-44;Android
786;17/03/2026 13:51;TikTok Ads;35-44;iOS
787;11/02/2026 06:39;Instagram Ads;18-24;iOS
788;22/01/2026 05:56;Instagram Ads;18-24;iOS
789;18/01/2026 01:50;Instagram Ads;18-24;iOS
790;20/03/2026 01:42;Instagram Ads;18-24;Android
791;09/03/2026 13:35;Instagram Ads;25-34;Android
792;20/02/2026 06:55;Instagram Ads;25-34;iOS
793;15/02/2026 02:28;TikTok Ads;25-34;iOS
794;05/01/2026 21:01;Organic Search;25-34;Android
795;24/02/2026 02:50;Referral;18-24;iOS
796;25/01/2026 04:40;Instagram Ads;18-24;Android
797;24/03/2026 08:46;Organic Search;25-34;iOS
798;12/01/2026 18:47;TikTok Ads;18-24;iOS
799;14/02/2026 07:37;Organic Search;18-24;iOS
800;13/01/2026 22:42;TikTok Ads;25-34;Android
801;19/03/2026 19:26;TikTok Ads;18-24;iOS
802;15/02/2026 02:41;TikTok Ads;25-34;Android
803;06/03/2026 19:34;TikTok Ads;18-24;Android
804;21/02/2026 13:37;Instagram Ads;25-34;iOS
805;24/02/2026 06:23;Instagram Ads;18-24;iOS
806;27/02/2026 19:30;Referral;18-24;iOS
807;31/01/2026 19:21;TikTok Ads;18-24;iOS
808;15/03/2026 07:51;TikTok Ads;25-34;iOS
809;28/03/2026 13:10;TikTok Ads;35-44;iOS
810;12/02/2026 23:16;Referral;18-24;Android
811;01/03/2026 11:35;Instagram Ads;25-34;Android
812;21/03/2026 03:06;TikTok Ads;45+;iOS
813;11/03/2026 20:01;TikTok Ads;18-24;iOS
814;28/03/2026 14:33;TikTok Ads;25-34;iOS
815;19/02/2026 00:13;Organic Search;25-34;iOS
816;11/02/2026 10:22;TikTok Ads;18-24;iOS
817;22/03/2026 15:21;TikTok Ads;18-24;iOS
818;30/03/2026 01:07;Referral;25-34;iOS
819;23/02/2026 04:38;Instagram Ads;18-24;iOS
820;13/02/2026 07:03;Instagram Ads;18-24;iOS
821;29/03/2026 02:38;Referral;35-44;Android
822;16/01/2026 10:51;Instagram Ads;25-34;iOS
823;14/03/2026 04:50;TikTok Ads;18-24;iOS
824;25/03/2026 15:25;Instagram Ads;18-24;Android
825;16/02/2026 02:04;Referral;25-34;iOS
826;13/02/2026 16:44;Organic Search;18-24;Android
827;26/01/2026 03:57;TikTok Ads;25-34;iOS
828;14/03/2026 23:46;Organic Search;35-44;iOS
829;25/01/2026 00:06;Instagram Ads;45+;iOS
830;23/03/2026 13:01;Organic Search;25-34;iOS
831;03/03/2026 21:51;TikTok Ads;18-24;Android
832;27/01/2026 22:10;TikTok Ads;25-34;iOS
833;16/03/2026 08:28;Instagram Ads;35-44;Android
834;17/03/2026 12:06;Instagram Ads;25-34;Android
835;20/02/2026 14:42;Instagram Ads;45+;iOS
836;17/02/2026 01:11;TikTok Ads;35-44;iOS
837;02/03/2026 20:25;Organic Search;35-44;iOS
838;24/01/2026 05:28;Organic Search;18-24;iOS
839;27/01/2026 15:51;Instagram Ads;35-44;iOS
840;12/02/2026 16:58;Instagram Ads;25-34;Android
841;08/01/2026 12:32;Instagram Ads;18-24;iOS
842;11/03/2026 06:40;TikTok Ads;25-34;iOS
843;28/01/2026 17:47;TikTok Ads;45+;iOS
844;23/01/2026 18:24;Referral;25-34;Android
845;27/01/2026 09:08;TikTok Ads;18-24;Android
846;02/02/2026 14:34;Organic Search;25-34;iOS
847;01/02/2026 00:58;Organic Search;25-34;Android
848;28/03/2026 16:54;Organic Search;25-34;Android
849;22/02/2026 10:38;TikTok Ads;18-24;iOS
850;08/01/2026 19:45;Instagram Ads;18-24;iOS
851;14/01/2026 10:26;TikTok Ads;18-24;Android
852;15/01/2026 15:27;Referral;18-24;Android
853;23/01/2026 10:52;Instagram Ads;18-24;iOS
854;07/02/2026 04:32;Instagram Ads;25-34;Android
855;09/03/2026 09:01;TikTok Ads;18-24;iOS
856;15/01/2026 20:03;TikTok Ads;18-24;iOS
857;10/03/2026 14:04;Organic Search;35-44;iOS
858;21/01/2026 18:32;Referral;18-24;iOS
859;07/01/2026 05:39;TikTok Ads;25-34;Android
860;10/02/2026 06:42;Instagram Ads;18-24;Android
861;09/02/2026 13:46;TikTok Ads;35-44;iOS
862;02/02/2026 03:00;Instagram Ads;25-34;Android
863;22/02/2026 16:22;TikTok Ads;25-34;iOS
864;15/02/2026 05:40;Organic Search;25-34;Android
865;10/02/2026 08:49;Instagram Ads;25-34;iOS
866;07/01/2026 01:05;Organic Search;18-24;iOS
867;21/01/2026 01:57;TikTok Ads;18-24;Android
868;22/03/2026 20:46;TikTok Ads;25-34;iOS
869;10/02/2026 19:00;TikTok Ads;25-34;iOS
870;07/02/2026 19:32;TikTok Ads;25-34;iOS
871;29/03/2026 20:25;Organic Search;18-24;iOS
872;16/03/2026 17:45;Organic Search;18-24;iOS
873;26/02/2026 17:00;TikTok Ads;18-24;Android
874;09/03/2026 12:41;TikTok Ads;25-34;Android
875;02/01/2026 21:30;Instagram Ads;35-44;iOS
876;25/03/2026 04:19;Referral;18-24;Android
877;27/03/2026 12:04;Instagram Ads;18-24;Android
878;16/03/2026 07:57;Organic Search;18-24;iOS
879;25/02/2026 21:27;Organic Search;25-34;Android
880;06/02/2026 22:21;Organic Search;45+;Android
881;16/02/2026 07:26;TikTok Ads;18-24;Android
882;01/01/2026 13:44;Instagram Ads;18-24;iOS
883;04/02/2026 03:39;Referral;25-34;iOS
884;29/01/2026 23:49;Instagram Ads;18-24;iOS
885;15/03/2026 03:43;TikTok Ads;18-24;Android
886;07/02/2026 20:44;Instagram Ads;25-34;Android
887;24/03/2026 20:40;TikTok Ads;25-34;iOS
888;28/03/2026 13:40;Organic Search;18-24;Android
889;23/03/2026 03:23;Instagram Ads;18-24;iOS
890;10/02/2026 16:23;Instagram Ads;25-34;iOS
891;22/02/2026 06:08;Instagram Ads;18-24;Android
892;14/03/2026 13:50;TikTok Ads;35-44;iOS
893;13/03/2026 07:49;TikTok Ads;18-24;iOS
894;23/02/2026 00:34;Instagram Ads;18-24;Android
895;19/03/2026 15:49;TikTok Ads;18-24;iOS
896;28/02/2026 13:40;TikTok Ads;18-24;iOS
897;29/03/2026 04:03;Instagram Ads;18-24;iOS
898;22/01/2026 09:53;Instagram Ads;18-24;iOS
899;17/02/2026 09:39;Referral;25-34;Android
900;22/01/2026 07:17;TikTok Ads;25-34;Android
901;27/01/2026 11:59;Instagram Ads;45+;iOS
902;12/02/2026 07:34;TikTok Ads;25-34;Android
903;17/02/2026 03:37;TikTok Ads;18-24;iOS
904;03/01/2026 19:37;TikTok Ads;25-34;iOS
905;07/02/2026 18:06;TikTok Ads;18-24;iOS
906;02/02/2026 15:14;TikTok Ads;25-34;Android
907;06/03/2026 22:35;Organic Search;18-24;Android
908;07/03/2026 22:30;Organic Search;25-34;iOS
909;19/03/2026 11:48;TikTok Ads;18-24;iOS
910;09/02/2026 06:07;TikTok Ads;18-24;iOS
911;12/03/2026 07:27;Organic Search;18-24;iOS
912;17/01/2026 00:34;Referral;35-44;Android
913;23/03/2026 14:31;Referral;25-34;Android
914;15/02/2026 09:05;TikTok Ads;18-24;iOS
915;13/01/2026 09:23;TikTok Ads;18-24;Android
916;02/03/2026 09:57;Organic Search;25-34;iOS
917;21/02/2026 20:35;Organic Search;25-34;iOS
918;03/01/2026 14:50;Instagram Ads;18-24;iOS
919;30/03/2026 01:17;Referral;18-24;iOS
920;08/02/2026 06:08;Organic Search;25-34;iOS
921;27/02/2026 11:12;TikTok Ads;18-24;Android
922;24/02/2026 19:07;Instagram Ads;18-24;Android
923;06/03/2026 08:54;Instagram Ads;18-24;iOS
924;03/01/2026 15:09;Instagram Ads;18-24;iOS
925;09/01/2026 03:36;Organic Search;18-24;iOS
926;04/03/2026 09:42;Instagram Ads;18-24;iOS
927;11/02/2026 14:44;Instagram Ads;18-24;iOS
928;14/01/2026 04:12;Organic Search;45+;Android
929;26/03/2026 03:54;Organic Search;18-24;Android
930;14/02/2026 19:50;TikTok Ads;45+;Android
931;18/01/2026 15:27;Organic Search;45+;iOS
932;05/01/2026 21:10;TikTok Ads;18-24;iOS
933;26/01/2026 06:12;TikTok Ads;25-34;Android
934;06/02/2026 19:22;TikTok Ads;25-34;Android
935;01/02/2026 18:47;Referral;45+;iOS
936;21/01/2026 13:12;Referral;25-34;iOS
937;14/02/2026 03:31;Instagram Ads;25-34;iOS
938;01/02/2026 17:36;Instagram Ads;25-34;iOS
939;02/02/2026 18:25;Instagram Ads;25-34;iOS
940;15/03/2026 21:47;TikTok Ads;18-24;iOS
941;27/03/2026 09:42;Referral;18-24;Android
942;06/02/2026 19:25;TikTok Ads;18-24;Android
943;28/01/2026 00:23;Organic Search;18-24;iOS
944;15/03/2026 00:18;TikTok Ads;18-24;Android
945;22/03/2026 18:31;TikTok Ads;18-24;iOS
946;10/02/2026 22:19;Referral;45+;iOS
947;25/01/2026 11:50;Organic Search;18-24;iOS
948;23/03/2026 01:29;Organic Search;35-44;Android
949;08/01/2026 22:51;Instagram Ads;18-24;Android
950;15/02/2026 15:53;TikTok Ads;25-34;iOS
951;02/01/2026 21:09;Instagram Ads;18-24;iOS
952;14/03/2026 17:21;Referral;18-24;iOS
953;22/02/2026 08:56;TikTok Ads;18-24;iOS
954;06/01/2026 01:22;TikTok Ads;35-44;iOS
955;03/02/2026 23:28;Referral;25-34;iOS
956;22/01/2026 18:28;Instagram Ads;25-34;Android
957;05/03/2026 02:56;TikTok Ads;18-24;Android
958;07/01/2026 15:53;Referral;35-44;iOS
959;17/03/2026 20:24;Organic Search;18-24;iOS
960;05/03/2026 06:41;TikTok Ads;25-34;iOS
961;04/01/2026 21:48;TikTok Ads;35-44;iOS
962;15/03/2026 05:29;TikTok Ads;18-24;Android
963;04/01/2026 00:18;Instagram Ads;18-24;Android
964;25/01/2026 00:12;Organic Search;18-24;Android
965;20/01/2026 08:32;Organic Search;25-34;iOS
966;23/03/2026 11:32;Organic Search;25-34;iOS
967;02/01/2026 23:29;Instagram Ads;18-24;iOS
968;02/03/2026 07:49;Organic Search;18-24;iOS
969;15/01/2026 19:04;Instagram Ads;18-24;Android
970;24/01/2026 03:51;TikTok Ads;18-24;iOS
971;13/01/2026 06:06;TikTok Ads;18-24;Android
972;15/02/2026 23:28;Referral;18-24;Android
973;06/03/2026 23:57;Organic Search;25-34;iOS
974;12/01/2026 02:32;TikTok Ads;18-24;Android
975;24/02/2026 18:08;Organic Search;18-24;iOS
976;22/01/2026 03:53;Referral;25-34;Android
977;15/02/2026 03:36;Organic Search;18-24;iOS
978;09/03/2026 21:52;Instagram Ads;18-24;iOS
979;25/01/2026 21:05;Organic Search;18-24;Android
980;16/03/2026 11:00;Instagram Ads;45+;iOS
981;05/02/2026 19:35;TikTok Ads;25-34;iOS
982;17/01/2026 06:58;Organic Search;25-34;iOS
983;28/02/2026 19:49;Instagram Ads;25-34;iOS
984;28/02/2026 22:59;Referral;25-34;Android
985;14/03/2026 14:47;Organic Search;18-24;Android
986;11/03/2026 17:53;Instagram Ads;25-34;Android
987;12/01/2026 02:52;TikTok Ads;25-34;iOS
988;17/03/2026 12:23;TikTok Ads;18-24;Android
989;21/03/2026 13:06;Organic Search;25-34;Android
990;16/01/2026 21:36;Instagram Ads;35-44;iOS
991;31/01/2026 04:46;TikTok Ads;18-24;Android
992;11/01/2026 11:53;Organic Search;18-24;iOS
993;26/02/2026 04:25;Organic Search;18-24;Android
994;03/01/2026 11:50;Referral;18-24;iOS
995;31/01/2026 06:54;Organic Search;25-34;iOS
996;25/02/2026 21:42;Referral;18-24;iOS
997;07/03/2026 18:20;Organic Search;35-44;iOS
998;30/03/2026 03:51;Organic Search;25-34;iOS
999;06/02/2026 10:31;TikTok Ads;35-44;iOS
1000;08/02/2026 12:16;TikTok Ads;18-24;Android
1001;11/03/2026 10:06;Instagram Ads;25-34;iOS
1002;20/01/2026 06:08;Instagram Ads;25-34;Android
1003;08/01/2026 09:05;Referral;18-24;Android
1004;27/02/2026 11:41;TikTok Ads;25-34;iOS
1005;09/03/2026 01:14;TikTok Ads;18-24;Android
1006;22/03/2026 15:22;TikTok Ads;25-34;iOS
1007;02/03/2026 21:34;TikTok Ads;25-34;iOS
1008;24/01/2026 13:52;Instagram Ads;25-34;iOS
1009;10/01/2026 21:26;TikTok Ads;18-24;Android
1010;09/03/2026 16:34;Instagram Ads;25-34;Android
1011;17/03/2026 00:00;TikTok Ads;18-24;Android
1012;30/01/2026 06:44;TikTok Ads;18-24;iOS
1013;24/03/2026 13:19;Instagram Ads;45+;iOS
1014;08/03/2026 10:26;Instagram Ads;18-24;Android
1015;28/02/2026 07:03;TikTok Ads;18-24;Android
1016;20/03/2026 05:00;Organic Search;18-24;iOS
1017;12/01/2026 18:04;TikTok Ads;18-24;iOS
1018;19/03/2026 07:20;Instagram Ads;18-24;iOS
1019;24/02/2026 22:43;Instagram Ads;45+;Android
1020;17/03/2026 23:40;TikTok Ads;18-24;Android
1021;04/01/2026 23:41;TikTok Ads;18-24;iOS
1022;03/02/2026 17:02;Instagram Ads;25-34;iOS
1023;21/02/2026 17:23;TikTok Ads;45+;iOS
1024;11/02/2026 14:11;Instagram Ads;25-34;Android
1025;06/03/2026 05:27;TikTok Ads;18-24;iOS
1026;05/02/2026 23:29;Organic Search;35-44;iOS
1027;07/01/2026 16:40;TikTok Ads;35-44;Android
1028;19/02/2026 02:58;Organic Search;18-24;iOS
1029;04/03/2026 20:53;Organic Search;25-34;iOS
1030;03/02/2026 03:07;TikTok Ads;25-34;iOS
1031;02/01/2026 05:28;Instagram Ads;45+;iOS
1032;24/03/2026 11:39;Organic Search;18-24;Android
1033;10/02/2026 18:48;Referral;18-24;iOS
1034;21/03/2026 20:10;Instagram Ads;18-24;Android
1035;17/02/2026 14:15;Referral;18-24;iOS
1036;11/01/2026 05:55;Instagram Ads;25-34;iOS
1037;12/02/2026 02:10;Instagram Ads;25-34;Android
1038;05/02/2026 03:57;TikTok Ads;25-34;iOS
1039;03/03/2026 17:01;TikTok Ads;35-44;Android
1040;28/03/2026 13:31;TikTok Ads;18-24;iOS
1041;22/03/2026 11:01;TikTok Ads;18-24;iOS
1042;14/02/2026 15:16;Instagram Ads;25-34;Android
1043;10/03/2026 16:08;Instagram Ads;18-24;Android
1044;15/01/2026 20:29;Organic Search;25-34;Android
1045;12/02/2026 06:45;Referral;25-34;iOS
1046;18/01/2026 02:25;Instagram Ads;25-34;Android
1047;13/03/2026 05:52;Instagram Ads;18-24;iOS
1048;20/02/2026 15:45;Referral;25-34;iOS
1049;05/03/2026 03:40;TikTok Ads;18-24;Android
1050;27/01/2026 05:20;Instagram Ads;25-34;iOS
1051;01/03/2026 19:10;Instagram Ads;18-24;Android
1052;20/03/2026 11:14;Instagram Ads;18-24;Android
1053;22/02/2026 06:02;Referral;18-24;Android
1054;17/03/2026 05:02;TikTok Ads;18-24;iOS
1055;16/02/2026 22:37;TikTok Ads;25-34;iOS
1056;15/02/2026 03:14;Instagram Ads;35-44;iOS
1057;12/02/2026 06:57;Organic Search;18-24;Android
1058;22/03/2026 04:06;TikTok Ads;18-24;iOS
1059;12/03/2026 23:24;TikTok Ads;18-24;Android
1060;27/02/2026 12:33;Organic Search;25-34;Android
1061;27/01/2026 01:24;TikTok Ads;18-24;iOS
1062;01/02/2026 07:01;TikTok Ads;25-34;iOS
1063;24/03/2026 16:38;TikTok Ads;18-24;Android
1064;24/01/2026 20:02;Organic Search;18-24;Android
1065;22/03/2026 15:44;Referral;18-24;iOS
1066;09/01/2026 09:56;Instagram Ads;35-44;Android
1067;28/01/2026 01:56;TikTok Ads;18-24;iOS
1068;27/03/2026 14:20;Instagram Ads;18-24;Android
1069;13/02/2026 18:26;Instagram Ads;25-34;Android
1070;24/01/2026 16:14;Organic Search;18-24;Android
1071;14/03/2026 20:44;TikTok Ads;25-34;iOS
1072;15/02/2026 02:50;Instagram Ads;18-24;iOS
1073;25/02/2026 07:50;TikTok Ads;18-24;Android
1074;01/03/2026 06:10;Organic Search;25-34;iOS
1075;06/03/2026 20:59;TikTok Ads;18-24;iOS
1076;06/02/2026 19:06;Organic Search;18-24;iOS
1077;02/02/2026 15:51;TikTok Ads;18-24;iOS
1078;03/01/2026 18:52;Instagram Ads;18-24;iOS
1079;17/02/2026 23:49;TikTok Ads;18-24;iOS
1080;24/03/2026 14:51;Referral;25-34;iOS
1081;01/02/2026 13:20;Instagram Ads;18-24;iOS
1082;18/01/2026 15:43;Instagram Ads;25-34;iOS
1083;17/02/2026 08:04;Instagram Ads;18-24;Android
1084;21/01/2026 14:16;Instagram Ads;25-34;iOS
1085;04/02/2026 10:48;Instagram Ads;18-24;iOS
1086;19/03/2026 11:05;TikTok Ads;25-34;iOS
1087;26/01/2026 02:00;TikTok Ads;35-44;iOS
1088;03/02/2026 01:02;Instagram Ads;18-24;iOS
1089;28/01/2026 03:39;Organic Search;18-24;iOS
1090;27/03/2026 11:17;Instagram Ads;25-34;Android
1091;27/02/2026 21:08;TikTok Ads;18-24;Android
1092;10/03/2026 01:52;Instagram Ads;25-34;Android
1093;27/03/2026 10:47;Organic Search;18-24;iOS
1094;27/01/2026 19:45;Organic Search;18-24;iOS
1095;23/02/2026 23:05;Organic Search;35-44;iOS
1096;01/01/2026 23:39;TikTok Ads;18-24;Android
1097;20/02/2026 03:49;Referral;18-24;iOS
1098;19/01/2026 13:11;Organic Search;18-24;iOS
1099;09/01/2026 07:29;Referral;18-24;Android
1100;24/01/2026 10:24;TikTok Ads;18-24;Android
1101;11/03/2026 21:53;Instagram Ads;45+;iOS
1102;09/02/2026 11:02;TikTok Ads;18-24;iOS
1103;17/02/2026 10:28;TikTok Ads;18-24;iOS
1104;23/02/2026 21:39;Instagram Ads;25-34;Android
1105;15/03/2026 14:39;Organic Search;18-24;iOS
1106;24/01/2026 07:59;Instagram Ads;18-24;iOS
1107;09/03/2026 01:14;Organic Search;25-34;iOS
1108;16/02/2026 05:22;TikTok Ads;25-34;iOS
1109;04/03/2026 17:03;Organic Search;25-34;Android
1110;11/03/2026 02:42;Instagram Ads;18-24;Android
1111;17/02/2026 15:41;Instagram Ads;25-34;iOS
1112;13/02/2026 12:19;TikTok Ads;35-44;Android
1113;18/03/2026 23:40;Referral;25-34;iOS
1114;02/01/2026 16:10;Instagram Ads;35-44;iOS
1115;10/01/2026 00:49;Instagram Ads;18-24;iOS
1116;29/01/2026 13:37;Organic Search;18-24;iOS
1117;22/01/2026 12:21;TikTok Ads;18-24;iOS
1118;09/02/2026 06:19;Instagram Ads;35-44;iOS
1119;09/03/2026 03:58;TikTok Ads;18-24;Android
1120;24/01/2026 14:56;TikTok Ads;25-34;Android
1121;30/01/2026 17:30;Organic Search;18-24;Android
1122;06/03/2026 11:08;TikTok Ads;35-44;Android
1123;26/02/2026 11:07;TikTok Ads;18-24;iOS
1124;05/02/2026 19:52;Instagram Ads;18-24;iOS
1125;15/02/2026 22:46;TikTok Ads;25-34;Android
1126;23/02/2026 17:41;Organic Search;25-34;iOS
1127;21/02/2026 13:08;TikTok Ads;25-34;iOS
1128;03/02/2026 09:00;Instagram Ads;18-24;iOS
1129;11/02/2026 07:29;TikTok Ads;35-44;iOS
1130;14/03/2026 10:09;Instagram Ads;18-24;Android
1131;23/02/2026 10:29;TikTok Ads;35-44;Android
1132;02/02/2026 02:47;TikTok Ads;35-44;Android
1133;04/02/2026 03:46;Organic Search;25-34;iOS
1134;10/03/2026 05:46;Instagram Ads;18-24;iOS
1135;14/02/2026 01:18;Referral;18-24;Android
1136;27/01/2026 07:16;Organic Search;35-44;Android
1137;30/01/2026 18:29;TikTok Ads;18-24;iOS
1138;25/01/2026 09:48;TikTok Ads;18-24;iOS
1139;23/01/2026 09:11;Organic Search;25-34;iOS
1140;12/01/2026 17:08;Instagram Ads;18-24;iOS
1141;12/03/2026 00:42;Organic Search;25-34;Android
1142;19/01/2026 16:45;TikTok Ads;25-34;Android
1143;31/01/2026 15:16;Instagram Ads;25-34;Android
1144;12/01/2026 14:34;Instagram Ads;25-34;Android
1145;14/03/2026 03:02;Organic Search;18-24;Android
1146;22/02/2026 00:39;TikTok Ads;18-24;iOS
1147;16/03/2026 00:01;Referral;35-44;iOS
1148;09/03/2026 00:11;Instagram Ads;18-24;Android
1149;18/01/2026 23:25;Referral;25-34;Android
1150;19/01/2026 14:19;Organic Search;25-34;iOS
1151;22/01/2026 00:12;Instagram Ads;25-34;Android
1152;13/03/2026 17:04;TikTok Ads;35-44;iOS
1153;17/02/2026 00:15;Instagram Ads;25-34;Android
1154;27/01/2026 20:17;Instagram Ads;18-24;iOS
1155;12/03/2026 08:24;Instagram Ads;25-34;iOS
1156;27/02/2026 05:50;Organic Search;18-24;Android
1157;15/03/2026 19:24;Organic Search;18-24;iOS
1158;20/02/2026 22:29;Organic Search;25-34;Android
1159;27/02/2026 22:37;Organic Search;25-34;Android
1160;28/01/2026 11:26;Instagram Ads;18-24;iOS
1161;10/01/2026 18:14;TikTok Ads;25-34;iOS
1162;22/03/2026 20:09;Referral;25-34;iOS
1163;19/01/2026 20:19;TikTok Ads;18-24;iOS
1164;29/01/2026 18:18;Instagram Ads;18-24;Android
1165;23/01/2026 02:04;Organic Search;35-44;Android
1166;05/02/2026 00:54;TikTok Ads;35-44;Android
1167;18/01/2026 10:07;TikTok Ads;25-34;iOS
1168;30/01/2026 08:20;Organic Search;45+;iOS
1169;02/01/2026 08:58;Organic Search;25-34;Android
1170;10/03/2026 17:48;Instagram Ads;25-34;iOS
1171;21/02/2026 20:37;TikTok Ads;18-24;Android
1172;13/01/2026 06:57;Organic Search;35-44;Android
1173;27/01/2026 15:11;TikTok Ads;18-24;iOS
1174;05/01/2026 10:03;TikTok Ads;18-24;iOS
1175;06/01/2026 07:03;TikTok Ads;18-24;iOS
1176;23/02/2026 17:25;TikTok Ads;45+;Android
1177;29/01/2026 08:43;Referral;18-24;iOS
1178;09/03/2026 17:06;Organic Search;18-24;iOS
1179;13/01/2026 06:15;TikTok Ads;18-24;iOS
1180;03/03/2026 22:20;TikTok Ads;25-34;iOS
1181;26/03/2026 07:39;TikTok Ads;25-34;iOS
1182;15/03/2026 02:07;TikTok Ads;35-44;iOS
1183;17/02/2026 15:49;TikTok Ads;18-24;iOS
1184;10/01/2026 23:02;Instagram Ads;25-34;iOS
1185;26/03/2026 17:35;Instagram Ads;25-34;iOS
1186;02/01/2026 04:34;Instagram Ads;18-24;iOS
1187;25/02/2026 17:39;TikTok Ads;18-24;iOS
1188;28/01/2026 14:33;Organic Search;18-24;iOS
1189;15/02/2026 13:46;Instagram Ads;25-34;iOS
1190;16/02/2026 11:29;Instagram Ads;25-34;Android
1191;12/02/2026 18:22;TikTok Ads;25-34;Android
1192;03/02/2026 01:54;Referral;35-44;iOS
1193;18/01/2026 21:35;TikTok Ads;18-24;Android
1194;05/01/2026 23:42;Instagram Ads;18-24;Android
1195;25/01/2026 12:19;TikTok Ads;35-44;iOS
1196;25/03/2026 15:57;TikTok Ads;18-24;Android
1197;16/02/2026 09:11;TikTok Ads;18-24;Android
1198;12/01/2026 01:50;TikTok Ads;25-34;iOS
1199;21/03/2026 19:40;Instagram Ads;25-34;iOS
1200;07/01/2026 08:15;Instagram Ads;18-24;Android
1201;08/02/2026 21:42;TikTok Ads;25-34;iOS
1202;17/02/2026 17:51;TikTok Ads;18-24;iOS
1203;08/01/2026 04:37;Organic Search;18-24;Android
1204;26/02/2026 00:33;Referral;25-34;iOS
1205;03/03/2026 02:42;TikTok Ads;25-34;iOS
1206;08/03/2026 15:32;TikTok Ads;25-34;Android
1207;06/01/2026 04:55;Organic Search;18-24;Android
1208;15/01/2026 17:32;TikTok Ads;18-24;Android
1209;15/01/2026 11:39;TikTok Ads;18-24;iOS
1210;20/03/2026 18:05;Organic Search;25-34;Android
1211;24/02/2026 15:30;Organic Search;18-24;iOS
1212;30/01/2026 11:59;TikTok Ads;18-24;iOS
1213;09/01/2026 06:29;Referral;18-24;iOS
1214;25/01/2026 02:19;TikTok Ads;18-24;Android
1215;12/01/2026 12:00;Instagram Ads;18-24;Android
1216;24/02/2026 04:24;TikTok Ads;18-24;iOS
1217;16/03/2026 05:16;Instagram Ads;45+;Android
1218;10/02/2026 09:45;TikTok Ads;25-34;iOS
1219;28/02/2026 20:49;TikTok Ads;18-24;iOS
1220;27/02/2026 21:04;Instagram Ads;25-34;Android
1221;18/03/2026 18:33;Instagram Ads;25-34;iOS
1222;02/03/2026 01:01;TikTok Ads;25-34;iOS
1223;22/01/2026 21:53;Organic Search;18-24;iOS
1224;17/03/2026 07:29;Instagram Ads;18-24;iOS
1225;20/02/2026 17:40;Organic Search;18-24;Android
1226;06/02/2026 22:20;TikTok Ads;18-24;iOS
1227;13/02/2026 17:46;Organic Search;18-24;Android
1228;30/03/2026 04:58;TikTok Ads;25-34;iOS
1229;12/02/2026 23:36;Instagram Ads;25-34;Android
1230;29/01/2026 20:52;TikTok Ads;18-24;iOS
1231;25/03/2026 12:20;Organic Search;25-34;Android
1232;27/02/2026 03:21;TikTok Ads;18-24;iOS
1233;11/02/2026 15:14;Referral;25-34;Android
1234;30/01/2026 15:35;TikTok Ads;25-34;Android
1235;25/02/2026 05:00;TikTok Ads;25-34;Android
1236;02/03/2026 07:05;Organic Search;25-34;iOS
1237;06/01/2026 20:20;TikTok Ads;45+;iOS
1238;01/03/2026 04:32;Organic Search;25-34;Android
1239;13/03/2026 20:31;Referral;18-24;iOS
1240;10/01/2026 15:13;TikTok Ads;18-24;iOS
1241;16/03/2026 01:18;TikTok Ads;25-34;Android
1242;21/01/2026 04:10;TikTok Ads;18-24;Android
1243;02/03/2026 17:33;TikTok Ads;18-24;iOS
1244;21/01/2026 11:43;Instagram Ads;18-24;Android
1245;26/01/2026 16:40;Instagram Ads;25-34;iOS
1246;06/03/2026 02:54;Instagram Ads;25-34;Android
1247;08/01/2026 21:10;Organic Search;25-34;Android
1248;16/01/2026 05:58;Organic Search;25-34;iOS
1249;24/01/2026 06:55;TikTok Ads;18-24;Android
1250;17/01/2026 21:00;Instagram Ads;18-24;Android
1251;23/02/2026 14:14;Organic Search;35-44;iOS
1252;08/01/2026 06:54;Instagram Ads;18-24;iOS
1253;16/01/2026 04:44;TikTok Ads;18-24;iOS
1254;01/01/2026 06:14;Organic Search;18-24;Android
1255;09/02/2026 15:54;Instagram Ads;18-24;iOS
1256;13/02/2026 17:44;TikTok Ads;25-34;iOS
1257;08/03/2026 22:21;TikTok Ads;18-24;iOS
1258;27/02/2026 15:40;Referral;18-24;Android
1259;15/02/2026 14:58;Instagram Ads;35-44;Android
1260;29/01/2026 06:41;Instagram Ads;25-34;Android
1261;04/01/2026 04:03;TikTok Ads;18-24;iOS
1262;23/01/2026 11:22;Organic Search;25-34;iOS
1263;28/01/2026 23:19;Instagram Ads;18-24;iOS
1264;10/03/2026 15:19;Referral;18-24;iOS
1265;28/01/2026 10:46;Instagram Ads;25-34;iOS
1266;10/03/2026 06:04;Instagram Ads;25-34;iOS
1267;25/03/2026 11:01;TikTok Ads;25-34;iOS
1268;14/02/2026 01:58;Referral;25-34;Android
1269;07/01/2026 21:51;TikTok Ads;45+;iOS
1270;08/03/2026 17:43;TikTok Ads;18-24;iOS
1271;23/01/2026 15:55;Instagram Ads;18-24;iOS
1272;26/01/2026 16:27;Instagram Ads;18-24;iOS
1273;18/03/2026 11:46;TikTok Ads;25-34;Android
1274;18/03/2026 19:44;Instagram Ads;18-24;iOS
1275;02/03/2026 16:29;Organic Search;18-24;iOS
1276;27/02/2026 06:18;TikTok Ads;18-24;iOS
1277;06/03/2026 04:40;Organic Search;18-24;iOS
1278;20/03/2026 01:14;Organic Search;25-34;iOS
1279;20/01/2026 04:57;Instagram Ads;18-24;Android
1280;11/02/2026 06:38;TikTok Ads;35-44;Android
1281;12/01/2026 03:26;Instagram Ads;18-24;iOS
1282;22/02/2026 20:55;Instagram Ads;18-24;Android
1283;22/01/2026 19:50;Referral;25-34;Android
1284;04/03/2026 21:05;TikTok Ads;18-24;iOS
1285;15/01/2026 11:10;Instagram Ads;35-44;Android
1286;30/03/2026 04:45;TikTok Ads;18-24;iOS
1287;26/01/2026 18:58;Instagram Ads;25-34;Android
1288;22/03/2026 06:11;Instagram Ads;18-24;iOS
1289;14/01/2026 19:26;TikTok Ads;18-24;iOS
1290;07/01/2026 22:23;Instagram Ads;25-34;iOS
1291;06/01/2026 18:58;TikTok Ads;18-24;iOS
1292;17/01/2026 02:37;Organic Search;18-24;iOS
1293;18/03/2026 22:57;TikTok Ads;35-44;iOS
1294;30/01/2026 20:47;TikTok Ads;25-34;Android
1295;27/02/2026 18:33;Referral;18-24;Android
1296;14/03/2026 17:11;Referral;35-44;Android
1297;22/03/2026 00:37;Instagram Ads;18-24;Android
1298;25/02/2026 06:20;Instagram Ads;25-34;iOS
1299;29/01/2026 00:30;Organic Search;25-34;iOS
1300;12/02/2026 15:18;Organic Search;25-34;Android
1301;13/01/2026 01:45;Instagram Ads;18-24;Android
1302;15/02/2026 12:08;TikTok Ads;25-34;iOS
1303;08/03/2026 20:44;Instagram Ads;18-24;iOS
1304;30/01/2026 12:35;TikTok Ads;18-24;iOS
1305;09/03/2026 22:29;TikTok Ads;45+;Android
1306;09/02/2026 01:54;TikTok Ads;25-34;iOS
1307;27/01/2026 10:22;Instagram Ads;25-34;Android
1308;18/02/2026 14:11;Instagram Ads;25-34;iOS
1309;22/02/2026 10:14;Referral;18-24;Android
1310;17/02/2026 22:37;Instagram Ads;25-34;iOS
1311;12/02/2026 12:03;Referral;18-24;Android
1312;08/01/2026 19:26;TikTok Ads;18-24;iOS
1313;28/02/2026 01:31;Instagram Ads;18-24;iOS
1314;04/01/2026 20:52;Instagram Ads;25-34;Android
1315;28/03/2026 08:30;TikTok Ads;18-24;iOS
1316;11/02/2026 22:41;TikTok Ads;25-34;Android
1317;13/03/2026 07:35;TikTok Ads;18-24;iOS
1318;01/02/2026 07:03;Organic Search;45+;iOS
1319;28/02/2026 14:45;TikTok Ads;35-44;Android
1320;25/01/2026 07:23;Instagram Ads;18-24;iOS
1321;03/01/2026 12:16;Instagram Ads;18-24;iOS
1322;09/01/2026 20:48;Instagram Ads;18-24;Android
1323;23/01/2026 05:25;TikTok Ads;18-24;iOS
1324;07/03/2026 11:13;TikTok Ads;45+;iOS
1325;23/03/2026 03:55;TikTok Ads;25-34;iOS
1326;25/03/2026 13:08;Referral;18-24;iOS
1327;25/02/2026 20:18;TikTok Ads;18-24;Android
1328;27/02/2026 00:05;Organic Search;18-24;iOS
1329;03/01/2026 00:20;Organic Search;35-44;iOS
1330;16/03/2026 06:01;Instagram Ads;18-24;Android
1331;07/03/2026 06:31;TikTok Ads;18-24;Android
1332;21/03/2026 18:03;TikTok Ads;18-24;iOS
1333;27/01/2026 04:00;TikTok Ads;18-24;iOS
1334;25/02/2026 22:45;TikTok Ads;25-34;Android
1335;04/01/2026 21:44;Organic Search;18-24;iOS
1336;16/03/2026 02:10;TikTok Ads;18-24;iOS
1337;15/03/2026 10:14;Instagram Ads;18-24;iOS
1338;18/01/2026 00:13;TikTok Ads;25-34;iOS
1339;15/02/2026 16:20;Instagram Ads;18-24;Android
1340;20/02/2026 09:16;Organic Search;18-24;iOS
1341;05/03/2026 06:07;Instagram Ads;18-24;Android
1342;12/02/2026 22:28;Organic Search;25-34;Android
1343;30/03/2026 22:36;TikTok Ads;18-24;Android
1344;28/01/2026 00:09;TikTok Ads;25-34;iOS
1345;18/01/2026 14:54;TikTok Ads;45+;iOS
1346;26/02/2026 19:55;Referral;45+;Android
1347;12/02/2026 07:41;Instagram Ads;25-34;Android
1348;03/03/2026 15:09;TikTok Ads;18-24;Android
1349;21/03/2026 01:19;Instagram Ads;18-24;iOS
1350;17/02/2026 17:48;Instagram Ads;35-44;iOS
1351;09/01/2026 20:36;Referral;25-34;Android
1352;15/02/2026 15:12;Instagram Ads;25-34;iOS
1353;03/02/2026 18:48;Organic Search;18-24;Android
1354;09/02/2026 15:31;Referral;18-24;iOS
1355;02/02/2026 08:39;Organic Search;18-24;Android
1356;01/02/2026 04:07;TikTok Ads;18-24;Android
1357;07/03/2026 01:31;Instagram Ads;25-34;iOS
1358;11/01/2026 03:44;Instagram Ads;25-34;Android
1359;25/03/2026 06:39;Instagram Ads;25-34;iOS
1360;16/01/2026 14:44;TikTok Ads;25-34;iOS
1361;02/02/2026 00:29;Instagram Ads;18-24;Android
1362;09/02/2026 23:12;Organic Search;18-24;iOS
1363;09/03/2026 08:22;TikTok Ads;25-34;Android
1364;18/02/2026 02:31;TikTok Ads;25-34;iOS
1365;28/01/2026 23:35;Instagram Ads;35-44;iOS
1366;06/03/2026 07:55;Instagram Ads;18-24;iOS
1367;08/02/2026 21:07;TikTok Ads;18-24;Android
1368;20/03/2026 23:44;Instagram Ads;25-34;iOS
1369;15/03/2026 20:05;TikTok Ads;25-34;Android
1370;23/02/2026 09:49;TikTok Ads;35-44;iOS
1371;04/01/2026 13:30;Instagram Ads;25-34;iOS
1372;14/02/2026 03:49;TikTok Ads;25-34;iOS
1373;09/01/2026 13:11;Referral;18-24;iOS
1374;31/01/2026 12:52;Organic Search;18-24;iOS
1375;25/01/2026 12:07;Instagram Ads;35-44;Android
1376;01/02/2026 09:16;Instagram Ads;25-34;Android
1377;12/01/2026 06:07;TikTok Ads;18-24;iOS
1378;17/03/2026 00:10;TikTok Ads;25-34;Android
1379;09/02/2026 05:47;Instagram Ads;18-24;Android
1380;25/03/2026 23:23;TikTok Ads;25-34;iOS
1381;19/02/2026 23:05;TikTok Ads;18-24;iOS
1382;22/03/2026 02:13;Organic Search;35-44;Android
1383;01/01/2026 02:40;TikTok Ads;18-24;Android
1384;05/03/2026 20:27;Organic Search;18-24;iOS
1385;26/03/2026 09:46;Organic Search;18-24;iOS
1386;22/02/2026 16:20;TikTok Ads;25-34;Android
1387;14/02/2026 20:28;Referral;25-34;iOS
1388;10/02/2026 02:56;TikTok Ads;25-34;iOS
1389;06/01/2026 06:18;Instagram Ads;18-24;iOS
1390;19/01/2026 05:05;TikTok Ads;18-24;iOS
1391;20/02/2026 08:03;TikTok Ads;45+;iOS
1392;05/02/2026 03:00;Instagram Ads;35-44;Android
1393;02/03/2026 10:50;Instagram Ads;25-34;iOS
1394;15/03/2026 10:38;TikTok Ads;18-24;Android
1395;18/02/2026 09:34;Instagram Ads;18-24;iOS
1396;02/03/2026 17:18;Instagram Ads;18-24;iOS
1397;12/02/2026 22:01;Instagram Ads;25-34;Android
1398;15/03/2026 18:54;Organic Search;18-24;Android
1399;06/01/2026 00:15;Instagram Ads;18-24;iOS
1400;20/01/2026 18:19;TikTok Ads;18-24;Android
1401;26/01/2026 22:17;Organic Search;18-24;iOS
1402;23/02/2026 07:46;Referral;18-24;iOS
1403;13/01/2026 17:16;Instagram Ads;25-34;iOS
1404;28/01/2026 23:09;TikTok Ads;18-24;iOS
1405;12/02/2026 12:53;Instagram Ads;18-24;Android
1406;27/03/2026 12:31;Organic Search;18-24;iOS
1407;09/03/2026 19:02;Instagram Ads;18-24;iOS
1408;17/02/2026 01:27;Instagram Ads;35-44;Android
1409;12/01/2026 18:56;Instagram Ads;25-34;iOS
1410;03/01/2026 19:16;Instagram Ads;18-24;iOS
1411;03/03/2026 04:03;Organic Search;25-34;iOS
1412;01/03/2026 02:46;Referral;18-24;iOS
1413;19/03/2026 14:32;TikTok Ads;25-34;Android
1414;24/01/2026 05:36;TikTok Ads;25-34;iOS
1415;10/03/2026 21:54;Organic Search;18-24;iOS
1416;16/01/2026 09:02;Referral;18-24;iOS
1417;31/01/2026 04:06;Instagram Ads;45+;iOS
1418;23/02/2026 11:32;TikTok Ads;18-24;iOS
1419;02/01/2026 07:51;TikTok Ads;25-34;Android
1420;23/02/2026 14:50;Instagram Ads;18-24;iOS
1421;09/02/2026 14:41;TikTok Ads;35-44;iOS
1422;10/01/2026 01:11;TikTok Ads;25-34;iOS
1423;22/01/2026 19:35;Instagram Ads;18-24;Android
1424;23/03/2026 16:37;Referral;25-34;Android
1425;30/03/2026 15:16;TikTok Ads;18-24;Android
1426;12/01/2026 00:23;Instagram Ads;18-24;iOS
1427;14/02/2026 19:15;TikTok Ads;18-24;iOS
1428;12/01/2026 09:42;Organic Search;18-24;iOS
1429;04/03/2026 21:16;Instagram Ads;25-34;Android
1430;22/03/2026 19:02;Instagram Ads;18-24;Android
1431;15/01/2026 22:46;Instagram Ads;18-24;iOS
1432;18/02/2026 09:17;Referral;18-24;iOS
1433;11/03/2026 13:48;TikTok Ads;18-24;iOS
1434;29/01/2026 08:05;Instagram Ads;18-24;Android
1435;19/02/2026 09:45;Organic Search;25-34;Android
1436;10/03/2026 11:43;TikTok Ads;18-24;Android
1437;27/01/2026 13:07;Organic Search;25-34;iOS
1438;10/02/2026 08:09;Referral;18-24;Android
1439;23/03/2026 01:02;Referral;18-24;Android
1440;16/02/2026 20:18;TikTok Ads;18-24;iOS
1441;15/02/2026 20:21;Instagram Ads;35-44;Android
1442;24/01/2026 15:56;Instagram Ads;25-34;Android
1443;14/02/2026 08:23;TikTok Ads;45+;iOS
1444;23/02/2026 12:32;Organic Search;18-24;iOS
1445;15/01/2026 01:02;Instagram Ads;25-34;iOS
1446;07/02/2026 05:49;TikTok Ads;25-34;Android
1447;19/01/2026 12:09;TikTok Ads;18-24;iOS
1448;28/02/2026 04:39;TikTok Ads;25-34;Android
1449;19/02/2026 08:17;Instagram Ads;18-24;Android
1450;14/03/2026 10:59;Instagram Ads;25-34;Android
1451;27/03/2026 08:58;Organic Search;25-34;iOS
1452;14/01/2026 06:05;Referral;25-34;Android
1453;25/03/2026 21:19;TikTok Ads;25-34;iOS
1454;07/01/2026 18:40;TikTok Ads;18-24;Android
1455;27/01/2026 19:42;Organic Search;25-34;iOS
1456;17/03/2026 00:27;Instagram Ads;18-24;iOS
1457;18/03/2026 16:50;TikTok Ads;18-24;iOS
1458;24/03/2026 22:55;TikTok Ads;18-24;iOS
1459;10/02/2026 06:53;Instagram Ads;18-24;iOS
1460;02/02/2026 23:58;Organic Search;18-24;iOS
1461;18/03/2026 11:30;TikTok Ads;18-24;iOS
1462;19/02/2026 07:06;Instagram Ads;35-44;iOS
1463;26/01/2026 22:33;Referral;18-24;iOS
1464;21/03/2026 16:01;TikTok Ads;18-24;iOS
1465;01/01/2026 05:58;Instagram Ads;18-24;Android
1466;28/01/2026 11:03;Organic Search;18-24;iOS
1467;12/03/2026 11:49;TikTok Ads;18-24;iOS
1468;29/01/2026 23:41;Instagram Ads;18-24;iOS
1469;23/03/2026 07:27;Referral;25-34;Android
1470;26/02/2026 23:39;TikTok Ads;18-24;iOS
1471;26/02/2026 07:19;TikTok Ads;18-24;Android
1472;06/03/2026 01:46;Instagram Ads;18-24;iOS
1473;17/02/2026 12:56;Instagram Ads;18-24;iOS
1474;26/03/2026 00:12;TikTok Ads;18-24;Android
1475;15/01/2026 10:15;Instagram Ads;25-34;iOS
1476;13/02/2026 08:31;TikTok Ads;18-24;iOS
1477;22/02/2026 06:59;TikTok Ads;25-34;Android
1478;17/02/2026 00:35;Instagram Ads;18-24;Android
1479;03/02/2026 12:11;TikTok Ads;18-24;iOS
1480;02/02/2026 06:38;Organic Search;45+;iOS
1481;23/02/2026 14:03;Organic Search;25-34;iOS
1482;16/03/2026 01:37;TikTok Ads;18-24;Android
1483;22/02/2026 18:17;TikTok Ads;25-34;iOS
1484;06/02/2026 14:57;Organic Search;18-24;iOS
1485;14/02/2026 05:01;Organic Search;25-34;Android
1486;01/02/2026 05:47;TikTok Ads;25-34;iOS
1487;26/03/2026 10:19;Instagram Ads;25-34;iOS
1488;19/01/2026 07:35;Instagram Ads;45+;iOS
1489;09/03/2026 17:17;Instagram Ads;18-24;iOS
1490;24/01/2026 04:27;TikTok Ads;35-44;Android
1491;25/02/2026 12:23;Referral;45+;iOS
1492;07/02/2026 04:23;TikTok Ads;25-34;iOS
1493;23/01/2026 16:14;Instagram Ads;18-24;iOS
1494;25/03/2026 02:39;Instagram Ads;18-24;iOS
1495;17/03/2026 07:08;Instagram Ads;25-34;iOS
1496;09/02/2026 21:10;Organic Search;18-24;iOS
1497;05/01/2026 05:42;Organic Search;25-34;iOS
1498;31/01/2026 21:24;Instagram Ads;25-34;Android
1499;14/03/2026 07:17;Organic Search;25-34;iOS
1500;15/02/2026 22:06;TikTok Ads;18-24;iOS
1501;10/03/2026 11:18;Instagram Ads;25-34;iOS
1502;30/03/2026 16:26;TikTok Ads;18-24;iOS
1503;20/03/2026 18:43;Organic Search;18-24;iOS
1504;07/02/2026 00:19;Referral;18-24;iOS
1505;07/02/2026 11:37;TikTok Ads;25-34;iOS
1506;06/03/2026 10:30;Instagram Ads;25-34;Android
1507;18/03/2026 22:24;TikTok Ads;18-24;Android
1508;21/03/2026 16:28;Instagram Ads;35-44;iOS
1509;05/03/2026 07:18;Organic Search;18-24;Android
1510;15/01/2026 18:25;Referral;25-34;iOS
1511;18/02/2026 02:11;TikTok Ads;18-24;iOS
1512;04/01/2026 14:15;TikTok Ads;25-34;iOS
1513;13/01/2026 06:10;Instagram Ads;25-34;iOS
1514;18/02/2026 18:25;TikTok Ads;18-24;iOS
1515;27/02/2026 07:13;TikTok Ads;18-24;iOS
1516;02/02/2026 05:36;Organic Search;18-24;Android
1517;26/03/2026 10:32;Instagram Ads;25-34;Android
1518;10/01/2026 17:51;TikTok Ads;18-24;Android
1519;26/03/2026 21:00;Instagram Ads;25-34;Android
1520;24/03/2026 01:05;Instagram Ads;35-44;Android
1521;12/02/2026 17:59;Organic Search;18-24;Android
1522;10/01/2026 16:20;TikTok Ads;18-24;Android
1523;21/02/2026 01:33;TikTok Ads;18-24;iOS
1524;30/03/2026 09:28;Organic Search;25-34;Android
1525;14/02/2026 08:43;TikTok Ads;25-34;Android
1526;02/01/2026 11:45;TikTok Ads;18-24;iOS
1527;12/03/2026 03:24;Referral;25-34;Android
1528;14/01/2026 23:54;TikTok Ads;25-34;Android
1529;09/02/2026 19:19;Instagram Ads;45+;iOS
1530;26/03/2026 13:25;TikTok Ads;25-34;Android
1531;05/03/2026 13:45;Instagram Ads;18-24;iOS
1532;15/01/2026 23:41;TikTok Ads;18-24;Android
1533;08/01/2026 06:21;Organic Search;18-24;iOS
1534;15/02/2026 13:59;TikTok Ads;18-24;Android
1535;17/03/2026 21:05;Referral;18-24;Android
1536;26/01/2026 17:32;Organic Search;25-34;iOS
1537;02/02/2026 20:54;Referral;18-24;iOS
1538;02/03/2026 12:17;TikTok Ads;18-24;iOS
1539;09/03/2026 06:07;TikTok Ads;18-24;Android
1540;08/02/2026 14:12;Organic Search;18-24;Android
1541;05/03/2026 02:13;Organic Search;25-34;iOS
1542;08/01/2026 19:08;Instagram Ads;35-44;Android
1543;24/03/2026 16:45;TikTok Ads;25-34;Android
1544;01/02/2026 21:36;Instagram Ads;18-24;iOS
1545;24/03/2026 18:05;Organic Search;35-44;iOS
1546;07/03/2026 11:22;Referral;18-24;Android
1547;25/03/2026 10:24;Organic Search;25-34;Android
1548;21/02/2026 19:25;TikTok Ads;35-44;iOS
1549;06/02/2026 21:29;Organic Search;25-34;Android
1550;31/01/2026 17:52;TikTok Ads;35-44;iOS
1551;02/03/2026 20:32;TikTok Ads;25-34;iOS
1552;11/03/2026 18:43;Organic Search;18-24;iOS
1553;28/03/2026 03:52;Organic Search;25-34;iOS
1554;15/03/2026 17:32;Organic Search;25-34;Android
1555;17/02/2026 09:00;Instagram Ads;25-34;Android
1556;26/03/2026 16:47;Organic Search;18-24;Android
1557;22/02/2026 12:39;Instagram Ads;25-34;iOS
1558;04/01/2026 11:39;Organic Search;25-34;iOS
1559;01/03/2026 22:47;Instagram Ads;35-44;iOS
1560;07/01/2026 15:25;Referral;25-34;Android
1561;23/01/2026 19:03;TikTok Ads;18-24;Android
1562;03/03/2026 06:42;TikTok Ads;25-34;iOS
1563;08/03/2026 10:45;TikTok Ads;18-24;iOS
1564;28/01/2026 21:38;Referral;18-24;iOS
1565;23/01/2026 02:04;TikTok Ads;25-34;iOS
1566;14/03/2026 12:05;Organic Search;25-34;iOS
1567;09/01/2026 18:35;TikTok Ads;45+;iOS
1568;12/02/2026 03:13;TikTok Ads;25-34;iOS
1569;10/01/2026 13:23;Instagram Ads;18-24;Android
1570;15/03/2026 19:47;TikTok Ads;25-34;Android
1571;03/03/2026 12:44;Instagram Ads;18-24;iOS
1572;10/03/2026 08:11;Organic Search;25-34;iOS
1573;26/03/2026 17:15;Instagram Ads;45+;iOS
1574;10/01/2026 18:11;Referral;18-24;iOS
1575;13/02/2026 01:50;TikTok Ads;18-24;iOS
1576;17/01/2026 03:39;TikTok Ads;35-44;Android
1577;09/03/2026 09:08;Organic Search;18-24;iOS
1578;30/01/2026 01:48;TikTok Ads;25-34;Android
1579;29/03/2026 17:07;Instagram Ads;18-24;iOS
1580;03/01/2026 19:27;TikTok Ads;18-24;Android
1581;05/01/2026 11:10;Organic Search;18-24;iOS
1582;01/02/2026 11:50;Referral;18-24;iOS
1583;19/03/2026 07:08;TikTok Ads;18-24;iOS
1584;06/01/2026 10:46;Organic Search;18-24;iOS
1585;29/01/2026 11:35;Instagram Ads;25-34;Android
1586;04/02/2026 19:16;Organic Search;18-24;Android
1587;06/02/2026 09:26;Instagram Ads;45+;iOS
1588;11/02/2026 19:34;Referral;25-34;iOS
1589;15/01/2026 03:12;Instagram Ads;45+;Android
1590;24/01/2026 17:01;TikTok Ads;25-34;iOS
1591;21/02/2026 13:42;TikTok Ads;18-24;iOS
1592;10/02/2026 00:09;Organic Search;18-24;Android
1593;24/02/2026 22:42;TikTok Ads;18-24;iOS
1594;08/03/2026 04:42;TikTok Ads;18-24;iOS
1595;18/03/2026 22:42;Instagram Ads;18-24;iOS
1596;18/01/2026 11:33;TikTok Ads;35-44;Android
1597;17/01/2026 12:05;Instagram Ads;18-24;iOS
1598;17/01/2026 23:56;Referral;18-24;iOS
1599;08/01/2026 16:00;TikTok Ads;18-24;iOS
1600;01/03/2026 04:13;Organic Search;18-24;Android
1601;26/03/2026 13:12;TikTok Ads;18-24;Android
1602;07/02/2026 03:23;TikTok Ads;25-34;iOS
1603;02/03/2026 04:01;TikTok Ads;45+;iOS
1604;08/03/2026 07:49;Organic Search;18-24;Android
1605;24/01/2026 09:10;TikTok Ads;25-34;Android
1606;18/02/2026 07:38;Referral;35-44;Android
1607;30/03/2026 15:02;Organic Search;18-24;iOS
1608;26/02/2026 14:51;TikTok Ads;18-24;iOS
1609;14/01/2026 21:29;Instagram Ads;18-24;Android
1610;23/01/2026 13:02;TikTok Ads;18-24;iOS
1611;14/02/2026 18:33;Organic Search;25-34;Android
1612;03/03/2026 22:25;TikTok Ads;25-34;iOS
1613;25/01/2026 15:48;TikTok Ads;18-24;iOS
1614;14/02/2026 14:52;TikTok Ads;45+;Android
1615;25/01/2026 18:57;TikTok Ads;18-24;iOS
1616;06/03/2026 17:51;TikTok Ads;35-44;iOS
1617;01/01/2026 21:53;Organic Search;18-24;Android
1618;29/03/2026 06:36;TikTok Ads;25-34;iOS
1619;20/03/2026 02:55;Instagram Ads;18-24;iOS
1620;15/02/2026 04:07;Referral;35-44;Android
1621;29/03/2026 11:58;Instagram Ads;25-34;iOS
1622;28/01/2026 22:13;TikTok Ads;18-24;Android
1623;07/03/2026 18:56;TikTok Ads;18-24;iOS
1624;23/02/2026 01:39;Organic Search;18-24;iOS
1625;16/01/2026 08:06;TikTok Ads;18-24;iOS
1626;08/01/2026 04:06;Instagram Ads;25-34;Android
1627;12/02/2026 21:18;TikTok Ads;25-34;iOS
1628;03/02/2026 13:13;Instagram Ads;25-34;iOS
1629;27/02/2026 01:08;TikTok Ads;35-44;iOS
1630;30/01/2026 01:04;Instagram Ads;18-24;Android
1631;04/03/2026 00:50;TikTok Ads;18-24;Android
1632;11/02/2026 04:42;TikTok Ads;18-24;iOS
1633;09/03/2026 00:32;TikTok Ads;18-24;iOS
1634;25/01/2026 06:46;Referral;18-24;iOS
1635;14/02/2026 08:30;TikTok Ads;18-24;Android
1636;24/03/2026 01:42;TikTok Ads;45+;iOS
1637;30/01/2026 07:59;Organic Search;25-34;Android
1638;20/01/2026 08:12;Instagram Ads;25-34;iOS
1639;07/02/2026 08:24;TikTok Ads;35-44;iOS
1640;24/03/2026 20:24;TikTok Ads;25-34;iOS
1641;16/02/2026 21:57;Referral;25-34;iOS
1642;11/01/2026 08:31;Organic Search;18-24;iOS
1643;24/01/2026 00:43;Instagram Ads;18-24;Android
1644;07/02/2026 00:38;Referral;18-24;iOS
1645;25/02/2026 12:40;Referral;18-24;iOS
1646;04/02/2026 20:26;TikTok Ads;35-44;iOS
1647;25/02/2026 19:24;Organic Search;25-34;iOS
1648;29/01/2026 17:25;Instagram Ads;25-34;iOS
1649;09/03/2026 21:26;Organic Search;35-44;Android
1650;29/01/2026 15:56;Organic Search;25-34;Android
1651;03/01/2026 03:07;TikTok Ads;18-24;iOS
1652;22/03/2026 14:07;Instagram Ads;18-24;Android
1653;05/03/2026 21:47;TikTok Ads;25-34;iOS
1654;08/02/2026 10:17;Organic Search;25-34;iOS
1655;27/01/2026 15:35;TikTok Ads;25-34;iOS
1656;01/01/2026 18:52;TikTok Ads;45+;Android
1657;24/02/2026 22:42;Referral;18-24;iOS
1658;25/03/2026 23:45;Organic Search;25-34;Android
1659;08/03/2026 14:01;TikTok Ads;18-24;iOS
1660;17/03/2026 13:35;TikTok Ads;18-24;iOS
1661;14/03/2026 07:12;Referral;18-24;Android
1662;05/01/2026 18:16;Organic Search;25-34;iOS
1663;30/03/2026 09:53;Organic Search;25-34;Android
1664;28/02/2026 21:01;Organic Search;45+;iOS
1665;14/03/2026 08:22;TikTok Ads;25-34;iOS
1666;18/02/2026 05:27;Organic Search;18-24;iOS
1667;22/03/2026 20:39;Organic Search;25-34;iOS
1668;29/03/2026 18:50;Instagram Ads;35-44;iOS
1669;29/03/2026 15:59;Organic Search;18-24;Android
1670;28/01/2026 18:52;Organic Search;18-24;iOS
1671;17/03/2026 07:36;TikTok Ads;25-34;iOS
1672;19/03/2026 13:28;Instagram Ads;18-24;iOS
1673;23/01/2026 08:12;TikTok Ads;18-24;iOS
1674;28/02/2026 22:33;Organic Search;25-34;iOS
1675;19/03/2026 20:38;Referral;25-34;Android
1676;04/02/2026 04:58;Instagram Ads;18-24;iOS
1677;22/01/2026 06:19;Organic Search;18-24;iOS
1678;03/03/2026 19:25;Instagram Ads;25-34;Android
1679;19/01/2026 11:02;TikTok Ads;18-24;Android
1680;02/03/2026 06:46;Referral;25-34;Android
1681;25/01/2026 08:00;Organic Search;25-34;iOS
1682;07/03/2026 19:18;Instagram Ads;25-34;Android
1683;15/03/2026 08:37;Instagram Ads;25-34;iOS
1684;11/03/2026 23:53;Instagram Ads;18-24;Android
1685;16/03/2026 12:20;TikTok Ads;18-24;iOS
1686;06/03/2026 00:00;Instagram Ads;18-24;iOS
1687;08/03/2026 02:30;Instagram Ads;18-24;Android
1688;23/03/2026 09:28;Referral;25-34;iOS
1689;14/01/2026 06:43;Organic Search;18-24;iOS
1690;02/03/2026 23:55;TikTok Ads;35-44;iOS
1691;10/01/2026 10:24;Instagram Ads;25-34;iOS
1692;29/03/2026 17:04;TikTok Ads;45+;iOS
1693;02/03/2026 22:05;Instagram Ads;18-24;iOS
1694;04/03/2026 18:04;Instagram Ads;18-24;iOS
1695;04/01/2026 19:51;Organic Search;18-24;iOS
1696;30/01/2026 23:51;Instagram Ads;25-34;iOS
1697;18/03/2026 13:35;Instagram Ads;18-24;iOS
1698;12/02/2026 19:11;TikTok Ads;25-34;iOS
1699;04/01/2026 05:44;TikTok Ads;18-24;Android
1700;26/02/2026 06:30;TikTok Ads;18-24;iOS
1701;05/02/2026 10:11;Instagram Ads;25-34;iOS
1702;13/03/2026 02:31;TikTok Ads;18-24;iOS
1703;13/01/2026 18:12;TikTok Ads;18-24;Android
1704;09/01/2026 18:01;Referral;45+;Android
1705;30/03/2026 07:35;Instagram Ads;25-34;iOS
1706;29/01/2026 15:39;Instagram Ads;18-24;iOS
1707;01/02/2026 17:18;Organic Search;18-24;iOS
1708;14/03/2026 13:45;Referral;18-24;iOS
1709;10/02/2026 08:11;Referral;25-34;iOS
1710;18/01/2026 01:16;TikTok Ads;18-24;Android
1711;20/01/2026 11:53;Instagram Ads;25-34;iOS
1712;13/01/2026 19:57;TikTok Ads;45+;iOS
1713;18/03/2026 08:42;Instagram Ads;18-24;Android
1714;22/02/2026 08:54;Referral;25-34;iOS
1715;27/03/2026 02:18;Instagram Ads;25-34;iOS
1716;05/02/2026 12:30;Organic Search;25-34;Android
1717;21/02/2026 12:58;Instagram Ads;18-24;iOS
1718;18/02/2026 17:15;TikTok Ads;35-44;Android
1719;30/03/2026 16:34;Instagram Ads;18-24;iOS
1720;27/01/2026 11:02;Organic Search;18-24;iOS
1721;22/03/2026 15:08;Instagram Ads;18-24;iOS
1722;16/01/2026 23:24;Instagram Ads;18-24;Android
1723;25/01/2026 22:47;TikTok Ads;18-24;iOS
1724;30/03/2026 17:53;Organic Search;18-24;iOS
1725;22/03/2026 01:39;TikTok Ads;18-24;iOS
1726;16/02/2026 18:47;Organic Search;35-44;iOS
1727;20/03/2026 07:15;Instagram Ads;35-44;iOS
1728;29/01/2026 15:43;Organic Search;18-24;Android
1729;14/03/2026 11:36;Organic Search;35-44;Android
1730;26/03/2026 12:10;TikTok Ads;35-44;iOS
1731;02/02/2026 21:15;TikTok Ads;25-34;Android
1732;20/03/2026 01:59;Referral;18-24;Android
1733;12/01/2026 04:21;Organic Search;18-24;iOS
1734;15/02/2026 11:17;TikTok Ads;18-24;Android
1735;08/01/2026 07:27;Instagram Ads;25-34;Android
1736;14/01/2026 15:59;TikTok Ads;25-34;iOS
1737;15/03/2026 05:18;Organic Search;18-24;Android
1738;22/01/2026 21:43;TikTok Ads;18-24;Android
1739;25/03/2026 12:16;TikTok Ads;25-34;iOS
1740;07/03/2026 15:56;Organic Search;18-24;iOS
1741;12/03/2026 07:32;TikTok Ads;18-24;iOS
1742;07/03/2026 11:28;TikTok Ads;18-24;iOS
1743;08/02/2026 14:02;Instagram Ads;35-44;iOS
1744;24/03/2026 02:43;Instagram Ads;25-34;iOS
1745;20/03/2026 02:49;Organic Search;18-24;iOS
1746;24/02/2026 02:37;TikTok Ads;25-34;Android
1747;05/02/2026 12:19;TikTok Ads;18-24;Android
1748;09/01/2026 18:25;Instagram Ads;25-34;Android
1749;18/03/2026 18:25;Organic Search;25-34;Android
1750;08/02/2026 07:25;Organic Search;18-24;iOS
1751;02/01/2026 08:25;TikTok Ads;45+;Android
1752;26/01/2026 16:13;TikTok Ads;35-44;iOS
1753;22/02/2026 02:18;TikTok Ads;25-34;iOS
1754;12/01/2026 23:58;Organic Search;18-24;Android
1755;14/02/2026 03:43;Instagram Ads;18-24;Android
1756;05/02/2026 18:52;Instagram Ads;18-24;iOS
1757;07/03/2026 07:48;Organic Search;18-24;iOS
1758;14/03/2026 17:19;TikTok Ads;18-24;Android
1759;07/03/2026 06:40;Instagram Ads;18-24;iOS
1760;26/01/2026 10:52;TikTok Ads;35-44;iOS
1761;26/02/2026 18:07;Referral;18-24;iOS
1762;06/02/2026 23:51;Organic Search;18-24;Android
1763;21/03/2026 20:22;Referral;18-24;iOS
1764;03/03/2026 23:55;Organic Search;18-24;iOS
1765;06/02/2026 01:35;TikTok Ads;18-24;Android
1766;11/01/2026 12:27;TikTok Ads;18-24;Android
1767;07/03/2026 12:28;Instagram Ads;18-24;Android
1768;23/01/2026 16:50;TikTok Ads;25-34;Android
1769;15/02/2026 18:37;Instagram Ads;25-34;iOS
1770;03/01/2026 10:18;TikTok Ads;35-44;Android
1771;02/03/2026 03:38;TikTok Ads;25-34;Android
1772;27/03/2026 20:24;Referral;25-34;iOS
1773;24/02/2026 12:10;TikTok Ads;45+;iOS
1774;01/02/2026 20:18;Instagram Ads;18-24;iOS
1775;30/03/2026 20:42;Instagram Ads;45+;iOS
1776;01/03/2026 05:35;Instagram Ads;18-24;iOS
1777;22/01/2026 11:49;Instagram Ads;25-34;iOS
1778;04/03/2026 21:08;TikTok Ads;18-24;iOS
1779;07/01/2026 03:18;Referral;35-44;iOS
1780;03/03/2026 16:35;Instagram Ads;35-44;iOS
1781;21/03/2026 23:43;Organic Search;35-44;iOS
1782;15/02/2026 01:49;TikTok Ads;45+;iOS
1783;30/03/2026 07:01;TikTok Ads;18-24;iOS
1784;10/03/2026 01:37;Instagram Ads;25-34;Android
1785;30/01/2026 08:09;TikTok Ads;25-34;iOS
1786;05/03/2026 00:50;Instagram Ads;18-24;Android
1787;09/02/2026 15:23;Organic Search;18-24;Android
1788;12/01/2026 07:52;TikTok Ads;25-34;Android
1789;14/01/2026 13:42;Instagram Ads;45+;Android
1790;05/01/2026 09:39;TikTok Ads;25-34;iOS
1791;04/01/2026 14:42;TikTok Ads;18-24;iOS
1792;30/01/2026 13:13;Organic Search;18-24;Android
1793;17/02/2026 19:53;Instagram Ads;18-24;Android
1794;12/01/2026 06:34;TikTok Ads;18-24;iOS
1795;10/01/2026 10:28;TikTok Ads;18-24;Android
1796;23/01/2026 19:07;Instagram Ads;18-24;Android
1797;28/03/2026 03:27;Instagram Ads;35-44;iOS
1798;22/02/2026 04:34;Instagram Ads;35-44;iOS
1799;14/01/2026 04:07;Organic Search;18-24;iOS
1800;07/02/2026 17:36;Instagram Ads;18-24;Android
1801;14/02/2026 01:03;TikTok Ads;45+;Android
1802;06/02/2026 00:31;TikTok Ads;18-24;Android
1803;07/03/2026 02:20;Referral;18-24;iOS
1804;14/03/2026 03:38;Instagram Ads;25-34;iOS
1805;09/03/2026 14:55;Organic Search;18-24;iOS
1806;22/02/2026 10:44;TikTok Ads;18-24;iOS
1807;10/02/2026 16:38;Instagram Ads;18-24;iOS
1808;27/02/2026 00:36;TikTok Ads;45+;iOS
1809;14/03/2026 01:36;Instagram Ads;25-34;Android
1810;12/03/2026 13:05;TikTok Ads;25-34;Android
1811;16/01/2026 00:03;Instagram Ads;18-24;Android
1812;27/03/2026 23:09;TikTok Ads;25-34;Android
1813;10/02/2026 06:45;TikTok Ads;25-34;iOS
1814;05/03/2026 14:04;Organic Search;18-24;iOS
1815;10/01/2026 14:44;TikTok Ads;45+;iOS
1816;22/03/2026 22:38;TikTok Ads;18-24;Android
1817;17/02/2026 12:15;Instagram Ads;18-24;iOS
1818;01/03/2026 18:34;TikTok Ads;18-24;iOS
1819;09/02/2026 14:58;Organic Search;18-24;iOS
1820;28/01/2026 03:50;TikTok Ads;45+;Android
1821;04/01/2026 04:14;Organic Search;18-24;iOS
1822;09/03/2026 00:28;TikTok Ads;18-24;iOS
1823;05/02/2026 23:23;Organic Search;35-44;Android
1824;22/01/2026 02:16;TikTok Ads;25-34;iOS
1825;13/02/2026 01:09;TikTok Ads;25-34;iOS
1826;13/02/2026 04:12;Instagram Ads;18-24;Android
1827;23/01/2026 22:10;Organic Search;18-24;Android
1828;25/03/2026 01:20;TikTok Ads;18-24;Android
1829;05/02/2026 05:07;Instagram Ads;45+;iOS
1830;10/01/2026 15:30;Instagram Ads;25-34;Android
1831;08/03/2026 13:45;TikTok Ads;25-34;iOS
1832;05/02/2026 15:57;TikTok Ads;18-24;iOS
1833;22/02/2026 20:41;Instagram Ads;35-44;iOS
1834;29/03/2026 13:06;Instagram Ads;25-34;iOS
1835;04/03/2026 14:33;TikTok Ads;18-24;iOS
1836;04/02/2026 19:46;TikTok Ads;25-34;iOS
1837;06/01/2026 21:05;TikTok Ads;18-24;iOS
1838;08/02/2026 15:43;Referral;35-44;Android
1839;27/01/2026 18:51;TikTok Ads;25-34;Android
1840;19/01/2026 10:17;Organic Search;18-24;Android
1841;12/01/2026 20:39;Organic Search;25-34;Android
1842;24/03/2026 08:03;Instagram Ads;25-34;iOS
1843;22/03/2026 00:30;Instagram Ads;18-24;iOS
1844;14/02/2026 03:34;TikTok Ads;25-34;iOS
1845;09/01/2026 21:36;Instagram Ads;25-34;iOS
1846;06/03/2026 08:21;TikTok Ads;18-24;Android
1847;21/01/2026 14:14;Instagram Ads;18-24;iOS
1848;04/03/2026 07:16;Instagram Ads;35-44;Android
1849;04/03/2026 02:07;Instagram Ads;18-24;iOS
1850;27/02/2026 23:27;TikTok Ads;18-24;iOS
1851;03/01/2026 01:45;TikTok Ads;18-24;Android
1852;05/01/2026 21:51;Instagram Ads;25-34;Android
1853;18/03/2026 09:21;TikTok Ads;25-34;iOS
1854;02/02/2026 09:07;Instagram Ads;18-24;Android
1855;24/01/2026 15:33;TikTok Ads;18-24;Android
1856;13/01/2026 05:25;TikTok Ads;25-34;Android
1857;18/03/2026 09:47;Organic Search;45+;Android
1858;24/02/2026 19:33;TikTok Ads;25-34;Android
1859;20/01/2026 22:09;Instagram Ads;18-24;Android
1860;07/01/2026 15:52;Referral;35-44;iOS
1861;22/03/2026 13:36;TikTok Ads;18-24;Android
1862;16/03/2026 06:56;Organic Search;18-24;iOS
1863;23/02/2026 19:23;Instagram Ads;18-24;Android
1864;21/01/2026 02:42;Instagram Ads;18-24;iOS
1865;26/02/2026 22:22;TikTok Ads;45+;iOS
1866;21/01/2026 23:12;Instagram Ads;18-24;Android
1867;20/03/2026 22:33;Instagram Ads;25-34;iOS
1868;26/03/2026 10:32;TikTok Ads;18-24;Android
1869;23/01/2026 14:55;TikTok Ads;25-34;Android
1870;01/02/2026 21:35;Organic Search;18-24;iOS
1871;17/03/2026 04:24;TikTok Ads;25-34;Android
1872;15/01/2026 07:49;TikTok Ads;18-24;Android
1873;18/03/2026 13:40;Organic Search;18-24;iOS
1874;29/03/2026 10:23;TikTok Ads;18-24;Android
1875;27/02/2026 20:44;Organic Search;25-34;iOS
1876;01/01/2026 06:36;Organic Search;18-24;iOS
1877;27/01/2026 22:05;Instagram Ads;18-24;Android
1878;25/03/2026 08:13;Instagram Ads;18-24;iOS
1879;15/01/2026 01:08;TikTok Ads;18-24;iOS
1880;13/01/2026 14:54;Organic Search;18-24;iOS
1881;22/02/2026 10:47;Instagram Ads;25-34;iOS
1882;25/01/2026 08:03;TikTok Ads;25-34;iOS
1883;19/03/2026 12:40;TikTok Ads;25-34;Android
1884;17/01/2026 22:36;Instagram Ads;25-34;Android
1885;11/01/2026 16:08;TikTok Ads;18-24;iOS
1886;06/03/2026 04:22;TikTok Ads;25-34;Android
1887;26/03/2026 02:58;Referral;25-34;iOS
1888;03/01/2026 12:04;TikTok Ads;25-34;iOS
1889;13/01/2026 19:07;Instagram Ads;25-34;Android
1890;02/01/2026 10:37;Organic Search;18-24;Android
1891;04/02/2026 18:45;Organic Search;18-24;Android
1892;18/03/2026 16:47;TikTok Ads;45+;iOS
1893;18/03/2026 13:10;Instagram Ads;18-24;Android
1894;24/01/2026 02:25;TikTok Ads;18-24;iOS
1895;27/02/2026 04:07;Referral;18-24;iOS
1896;01/02/2026 10:26;Organic Search;25-34;Android
1897;02/01/2026 12:46;TikTok Ads;25-34;iOS
1898;17/01/2026 22:01;TikTok Ads;25-34;iOS
1899;26/01/2026 18:21;Organic Search;18-24;iOS
1900;06/01/2026 02:05;Instagram Ads;45+;iOS
1901;13/01/2026 07:22;TikTok Ads;18-24;iOS
1902;14/03/2026 00:19;TikTok Ads;35-44;iOS
1903;10/02/2026 20:54;Organic Search;18-24;Android
1904;21/02/2026 01:52;Referral;18-24;Android
1905;12/01/2026 00:49;Instagram Ads;35-44;Android
1906;14/03/2026 09:31;TikTok Ads;18-24;iOS
1907;07/01/2026 04:06;TikTok Ads;18-24;iOS
1908;16/02/2026 05:44;Instagram Ads;25-34;iOS
1909;13/02/2026 12:33;TikTok Ads;25-34;iOS
1910;17/03/2026 12:54;TikTok Ads;18-24;Android
1911;05/02/2026 03:36;Organic Search;18-24;Android
1912;19/02/2026 19:55;Instagram Ads;25-34;Android
1913;27/02/2026 15:20;Instagram Ads;18-24;iOS
1914;11/01/2026 14:06;Instagram Ads;35-44;iOS
1915;13/02/2026 21:14;Organic Search;45+;iOS
1916;18/02/2026 22:01;Instagram Ads;25-34;Android
1917;22/01/2026 12:14;Referral;25-34;iOS
1918;01/03/2026 17:18;Organic Search;18-24;Android
1919;05/01/2026 05:02;Referral;18-24;Android
1920;12/03/2026 14:35;Instagram Ads;18-24;iOS
1921;18/03/2026 01:03;Organic Search;35-44;Android
1922;30/03/2026 05:32;TikTok Ads;35-44;Android
1923;26/03/2026 04:12;TikTok Ads;18-24;iOS
1924;05/03/2026 23:21;Referral;25-34;Android
1925;20/02/2026 15:04;TikTok Ads;25-34;iOS
1926;30/01/2026 06:50;TikTok Ads;25-34;iOS
1927;14/02/2026 11:18;Organic Search;18-24;Android
1928;04/03/2026 11:05;Instagram Ads;25-34;iOS
1929;04/01/2026 00:35;TikTok Ads;35-44;iOS
1930;06/01/2026 21:44;Organic Search;45+;iOS
1931;16/02/2026 12:06;TikTok Ads;25-34;Android
1932;24/03/2026 06:20;Referral;25-34;Android
1933;08/02/2026 23:50;TikTok Ads;45+;Android
1934;11/02/2026 09:17;TikTok Ads;18-24;iOS
1935;08/03/2026 14:43;TikTok Ads;25-34;iOS
1936;11/01/2026 11:34;TikTok Ads;18-24;Android
1937;17/02/2026 14:24;Instagram Ads;18-24;iOS
1938;11/03/2026 04:00;Referral;25-34;iOS
1939;30/03/2026 07:45;TikTok Ads;18-24;iOS
1940;13/02/2026 01:34;Instagram Ads;35-44;iOS
1941;08/01/2026 03:14;Organic Search;18-24;Android
1942;29/03/2026 07:26;Organic Search;18-24;iOS
1943;08/01/2026 20:15;Instagram Ads;18-24;iOS
1944;01/02/2026 06:34;Instagram Ads;45+;iOS
1945;01/03/2026 01:26;Organic Search;18-24;Android
1946;15/01/2026 09:38;Instagram Ads;35-44;iOS
1947;07/01/2026 09:03;Instagram Ads;25-34;iOS
1948;13/01/2026 06:02;TikTok Ads;18-24;iOS
1949;27/01/2026 16:50;Organic Search;18-24;iOS
1950;02/03/2026 14:45;Organic Search;18-24;iOS
1951;03/03/2026 11:10;TikTok Ads;45+;Android
1952;26/02/2026 19:59;Organic Search;18-24;Android
1953;23/02/2026 05:45;TikTok Ads;18-24;iOS
1954;11/03/2026 03:26;Instagram Ads;18-24;iOS
1955;01/02/2026 13:44;TikTok Ads;18-24;Android
1956;06/02/2026 23:34;Instagram Ads;25-34;iOS
1957;28/02/2026 00:01;Organic Search;25-34;iOS
1958;21/02/2026 12:17;TikTok Ads;25-34;Android
1959;29/01/2026 15:09;Instagram Ads;18-24;Android
1960;14/02/2026 01:14;Instagram Ads;18-24;iOS
1961;19/02/2026 02:01;TikTok Ads;25-34;iOS
1962;28/02/2026 18:44;Referral;18-24;iOS
1963;11/02/2026 18:26;Instagram Ads;35-44;Android
1964;10/01/2026 15:06;Instagram Ads;25-34;iOS
1965;19/03/2026 00:02;Instagram Ads;18-24;iOS
1966;10/03/2026 03:15;TikTok Ads;35-44;iOS
1967;12/01/2026 02:36;Referral;25-34;Android
1968;24/03/2026 19:09;Instagram Ads;18-24;iOS
1969;05/03/2026 13:35;TikTok Ads;25-34;iOS
1970;05/03/2026 04:44;Organic Search;18-24;iOS
1971;27/03/2026 05:12;Instagram Ads;35-44;Android
1972;16/03/2026 15:48;Instagram Ads;25-34;iOS
1973;23/02/2026 12:42;Referral;25-34;iOS
1974;11/03/2026 23:40;Instagram Ads;18-24;Android
1975;26/03/2026 00:44;TikTok Ads;25-34;iOS
1976;21/01/2026 21:02;Organic Search;25-34;Android
1977;11/02/2026 18:08;Instagram Ads;35-44;iOS
1978;13/02/2026 20:11;TikTok Ads;18-24;Android
1979;28/03/2026 05:24;TikTok Ads;25-34;Android
1980;23/01/2026 04:25;TikTok Ads;18-24;iOS
1981;10/02/2026 04:15;Instagram Ads;18-24;iOS
1982;02/02/2026 21:46;Organic Search;45+;iOS
1983;22/03/2026 08:01;TikTok Ads;18-24;Android
1984;14/02/2026 00:43;Organic Search;18-24;iOS
1985;08/02/2026 17:06;Organic Search;25-34;iOS
1986;10/02/2026 09:19;Instagram Ads;18-24;iOS
1987;12/03/2026 20:07;Organic Search;25-34;iOS
1988;10/01/2026 05:33;Referral;18-24;Android
1989;31/01/2026 08:17;Instagram Ads;35-44;Android
1990;11/02/2026 10:25;TikTok Ads;35-44;Android
1991;31/01/2026 08:13;Organic Search;18-24;Android
1992;06/03/2026 13:48;Organic Search;18-24;Android
1993;25/01/2026 17:56;TikTok Ads;18-24;iOS
1994;06/02/2026 08:11;Instagram Ads;25-34;iOS
1995;15/01/2026 19:40;Referral;18-24;iOS
1996;08/03/2026 16:24;TikTok Ads;25-34;Android
1997;16/02/2026 01:07;Instagram Ads;25-34;iOS
1998;07/01/2026 12:25;Instagram Ads;18-24;iOS
1999;09/01/2026 20:34;TikTok Ads;25-34;iOS
2000;22/03/2026 18:10;Organic Search;18-24;iOS
2001;09/01/2026 06:54;Instagram Ads;18-24;Android
2002;10/01/2026 01:14;Instagram Ads;18-24;Android
2003;11/02/2026 22:20;Instagram Ads;18-24;Android
2004;10/01/2026 09:00;TikTok Ads;25-34;Android
2005;14/03/2026 07:01;Referral;25-34;iOS
2006;13/03/2026 17:31;Organic Search;18-24;iOS
2007;06/02/2026 04:19;Instagram Ads;18-24;iOS
2008;20/03/2026 19:33;Organic Search;35-44;iOS
2009;13/01/2026 15:11;TikTok Ads;18-24;Android
2010;24/02/2026 00:26;TikTok Ads;25-34;iOS
2011;06/01/2026 19:45;Instagram Ads;18-24;Android
2012;26/02/2026 22:33;TikTok Ads;25-34;iOS
2013;24/02/2026 12:35;Organic Search;35-44;iOS
2014;24/02/2026 12:49;Organic Search;25-34;iOS
2015;02/02/2026 00:07;Instagram Ads;18-24;Android
2016;07/03/2026 01:14;Organic Search;18-24;iOS
2017;12/01/2026 20:49;Organic Search;35-44;iOS
2018;09/02/2026 21:15;Referral;25-34;iOS
2019;04/02/2026 07:56;Organic Search;18-24;iOS
2020;26/03/2026 19:39;Instagram Ads;25-34;Android
2021;06/03/2026 14:21;Instagram Ads;18-24;iOS
2022;14/03/2026 20:17;Instagram Ads;18-24;Android
2023;11/02/2026 01:30;Instagram Ads;18-24;iOS
2024;26/03/2026 06:48;TikTok Ads;35-44;iOS
2025;30/03/2026 22:04;TikTok Ads;18-24;iOS
2026;12/03/2026 00:11;TikTok Ads;18-24;iOS
2027;05/01/2026 23:52;Instagram Ads;18-24;iOS
2028;28/01/2026 22:13;Referral;18-24;iOS
2029;28/02/2026 07:03;TikTok Ads;18-24;Android
2030;31/01/2026 08:03;TikTok Ads;25-34;iOS
2031;04/02/2026 03:23;Instagram Ads;25-34;iOS
2032;11/01/2026 01:24;Instagram Ads;18-24;Android
2033;26/02/2026 02:38;TikTok Ads;35-44;iOS
2034;19/02/2026 06:21;Organic Search;18-24;Android
2035;21/01/2026 15:43;TikTok Ads;35-44;iOS
2036;16/01/2026 00:32;TikTok Ads;18-24;iOS
2037;05/03/2026 18:18;TikTok Ads;35-44;Android
2038;16/02/2026 19:34;TikTok Ads;35-44;iOS
2039;22/01/2026 18:31;TikTok Ads;25-34;Android
2040;24/03/2026 06:17;Referral;18-24;Android
2041;11/01/2026 12:10;TikTok Ads;18-24;iOS
2042;03/02/2026 23:49;Referral;25-34;Android
2043;24/03/2026 01:51;Instagram Ads;18-24;iOS
2044;24/02/2026 00:11;TikTok Ads;18-24;Android
2045;05/02/2026 16:28;Instagram Ads;18-24;iOS
2046;12/01/2026 03:42;TikTok Ads;18-24;Android
2047;16/03/2026 00:59;Instagram Ads;25-34;iOS
2048;28/01/2026 01:06;TikTok Ads;18-24;Android
2049;25/02/2026 17:44;Organic Search;18-24;iOS
2050;22/01/2026 22:59;Instagram Ads;25-34;Android
2051;20/03/2026 08:57;Instagram Ads;25-34;iOS
2052;11/02/2026 15:54;TikTok Ads;18-24;iOS
2053;24/03/2026 01:21;Organic Search;25-34;iOS
2054;24/02/2026 11:08;Organic Search;18-24;iOS
2055;16/03/2026 12:14;TikTok Ads;18-24;iOS
2056;21/03/2026 11:04;Instagram Ads;18-24;Android
2057;02/03/2026 08:43;TikTok Ads;18-24;iOS
2058;01/03/2026 13:43;Instagram Ads;18-24;Android
2059;07/03/2026 12:48;Instagram Ads;25-34;iOS
2060;04/03/2026 09:35;TikTok Ads;18-24;iOS
2061;24/02/2026 01:17;Instagram Ads;18-24;iOS
2062;03/01/2026 13:10;Referral;18-24;Android
2063;01/03/2026 03:03;Organic Search;18-24;iOS
2064;05/03/2026 20:51;TikTok Ads;25-34;Android
2065;22/03/2026 12:47;Organic Search;35-44;Android
2066;09/03/2026 07:54;TikTok Ads;18-24;Android
2067;26/01/2026 23:11;TikTok Ads;18-24;Android
2068;03/01/2026 19:27;Instagram Ads;35-44;Android
2069;18/01/2026 12:23;TikTok Ads;35-44;iOS
2070;27/01/2026 12:45;TikTok Ads;18-24;iOS
2071;10/03/2026 05:24;Instagram Ads;18-24;iOS
2072;16/03/2026 00:32;TikTok Ads;25-34;Android
2073;30/01/2026 23:59;TikTok Ads;18-24;iOS
2074;02/02/2026 23:50;TikTok Ads;25-34;Android
2075;04/02/2026 01:56;TikTok Ads;18-24;iOS
2076;01/01/2026 14:13;Instagram Ads;18-24;Android
2077;18/01/2026 14:42;Organic Search;18-24;iOS
2078;26/03/2026 10:55;Referral;25-34;iOS
2079;14/01/2026 21:48;TikTok Ads;25-34;Android
2080;24/02/2026 23:37;Instagram Ads;35-44;Android
2081;05/03/2026 19:43;Referral;18-24;iOS
2082;08/02/2026 21:53;Organic Search;25-34;Android
2083;07/01/2026 18:08;TikTok Ads;25-34;Android
2084;14/01/2026 18:35;TikTok Ads;18-24;iOS
2085;13/03/2026 22:34;TikTok Ads;18-24;iOS
2086;03/03/2026 11:23;Instagram Ads;25-34;Android
2087;03/01/2026 23:26;Organic Search;18-24;iOS
2088;09/01/2026 21:48;Organic Search;18-24;Android
2089;14/03/2026 10:33;Organic Search;25-34;Android
2090;21/02/2026 12:06;TikTok Ads;18-24;Android
2091;21/01/2026 21:17;TikTok Ads;35-44;iOS
2092;06/02/2026 12:35;Instagram Ads;25-34;Android
2093;10/02/2026 18:16;TikTok Ads;18-24;Android
2094;14/02/2026 01:04;TikTok Ads;25-34;iOS
2095;03/02/2026 02:20;Organic Search;25-34;iOS
2096;16/01/2026 06:47;Instagram Ads;35-44;iOS
2097;05/02/2026 22:17;Referral;18-24;iOS
2098;31/01/2026 06:10;TikTok Ads;45+;iOS
2099;12/03/2026 01:26;Organic Search;35-44;iOS
2100;01/02/2026 11:52;TikTok Ads;25-34;iOS
2101;17/03/2026 10:09;Organic Search;18-24;iOS
2102;25/02/2026 02:35;Organic Search;18-24;iOS
2103;27/02/2026 21:18;TikTok Ads;18-24;iOS
2104;09/01/2026 05:57;Organic Search;18-24;iOS
2105;27/03/2026 18:20;Instagram Ads;18-24;iOS
2106;06/01/2026 02:35;Referral;25-34;iOS
2107;16/01/2026 02:31;Instagram Ads;18-24;Android
2108;16/01/2026 06:47;Instagram Ads;25-34;iOS
2109;15/03/2026 05:57;TikTok Ads;18-24;Android
2110;01/03/2026 23:40;Instagram Ads;18-24;iOS
2111;05/01/2026 19:57;TikTok Ads;25-34;iOS
2112;07/03/2026 10:27;Instagram Ads;18-24;Android
2113;08/01/2026 22:05;TikTok Ads;18-24;iOS
2114;27/01/2026 10:02;TikTok Ads;18-24;Android
2115;13/02/2026 00:31;Instagram Ads;25-34;iOS
2116;06/03/2026 06:25;TikTok Ads;18-24;Android
2117;11/02/2026 04:01;Instagram Ads;25-34;iOS
2118;17/02/2026 03:40;Instagram Ads;18-24;iOS
2119;28/02/2026 22:35;Referral;45+;iOS
2120;12/02/2026 22:02;Instagram Ads;35-44;Android
2121;10/02/2026 05:07;TikTok Ads;18-24;iOS
2122;27/01/2026 12:31;Instagram Ads;18-24;iOS
2123;21/01/2026 22:18;TikTok Ads;18-24;iOS
2124;15/03/2026 07:08;Organic Search;25-34;iOS
2125;19/02/2026 17:51;Referral;35-44;iOS
2126;12/01/2026 01:12;TikTok Ads;25-34;Android
2127;03/02/2026 12:18;Referral;35-44;Android
2128;11/02/2026 17:46;Instagram Ads;18-24;iOS
2129;11/01/2026 18:23;Instagram Ads;25-34;iOS
2130;28/01/2026 12:00;Organic Search;18-24;iOS
2131;07/03/2026 20:21;TikTok Ads;18-24;Android
2132;07/03/2026 20:59;Instagram Ads;45+;iOS
2133;27/02/2026 14:06;Instagram Ads;18-24;iOS
2134;17/02/2026 05:56;Organic Search;25-34;Android
2135;21/02/2026 03:50;TikTok Ads;35-44;iOS
2136;06/03/2026 18:31;Organic Search;18-24;iOS
2137;30/01/2026 22:40;Instagram Ads;35-44;iOS
2138;05/01/2026 09:49;TikTok Ads;35-44;iOS
2139;22/01/2026 09:50;TikTok Ads;18-24;iOS
2140;08/02/2026 09:01;Referral;25-34;iOS
2141;28/02/2026 04:31;Referral;18-24;iOS
2142;06/01/2026 07:39;TikTok Ads;18-24;iOS
2143;01/01/2026 17:54;Referral;25-34;iOS
2144;20/01/2026 20:20;Instagram Ads;25-34;Android
2145;30/01/2026 06:21;Organic Search;25-34;Android
2146;21/01/2026 12:12;Instagram Ads;25-34;iOS
2147;16/03/2026 12:03;TikTok Ads;25-34;iOS
2148;14/01/2026 07:46;TikTok Ads;25-34;iOS
2149;16/03/2026 04:37;Instagram Ads;25-34;Android
2150;25/01/2026 19:24;Instagram Ads;18-24;iOS
2151;29/01/2026 02:27;Organic Search;45+;iOS
2152;01/02/2026 20:34;TikTok Ads;35-44;iOS
2153;12/01/2026 15:35;Instagram Ads;18-24;iOS
2154;01/01/2026 18:00;TikTok Ads;18-24;Android
2155;18/02/2026 06:59;Referral;18-24;Android
2156;14/03/2026 12:40;TikTok Ads;25-34;iOS
2157;11/02/2026 19:29;Referral;25-34;Android
2158;18/01/2026 01:23;Organic Search;25-34;Android
2159;13/01/2026 13:01;Organic Search;35-44;iOS
2160;06/02/2026 21:56;TikTok Ads;25-34;iOS
2161;21/02/2026 17:00;Instagram Ads;18-24;Android
2162;10/03/2026 07:40;TikTok Ads;18-24;iOS
2163;23/01/2026 08:11;Referral;18-24;iOS
2164;18/02/2026 13:41;Organic Search;25-34;iOS
2165;24/02/2026 05:55;Instagram Ads;18-24;Android
2166;22/03/2026 21:51;TikTok Ads;18-24;iOS
2167;06/03/2026 20:39;TikTok Ads;25-34;iOS
2168;20/03/2026 06:34;TikTok Ads;18-24;iOS
2169;04/02/2026 09:16;TikTok Ads;25-34;Android
2170;07/01/2026 23:56;Referral;35-44;Android
2171;08/02/2026 13:14;TikTok Ads;25-34;Android
2172;25/03/2026 16:03;Organic Search;25-34;iOS
2173;14/03/2026 01:04;Organic Search;25-34;Android
2174;05/01/2026 02:34;TikTok Ads;18-24;iOS
2175;12/02/2026 08:27;Organic Search;18-24;iOS
2176;02/01/2026 19:40;Referral;18-24;Android
2177;14/02/2026 15:18;TikTok Ads;25-34;iOS
2178;08/01/2026 13:25;Referral;35-44;iOS
2179;25/03/2026 16:51;TikTok Ads;18-24;Android
2180;31/01/2026 09:29;Organic Search;18-24;Android
2181;25/02/2026 21:36;TikTok Ads;25-34;Android
2182;11/02/2026 16:18;TikTok Ads;18-24;iOS
2183;25/02/2026 16:07;Instagram Ads;25-34;iOS
2184;09/02/2026 06:22;Instagram Ads;18-24;iOS
2185;10/03/2026 21:15;Instagram Ads;18-24;Android
2186;04/03/2026 03:38;Organic Search;18-24;iOS
2187;10/02/2026 13:17;Organic Search;45+;iOS
2188;29/01/2026 02:37;TikTok Ads;18-24;iOS
2189;12/01/2026 04:22;TikTok Ads;18-24;Android
2190;09/02/2026 07:47;Instagram Ads;18-24;iOS
2191;03/01/2026 00:35;Instagram Ads;18-24;iOS
2192;01/02/2026 12:45;Organic Search;18-24;Android
2193;17/01/2026 16:29;Referral;18-24;iOS
2194;19/03/2026 19:12;Instagram Ads;35-44;Android
2195;02/03/2026 00:20;Organic Search;18-24;Android
2196;14/02/2026 16:06;Instagram Ads;18-24;iOS
2197;22/03/2026 18:45;TikTok Ads;25-34;iOS
2198;08/03/2026 22:54;TikTok Ads;18-24;Android
2199;05/02/2026 03:10;Organic Search;18-24;iOS
2200;09/01/2026 13:21;TikTok Ads;35-44;iOS
2201;12/02/2026 09:36;Instagram Ads;25-34;iOS
2202;23/03/2026 23:47;Organic Search;25-34;iOS
2203;11/01/2026 06:40;TikTok Ads;25-34;Android
2204;24/01/2026 14:58;TikTok Ads;35-44;Android
2205;12/02/2026 07:11;TikTok Ads;18-24;iOS
2206;27/02/2026 04:10;Organic Search;18-24;iOS
2207;08/02/2026 21:06;Instagram Ads;25-34;iOS
2208;20/02/2026 20:55;Instagram Ads;18-24;iOS
2209;08/01/2026 15:15;Organic Search;18-24;Android
2210;08/02/2026 10:12;Instagram Ads;25-34;Android
2211;26/03/2026 12:28;Instagram Ads;18-24;Android
2212;31/01/2026 02:59;Instagram Ads;25-34;iOS
2213;14/03/2026 09:51;Referral;25-34;iOS
2214;02/02/2026 23:07;Instagram Ads;25-34;Android
2215;22/01/2026 12:18;Instagram Ads;35-44;iOS
2216;02/02/2026 08:06;Instagram Ads;35-44;Android
2217;17/03/2026 15:28;Instagram Ads;35-44;iOS
2218;17/01/2026 07:46;Organic Search;18-24;iOS
2219;08/01/2026 09:58;TikTok Ads;18-24;iOS
2220;19/02/2026 13:30;TikTok Ads;18-24;iOS
2221;03/03/2026 11:31;Instagram Ads;18-24;iOS
2222;12/01/2026 01:42;Organic Search;35-44;Android
2223;21/02/2026 12:23;TikTok Ads;25-34;iOS
2224;19/02/2026 12:16;TikTok Ads;18-24;Android
2225;19/01/2026 19:49;TikTok Ads;18-24;iOS
2226;29/03/2026 22:57;Organic Search;25-34;iOS
2227;17/03/2026 08:44;Instagram Ads;25-34;Android
2228;03/02/2026 22:06;TikTok Ads;35-44;iOS
2229;04/02/2026 02:07;Instagram Ads;18-24;iOS
2230;12/03/2026 14:54;TikTok Ads;25-34;iOS
2231;21/03/2026 12:17;Organic Search;18-24;Android
2232;04/03/2026 15:59;Organic Search;25-34;Android
2233;21/03/2026 03:10;Instagram Ads;18-24;Android
2234;15/01/2026 08:08;TikTok Ads;25-34;Android
2235;23/01/2026 22:32;TikTok Ads;18-24;iOS
2236;10/01/2026 23:33;Organic Search;35-44;iOS
2237;15/01/2026 05:14;Instagram Ads;35-44;iOS
2238;25/01/2026 20:26;TikTok Ads;25-34;Android
2239;20/01/2026 03:40;Organic Search;18-24;iOS
2240;17/01/2026 20:16;Instagram Ads;18-24;iOS
2241;28/02/2026 11:41;Organic Search;18-24;Android
2242;15/01/2026 20:12;Instagram Ads;25-34;iOS
2243;15/03/2026 19:25;TikTok Ads;18-24;Android
2244;15/03/2026 16:57;Organic Search;18-24;iOS
2245;05/03/2026 15:26;Referral;18-24;iOS
2246;08/01/2026 07:35;Instagram Ads;35-44;iOS
2247;18/01/2026 04:46;TikTok Ads;35-44;iOS
2248;17/03/2026 00:51;TikTok Ads;25-34;Android
2249;02/03/2026 23:13;Instagram Ads;45+;Android
2250;17/02/2026 23:22;TikTok Ads;45+;iOS
2251;15/02/2026 01:05;TikTok Ads;25-34;iOS
2252;15/03/2026 05:59;TikTok Ads;18-24;iOS
2253;24/02/2026 17:35;Organic Search;25-34;Android
2254;15/03/2026 18:38;TikTok Ads;18-24;iOS
2255;26/02/2026 06:15;TikTok Ads;18-24;Android
2256;13/02/2026 14:01;Referral;45+;iOS
2257;08/03/2026 03:09;Organic Search;18-24;iOS
2258;27/03/2026 15:19;Organic Search;25-34;iOS
2259;24/02/2026 19:21;Instagram Ads;18-24;Android
2260;04/03/2026 10:16;Instagram Ads;45+;iOS
2261;03/03/2026 16:21;TikTok Ads;18-24;iOS
2262;02/03/2026 15:14;TikTok Ads;25-34;Android
2263;01/02/2026 09:07;Referral;25-34;Android
2264;25/03/2026 21:50;Instagram Ads;25-34;iOS
2265;02/03/2026 21:31;TikTok Ads;18-24;iOS
2266;31/01/2026 16:39;TikTok Ads;45+;iOS
2267;15/01/2026 15:45;TikTok Ads;25-34;iOS
2268;12/02/2026 16:43;TikTok Ads;18-24;iOS
2269;07/01/2026 15:07;Instagram Ads;25-34;Android
2270;15/02/2026 12:39;Instagram Ads;18-24;iOS
2271;12/02/2026 22:25;Organic Search;18-24;iOS
2272;03/03/2026 07:14;Organic Search;18-24;iOS
2273;30/01/2026 09:37;TikTok Ads;35-44;Android
2274;19/03/2026 07:34;Organic Search;18-24;iOS
2275;27/01/2026 16:02;Referral;45+;iOS
2276;27/02/2026 10:06;Organic Search;18-24;iOS
2277;06/01/2026 10:53;Instagram Ads;18-24;Android
2278;04/02/2026 04:05;TikTok Ads;25-34;Android
2279;19/02/2026 06:10;Referral;18-24;iOS
2280;08/01/2026 04:52;Instagram Ads;18-24;Android
2281;31/01/2026 03:18;Referral;18-24;iOS
2282;14/02/2026 19:56;TikTok Ads;35-44;iOS
2283;13/02/2026 21:02;Instagram Ads;18-24;iOS
2284;04/01/2026 15:37;TikTok Ads;18-24;Android
2285;06/01/2026 12:33;Referral;25-34;iOS
2286;05/02/2026 19:13;TikTok Ads;25-34;iOS
2287;22/03/2026 17:59;Referral;25-34;iOS
2288;28/01/2026 20:56;Referral;45+;iOS
2289;08/01/2026 10:47;Instagram Ads;18-24;iOS
2290;04/03/2026 14:10;TikTok Ads;25-34;Android
2291;25/03/2026 21:50;Instagram Ads;18-24;Android
2292;25/03/2026 00:58;TikTok Ads;35-44;iOS
2293;09/01/2026 18:24;TikTok Ads;18-24;Android
2294;01/03/2026 17:04;TikTok Ads;25-34;iOS
2295;27/02/2026 16:18;TikTok Ads;18-24;Android
2296;19/02/2026 05:33;Referral;18-24;iOS
2297;07/02/2026 07:54;TikTok Ads;25-34;iOS
2298;14/02/2026 22:11;Referral;35-44;iOS
2299;26/02/2026 08:15;Instagram Ads;35-44;Android
2300;23/02/2026 19:39;TikTok Ads;18-24;iOS
2301;18/03/2026 21:04;TikTok Ads;18-24;iOS
2302;13/03/2026 17:48;Instagram Ads;18-24;iOS
2303;28/03/2026 23:32;TikTok Ads;25-34;Android
2304;04/01/2026 23:35;Instagram Ads;18-24;Android
2305;13/02/2026 15:57;TikTok Ads;18-24;iOS
2306;30/03/2026 06:14;TikTok Ads;18-24;Android
2307;20/03/2026 15:00;Instagram Ads;18-24;Android
2308;25/02/2026 12:03;TikTok Ads;18-24;iOS
2309;05/03/2026 06:53;Instagram Ads;18-24;iOS
2310;19/01/2026 06:37;Instagram Ads;25-34;Android
2311;01/02/2026 05:12;TikTok Ads;18-24;iOS
2312;28/02/2026 17:45;TikTok Ads;35-44;iOS
2313;16/02/2026 04:17;TikTok Ads;25-34;iOS
2314;18/02/2026 16:16;TikTok Ads;25-34;Android
2315;15/01/2026 15:31;Instagram Ads;18-24;iOS
2316;07/01/2026 00:10;Organic Search;18-24;iOS
2317;13/02/2026 17:47;Organic Search;18-24;Android
2318;11/01/2026 01:10;Instagram Ads;18-24;iOS
2319;20/03/2026 17:41;Organic Search;18-24;iOS
2320;29/03/2026 07:07;Instagram Ads;25-34;Android
2321;23/03/2026 07:13;Instagram Ads;18-24;Android
2322;03/02/2026 08:16;Instagram Ads;18-24;iOS
2323;11/03/2026 08:28;Organic Search;18-24;Android
2324;09/01/2026 04:30;Instagram Ads;18-24;Android
2325;18/02/2026 23:41;TikTok Ads;18-24;iOS
2326;04/03/2026 17:35;Instagram Ads;25-34;Android
2327;17/01/2026 18:05;Organic Search;18-24;iOS
2328;04/01/2026 19:12;Instagram Ads;35-44;Android
2329;25/01/2026 01:17;Organic Search;18-24;iOS
2330;10/03/2026 16:52;Instagram Ads;18-24;iOS
2331;12/02/2026 12:03;Referral;18-24;iOS
2332;12/02/2026 15:55;TikTok Ads;35-44;iOS
2333;20/02/2026 21:10;Instagram Ads;35-44;iOS
2334;20/02/2026 18:05;Instagram Ads;18-24;iOS
2335;01/03/2026 04:56;Organic Search;25-34;iOS
2336;16/01/2026 09:54;TikTok Ads;25-34;iOS
2337;05/02/2026 07:56;TikTok Ads;18-24;iOS
2338;06/02/2026 04:48;Organic Search;18-24;iOS
2339;28/01/2026 11:11;Instagram Ads;35-44;iOS
2340;07/02/2026 14:44;TikTok Ads;18-24;Android
2341;09/02/2026 16:30;Instagram Ads;25-34;Android
2342;17/03/2026 04:38;Organic Search;25-34;iOS
2343;02/02/2026 20:27;TikTok Ads;45+;iOS
2344;07/03/2026 21:56;TikTok Ads;25-34;iOS
2345;28/02/2026 01:10;Instagram Ads;25-34;iOS
2346;06/01/2026 02:01;Organic Search;18-24;iOS
2347;18/03/2026 15:01;Instagram Ads;25-34;Android
2348;03/03/2026 06:04;TikTok Ads;25-34;iOS
2349;04/03/2026 20:19;Referral;18-24;Android
2350;02/02/2026 11:47;TikTok Ads;18-24;iOS
2351;07/01/2026 09:35;Organic Search;25-34;Android
2352;02/02/2026 00:14;Instagram Ads;18-24;iOS
2353;10/01/2026 04:12;Organic Search;18-24;Android
2354;24/02/2026 04:08;Referral;35-44;iOS
2355;07/03/2026 20:44;Instagram Ads;25-34;iOS
2356;07/02/2026 12:45;Instagram Ads;18-24;iOS
2357;28/01/2026 14:06;TikTok Ads;18-24;iOS
2358;25/01/2026 11:11;Instagram Ads;25-34;iOS
2359;12/03/2026 06:25;Instagram Ads;18-24;iOS
2360;24/03/2026 16:17;Instagram Ads;25-34;Android
2361;05/03/2026 17:54;TikTok Ads;25-34;iOS
2362;29/03/2026 23:55;Instagram Ads;25-34;iOS
2363;28/02/2026 12:23;Instagram Ads;25-34;iOS
2364;26/03/2026 18:53;TikTok Ads;18-24;Android
2365;15/01/2026 14:23;Instagram Ads;18-24;iOS
2366;02/02/2026 08:47;Instagram Ads;25-34;iOS
2367;08/01/2026 21:54;TikTok Ads;35-44;iOS
2368;26/02/2026 13:52;TikTok Ads;45+;Android
2369;06/03/2026 10:19;TikTok Ads;18-24;iOS
2370;14/01/2026 17:33;TikTok Ads;35-44;iOS
2371;03/02/2026 23:08;Organic Search;35-44;iOS
2372;31/01/2026 02:53;TikTok Ads;25-34;Android
2373;05/03/2026 16:43;Organic Search;18-24;Android
2374;09/03/2026 19:34;Instagram Ads;35-44;iOS
2375;06/03/2026 06:53;Instagram Ads;35-44;iOS
2376;08/02/2026 01:19;Instagram Ads;18-24;iOS
2377;13/01/2026 12:28;TikTok Ads;35-44;iOS
2378;27/02/2026 18:32;Instagram Ads;25-34;iOS
2379;10/03/2026 19:42;Instagram Ads;25-34;Android
2380;09/01/2026 05:24;Instagram Ads;25-34;iOS
2381;31/01/2026 01:22;Referral;18-24;Android
2382;24/02/2026 06:22;TikTok Ads;35-44;Android
2383;06/02/2026 13:43;Organic Search;18-24;iOS
2384;04/03/2026 11:26;Instagram Ads;25-34;iOS
2385;18/03/2026 20:42;Referral;35-44;iOS
2386;01/02/2026 21:24;Organic Search;25-34;iOS
2387;20/03/2026 22:51;TikTok Ads;25-34;Android
2388;13/01/2026 09:46;Instagram Ads;25-34;Android
2389;07/03/2026 01:29;Organic Search;18-24;Android
2390;10/03/2026 05:42;Instagram Ads;18-24;iOS
2391;22/03/2026 11:36;Instagram Ads;35-44;iOS
2392;13/03/2026 17:28;Organic Search;18-24;iOS
2393;08/03/2026 13:07;Referral;25-34;iOS
2394;30/03/2026 14:09;Instagram Ads;18-24;iOS
2395;21/02/2026 02:35;Organic Search;25-34;iOS
2396;10/01/2026 01:45;Referral;25-34;iOS
2397;04/03/2026 17:20;Instagram Ads;25-34;iOS
2398;07/03/2026 02:16;Instagram Ads;25-34;iOS
2399;11/02/2026 02:36;Organic Search;25-34;iOS
2400;19/02/2026 08:51;Organic Search;35-44;Android
2401;05/02/2026 03:07;TikTok Ads;18-24;iOS
2402;02/01/2026 18:28;TikTok Ads;35-44;iOS
2403;05/02/2026 04:54;TikTok Ads;18-24;iOS
2404;30/01/2026 23:42;Organic Search;18-24;iOS
2405;18/01/2026 12:02;TikTok Ads;25-34;iOS
2406;21/01/2026 19:06;Instagram Ads;25-34;Android
2407;03/02/2026 04:17;Referral;35-44;Android
2408;16/03/2026 09:16;TikTok Ads;18-24;iOS
2409;17/02/2026 05:05;Organic Search;45+;Android
2410;19/01/2026 15:24;TikTok Ads;35-44;iOS
2411;22/01/2026 23:53;TikTok Ads;18-24;iOS
2412;14/01/2026 08:33;Instagram Ads;18-24;iOS
2413;16/01/2026 01:02;Instagram Ads;35-44;Android
2414;08/01/2026 11:48;Instagram Ads;25-34;Android
2415;29/01/2026 17:14;TikTok Ads;25-34;iOS
2416;23/03/2026 23:39;TikTok Ads;25-34;Android
2417;18/03/2026 12:27;TikTok Ads;25-34;Android
2418;10/01/2026 19:40;Referral;18-24;Android
2419;19/02/2026 07:00;TikTok Ads;25-34;iOS
2420;16/03/2026 20:16;TikTok Ads;25-34;iOS
2421;22/02/2026 09:45;TikTok Ads;18-24;Android
2422;23/03/2026 01:58;TikTok Ads;25-34;iOS
2423;13/03/2026 17:09;TikTok Ads;18-24;iOS
2424;27/03/2026 19:07;TikTok Ads;18-24;Android
2425;21/02/2026 02:54;Instagram Ads;18-24;iOS
2426;04/01/2026 15:57;Organic Search;18-24;iOS
2427;06/03/2026 06:24;Organic Search;25-34;iOS
2428;02/02/2026 16:43;TikTok Ads;18-24;Android
2429;27/03/2026 02:08;TikTok Ads;25-34;iOS
2430;16/03/2026 09:37;TikTok Ads;35-44;Android
2431;02/03/2026 00:07;Organic Search;18-24;iOS
2432;13/01/2026 17:21;Instagram Ads;18-24;Android
2433;27/02/2026 23:41;TikTok Ads;18-24;iOS
2434;06/02/2026 13:49;Instagram Ads;18-24;iOS
2435;15/01/2026 23:26;TikTok Ads;35-44;iOS
2436;16/01/2026 18:03;Referral;25-34;iOS
2437;18/01/2026 13:24;Organic Search;18-24;Android
2438;22/03/2026 17:10;Instagram Ads;18-24;iOS
2439;09/03/2026 06:26;TikTok Ads;45+;iOS
2440;16/03/2026 20:47;Instagram Ads;18-24;Android
2441;02/03/2026 15:45;TikTok Ads;25-34;iOS
2442;20/03/2026 13:12;Organic Search;18-24;iOS
2443;29/03/2026 15:20;TikTok Ads;25-34;iOS
2444;17/01/2026 01:44;Instagram Ads;18-24;Android
2445;12/03/2026 00:28;Referral;25-34;iOS
2446;12/02/2026 11:51;TikTok Ads;18-24;iOS
2447;05/01/2026 05:48;Instagram Ads;25-34;Android
2448;09/02/2026 21:22;TikTok Ads;25-34;iOS
2449;05/02/2026 08:52;Instagram Ads;18-24;iOS
2450;07/03/2026 16:02;Instagram Ads;25-34;Android
2451;11/03/2026 20:45;TikTok Ads;18-24;iOS
2452;24/01/2026 01:29;Instagram Ads;18-24;Android
2453;13/02/2026 03:03;Referral;35-44;iOS
2454;01/03/2026 06:47;Organic Search;25-34;iOS
2455;28/01/2026 15:55;Instagram Ads;25-34;iOS
2456;15/03/2026 01:11;TikTok Ads;18-24;iOS
2457;14/03/2026 16:12;TikTok Ads;35-44;Android
2458;18/03/2026 02:23;Instagram Ads;18-24;Android
2459;13/02/2026 14:04;TikTok Ads;18-24;iOS
2460;23/01/2026 17:15;Instagram Ads;25-34;iOS
2461;21/02/2026 20:20;Instagram Ads;18-24;Android
2462;24/01/2026 05:18;Instagram Ads;25-34;iOS
2463;31/01/2026 01:06;TikTok Ads;45+;iOS
2464;20/03/2026 12:13;Instagram Ads;25-34;iOS
2465;18/03/2026 03:42;Organic Search;25-34;iOS
2466;15/02/2026 12:53;TikTok Ads;18-24;Android
2467;29/03/2026 18:24;Instagram Ads;18-24;iOS
2468;23/03/2026 01:57;Instagram Ads;25-34;iOS
2469;19/01/2026 20:05;TikTok Ads;18-24;Android
2470;05/02/2026 17:07;Referral;18-24;iOS
2471;07/03/2026 20:34;Instagram Ads;18-24;iOS
2472;25/02/2026 09:10;Organic Search;18-24;iOS
2473;12/02/2026 18:39;TikTok Ads;18-24;iOS
2474;14/02/2026 19:47;Organic Search;18-24;Android
2475;16/03/2026 16:55;TikTok Ads;18-24;iOS
2476;28/01/2026 08:34;TikTok Ads;18-24;iOS
2477;17/03/2026 13:09;Instagram Ads;25-34;iOS
2478;07/02/2026 01:49;Instagram Ads;18-24;iOS
2479;18/02/2026 19:51;TikTok Ads;35-44;iOS
2480;21/02/2026 05:04;TikTok Ads;18-24;iOS
2481;10/02/2026 15:33;Instagram Ads;18-24;iOS
2482;16/01/2026 17:37;Instagram Ads;18-24;Android
2483;21/03/2026 07:29;Instagram Ads;18-24;Android
2484;20/01/2026 09:19;TikTok Ads;25-34;iOS
2485;19/03/2026 19:04;TikTok Ads;25-34;Android
2486;28/02/2026 16:58;Referral;25-34;iOS
2487;14/01/2026 10:29;TikTok Ads;18-24;iOS
2488;26/03/2026 18:14;TikTok Ads;35-44;iOS
2489;25/01/2026 06:32;TikTok Ads;18-24;Android
2490;06/01/2026 01:35;Instagram Ads;25-34;iOS
2491;04/03/2026 06:03;Organic Search;18-24;Android
2492;16/02/2026 15:51;Instagram Ads;18-24;iOS
2493;26/03/2026 20:50;Instagram Ads;18-24;Android
2494;06/02/2026 00:59;Instagram Ads;18-24;iOS
2495;23/02/2026 20:10;Instagram Ads;18-24;iOS
2496;10/01/2026 23:03;Instagram Ads;18-24;Android
2497;11/03/2026 01:41;Instagram Ads;25-34;iOS
2498;24/03/2026 03:04;TikTok Ads;18-24;iOS
2499;20/02/2026 02:09;Organic Search;18-24;iOS
2500;24/03/2026 15:21;Organic Search;18-24;Android
2501;13/01/2026 02:31;Instagram Ads;25-34;iOS
2502;28/01/2026 16:14;TikTok Ads;25-34;Android
2503;09/01/2026 03:26;Instagram Ads;18-24;Android
2504;16/03/2026 02:11;Referral;25-34;Android
2505;16/01/2026 13:33;TikTok Ads;18-24;Android
2506;27/01/2026 11:38;Organic Search;18-24;iOS
2507;13/02/2026 14:59;Organic Search;18-24;iOS
2508;29/03/2026 21:30;Instagram Ads;25-34;Android
2509;19/02/2026 20:11;TikTok Ads;25-34;iOS
2510;15/01/2026 07:20;Instagram Ads;25-34;iOS
2511;22/03/2026 16:28;TikTok Ads;18-24;iOS
2512;12/02/2026 11:23;Instagram Ads;25-34;Android
2513;09/01/2026 21:42;Organic Search;18-24;iOS
2514;30/03/2026 09:37;TikTok Ads;18-24;iOS
2515;22/01/2026 13:23;Instagram Ads;45+;iOS
2516;21/03/2026 07:03;TikTok Ads;25-34;iOS
2517;13/02/2026 19:12;Organic Search;25-34;Android
2518;27/03/2026 21:20;Instagram Ads;25-34;iOS
2519;03/02/2026 22:35;Instagram Ads;18-24;iOS
2520;03/01/2026 14:08;Instagram Ads;25-34;Android
2521;10/02/2026 06:46;Organic Search;25-34;iOS
2522;06/01/2026 04:05;Organic Search;25-34;Android
2523;08/02/2026 11:48;Referral;18-24;Android
2524;18/02/2026 17:45;TikTok Ads;18-24;iOS
2525;06/02/2026 07:23;TikTok Ads;25-34;iOS
2526;23/01/2026 21:24;TikTok Ads;25-34;Android
2527;07/02/2026 11:49;Referral;25-34;Android
2528;08/01/2026 22:09;TikTok Ads;18-24;iOS
2529;06/02/2026 09:36;Instagram Ads;25-34;iOS
2530;22/01/2026 19:12;Organic Search;25-34;iOS
2531;03/01/2026 17:40;TikTok Ads;25-34;Android
2532;31/01/2026 22:35;Organic Search;18-24;Android
2533;10/01/2026 14:52;TikTok Ads;18-24;Android
2534;23/03/2026 11:25;TikTok Ads;25-34;iOS
2535;11/03/2026 09:22;Instagram Ads;35-44;iOS
2536;05/03/2026 02:31;Instagram Ads;18-24;Android
2537;02/02/2026 13:16;TikTok Ads;18-24;iOS
2538;18/03/2026 20:03;TikTok Ads;35-44;iOS
2539;15/01/2026 04:19;TikTok Ads;18-24;iOS
2540;14/01/2026 08:37;Organic Search;45+;iOS
2541;04/01/2026 17:15;Organic Search;25-34;iOS
2542;28/01/2026 20:28;Instagram Ads;25-34;Android
2543;22/03/2026 13:29;Organic Search;18-24;Android
2544;15/02/2026 20:53;Organic Search;18-24;Android
2545;09/03/2026 13:57;TikTok Ads;45+;Android
2546;22/03/2026 16:37;TikTok Ads;18-24;Android
2547;14/01/2026 11:24;TikTok Ads;18-24;iOS
2548;15/03/2026 16:13;TikTok Ads;18-24;iOS
2549;10/03/2026 12:01;TikTok Ads;25-34;iOS
2550;15/02/2026 13:06;TikTok Ads;18-24;iOS
2551;13/02/2026 13:19;TikTok Ads;18-24;iOS
2552;01/03/2026 17:51;Organic Search;25-34;Android
2553;01/01/2026 12:14;Organic Search;25-34;iOS
2554;29/03/2026 22:48;Instagram Ads;18-24;Android
2555;08/01/2026 16:36;Organic Search;25-34;iOS
2556;02/01/2026 20:16;TikTok Ads;25-34;Android
2557;25/01/2026 20:20;Organic Search;18-24;Android
2558;21/01/2026 22:30;Instagram Ads;35-44;iOS
2559;23/03/2026 01:36;Instagram Ads;25-34;Android
2560;15/01/2026 12:24;Referral;18-24;iOS
2561;23/02/2026 06:48;Referral;25-34;Android
2562;12/03/2026 14:34;Instagram Ads;18-24;Android
2563;01/03/2026 02:47;Organic Search;18-24;iOS
2564;21/02/2026 05:47;Organic Search;18-24;Android
2565;11/02/2026 02:15;TikTok Ads;25-34;Android
2566;11/01/2026 19:05;Instagram Ads;18-24;Android
2567;17/03/2026 08:36;TikTok Ads;18-24;Android
2568;28/01/2026 23:19;Organic Search;25-34;iOS
2569;24/01/2026 01:44;TikTok Ads;18-24;iOS
2570;30/01/2026 05:43;Organic Search;25-34;Android
2571;12/01/2026 19:55;TikTok Ads;18-24;iOS
2572;05/01/2026 15:15;Instagram Ads;18-24;Android
2573;24/01/2026 03:36;TikTok Ads;35-44;iOS
2574;10/02/2026 18:15;Referral;25-34;Android
2575;04/03/2026 00:51;TikTok Ads;25-34;Android
2576;19/03/2026 01:55;TikTok Ads;18-24;iOS
2577;02/03/2026 11:15;Referral;25-34;iOS
2578;14/02/2026 09:09;TikTok Ads;18-24;Android
2579;07/01/2026 02:21;TikTok Ads;25-34;Android
2580;11/01/2026 18:19;TikTok Ads;25-34;iOS
2581;23/03/2026 05:37;Instagram Ads;18-24;Android
2582;29/03/2026 21:08;TikTok Ads;18-24;iOS
2583;18/02/2026 12:41;TikTok Ads;25-34;iOS
2584;27/02/2026 22:30;Instagram Ads;18-24;Android
2585;22/02/2026 01:05;TikTok Ads;18-24;iOS
2586;02/01/2026 14:17;Organic Search;18-24;Android
2587;03/03/2026 08:33;Organic Search;18-24;Android
2588;20/02/2026 00:54;TikTok Ads;18-24;Android
2589;25/02/2026 19:57;Instagram Ads;25-34;iOS
2590;24/01/2026 11:45;TikTok Ads;18-24;Android
2591;11/03/2026 18:19;Instagram Ads;25-34;iOS
2592;14/01/2026 22:33;TikTok Ads;18-24;iOS
2593;29/01/2026 06:42;TikTok Ads;25-34;Android
2594;11/02/2026 16:11;Instagram Ads;18-24;iOS
2595;01/01/2026 03:38;Organic Search;18-24;Android
2596;01/03/2026 16:36;Instagram Ads;18-24;Android
2597;04/02/2026 06:07;TikTok Ads;25-34;iOS
2598;24/01/2026 08:33;TikTok Ads;18-24;Android
2599;25/02/2026 09:44;Organic Search;18-24;Android
2600;10/02/2026 10:40;TikTok Ads;18-24;iOS
2601;19/01/2026 04:28;TikTok Ads;18-24;Android
2602;06/03/2026 12:05;TikTok Ads;18-24;iOS
2603;06/03/2026 21:03;Organic Search;35-44;iOS
2604;09/01/2026 07:29;TikTok Ads;18-24;iOS
2605;20/02/2026 19:48;TikTok Ads;18-24;iOS
2606;05/02/2026 00:16;Instagram Ads;18-24;Android
2607;07/01/2026 13:42;Referral;25-34;iOS
2608;21/02/2026 01:48;TikTok Ads;18-24;Android
2609;22/02/2026 19:48;Instagram Ads;35-44;Android
2610;19/02/2026 06:09;TikTok Ads;25-34;iOS
2611;18/03/2026 08:28;TikTok Ads;18-24;iOS
2612;19/02/2026 06:50;Organic Search;18-24;iOS
2613;23/02/2026 19:16;Instagram Ads;25-34;iOS
2614;02/01/2026 23:22;Organic Search;25-34;iOS
2615;07/02/2026 21:49;TikTok Ads;18-24;Android
2616;26/03/2026 19:00;Instagram Ads;25-34;iOS
2617;15/02/2026 15:29;TikTok Ads;18-24;iOS
2618;05/01/2026 05:26;Instagram Ads;25-34;iOS
2619;03/03/2026 17:13;Instagram Ads;18-24;iOS
2620;07/02/2026 13:29;TikTok Ads;18-24;iOS
2621;06/02/2026 05:51;TikTok Ads;18-24;iOS
2622;25/01/2026 15:02;Instagram Ads;18-24;Android
2623;14/03/2026 13:22;TikTok Ads;18-24;iOS
2624;02/01/2026 13:50;TikTok Ads;25-34;iOS
2625;04/02/2026 16:05;Referral;35-44;iOS
2626;18/03/2026 13:23;Instagram Ads;25-34;iOS
2627;07/01/2026 13:25;Instagram Ads;18-24;iOS
2628;03/02/2026 11:26;Instagram Ads;25-34;Android
2629;24/01/2026 09:51;TikTok Ads;25-34;iOS
2630;13/03/2026 03:52;TikTok Ads;18-24;iOS
2631;05/03/2026 19:09;TikTok Ads;25-34;Android
2632;02/03/2026 23:56;Instagram Ads;18-24;Android
2633;11/01/2026 01:33;Organic Search;18-24;iOS
2634;16/03/2026 21:43;Organic Search;25-34;iOS
2635;26/02/2026 11:55;TikTok Ads;25-34;iOS
2636;13/03/2026 09:06;Referral;18-24;Android
2637;15/03/2026 11:11;TikTok Ads;18-24;Android
2638;02/02/2026 06:49;Instagram Ads;25-34;iOS
2639;13/01/2026 22:52;TikTok Ads;18-24;Android
2640;05/01/2026 07:18;TikTok Ads;18-24;iOS
2641;04/02/2026 04:54;Instagram Ads;25-34;iOS
2642;23/02/2026 00:18;TikTok Ads;35-44;iOS
2643;02/02/2026 20:52;Organic Search;35-44;Android
2644;20/03/2026 23:36;TikTok Ads;25-34;Android
2645;04/03/2026 09:49;Instagram Ads;18-24;iOS
2646;17/01/2026 23:59;TikTok Ads;25-34;iOS
2647;22/03/2026 14:56;TikTok Ads;18-24;iOS
2648;17/03/2026 15:32;Instagram Ads;35-44;iOS
2649;08/03/2026 11:25;TikTok Ads;18-24;Android
2650;15/02/2026 02:38;Organic Search;35-44;iOS
2651;09/03/2026 12:22;Referral;18-24;Android
2652;16/02/2026 11:03;TikTok Ads;35-44;iOS
2653;03/03/2026 08:03;Instagram Ads;25-34;iOS
2654;18/01/2026 16:44;TikTok Ads;35-44;iOS
2655;20/03/2026 18:55;TikTok Ads;18-24;iOS
2656;14/01/2026 02:13;TikTok Ads;18-24;iOS
2657;07/01/2026 03:02;Instagram Ads;35-44;Android
2658;11/03/2026 12:30;Instagram Ads;18-24;Android
2659;17/03/2026 08:39;Instagram Ads;18-24;Android
2660;14/02/2026 10:28;Organic Search;25-34;Android
2661;04/01/2026 14:10;TikTok Ads;18-24;Android
2662;29/01/2026 11:46;TikTok Ads;18-24;Android
2663;20/01/2026 13:44;Organic Search;18-24;Android
2664;05/01/2026 06:04;Organic Search;25-34;iOS
2665;18/03/2026 19:25;TikTok Ads;18-24;iOS
2666;20/01/2026 08:47;TikTok Ads;18-24;iOS
2667;28/03/2026 00:02;Referral;18-24;Android
2668;05/01/2026 01:38;Instagram Ads;18-24;Android
2669;31/01/2026 15:23;Instagram Ads;18-24;Android
2670;31/01/2026 02:31;TikTok Ads;25-34;iOS
2671;20/02/2026 00:55;Organic Search;18-24;Android
2672;08/02/2026 15:55;TikTok Ads;25-34;Android
2673;21/03/2026 04:02;Instagram Ads;25-34;iOS
2674;22/02/2026 17:21;Organic Search;18-24;Android
2675;15/02/2026 23:06;Organic Search;18-24;iOS
2676;25/01/2026 14:15;Instagram Ads;25-34;iOS
2677;04/01/2026 13:19;Instagram Ads;25-34;iOS
2678;15/03/2026 03:17;Instagram Ads;18-24;iOS
2679;04/03/2026 19:23;Organic Search;18-24;iOS
2680;19/01/2026 13:18;Organic Search;18-24;Android
2681;28/01/2026 18:41;Referral;18-24;iOS
2682;04/02/2026 15:48;Organic Search;18-24;iOS
2683;25/03/2026 16:55;Organic Search;18-24;Android
2684;17/03/2026 19:29;TikTok Ads;18-24;iOS
2685;05/01/2026 15:23;Referral;25-34;Android
2686;26/03/2026 01:27;TikTok Ads;18-24;iOS
2687;05/03/2026 15:57;Instagram Ads;25-34;Android
2688;02/02/2026 05:26;TikTok Ads;35-44;iOS
2689;27/01/2026 12:38;Referral;18-24;iOS
2690;13/01/2026 02:02;TikTok Ads;18-24;iOS
2691;19/03/2026 14:36;Instagram Ads;18-24;Android
2692;05/02/2026 17:32;Instagram Ads;25-34;iOS
2693;12/02/2026 10:10;Instagram Ads;25-34;iOS
2694;28/03/2026 08:39;Instagram Ads;18-24;iOS
2695;08/02/2026 20:07;TikTok Ads;18-24;Android
2696;14/03/2026 04:01;Instagram Ads;45+;Android
2697;12/02/2026 16:39;TikTok Ads;35-44;Android
2698;28/03/2026 20:39;Instagram Ads;25-34;Android
2699;07/02/2026 12:56;Instagram Ads;35-44;iOS
2700;02/02/2026 22:00;TikTok Ads;18-24;iOS
2701;19/01/2026 03:18;Organic Search;45+;iOS
2702;18/02/2026 04:14;TikTok Ads;25-34;Android
2703;09/03/2026 04:38;TikTok Ads;18-24;Android
2704;18/02/2026 07:18;Organic Search;18-24;iOS
2705;05/02/2026 15:58;Referral;25-34;iOS
2706;19/03/2026 09:49;TikTok Ads;25-34;iOS
2707;20/02/2026 10:00;TikTok Ads;25-34;iOS
2708;26/01/2026 21:30;Instagram Ads;18-24;Android
2709;19/03/2026 18:48;TikTok Ads;18-24;iOS
2710;09/01/2026 00:29;Referral;35-44;iOS
2711;12/03/2026 14:13;Organic Search;25-34;Android
2712;11/02/2026 05:09;TikTok Ads;25-34;iOS
2713;08/01/2026 15:54;TikTok Ads;45+;iOS
2714;11/02/2026 19:23;TikTok Ads;18-24;Android
2715;28/02/2026 11:49;Instagram Ads;18-24;Android
2716;21/03/2026 20:11;TikTok Ads;18-24;Android
2717;18/01/2026 12:29;TikTok Ads;18-24;iOS
2718;22/02/2026 23:02;Organic Search;18-24;Android
2719;29/01/2026 12:31;Organic Search;18-24;Android
2720;01/02/2026 04:28;TikTok Ads;18-24;Android
2721;10/01/2026 23:04;Referral;18-24;iOS
2722;08/01/2026 18:34;Instagram Ads;18-24;iOS
2723;01/02/2026 20:06;TikTok Ads;25-34;iOS
2724;06/03/2026 04:03;TikTok Ads;25-34;Android
2725;29/01/2026 16:53;Instagram Ads;18-24;Android
2726;30/01/2026 18:11;TikTok Ads;18-24;Android
2727;13/02/2026 07:03;TikTok Ads;18-24;iOS
2728;28/02/2026 12:12;TikTok Ads;18-24;Android
2729;11/03/2026 16:16;TikTok Ads;18-24;iOS
2730;11/02/2026 08:55;Referral;25-34;iOS
2731;17/01/2026 04:18;Organic Search;18-24;iOS
2732;08/03/2026 23:16;TikTok Ads;18-24;iOS
2733;13/02/2026 02:22;Instagram Ads;18-24;iOS
2734;04/02/2026 03:09;TikTok Ads;18-24;iOS
2735;13/02/2026 09:53;Referral;18-24;Android
2736;05/01/2026 02:41;TikTok Ads;18-24;iOS
2737;12/03/2026 13:36;TikTok Ads;18-24;iOS
2738;26/03/2026 11:20;Organic Search;18-24;iOS
2739;30/03/2026 12:11;TikTok Ads;25-34;iOS
2740;04/02/2026 05:31;TikTok Ads;18-24;Android
2741;01/03/2026 16:42;Organic Search;18-24;iOS
2742;12/02/2026 05:29;Organic Search;18-24;iOS
2743;27/01/2026 15:45;TikTok Ads;18-24;iOS
2744;04/03/2026 02:04;Instagram Ads;18-24;iOS
2745;18/03/2026 20:16;Organic Search;25-34;iOS
2746;06/01/2026 13:39;Instagram Ads;25-34;Android
2747;08/01/2026 06:51;Instagram Ads;18-24;Android
2748;07/03/2026 03:58;Instagram Ads;18-24;iOS
2749;03/03/2026 21:30;TikTok Ads;25-34;iOS
2750;09/02/2026 10:32;Instagram Ads;35-44;Android
2751;05/02/2026 06:34;Referral;45+;iOS
2752;19/02/2026 19:34;Instagram Ads;18-24;Android
2753;19/03/2026 18:41;TikTok Ads;45+;Android
2754;14/03/2026 19:23;Organic Search;18-24;iOS
2755;07/03/2026 23:08;Organic Search;18-24;Android
2756;16/01/2026 12:47;TikTok Ads;25-34;iOS
2757;04/01/2026 00:33;Instagram Ads;25-34;iOS
2758;14/01/2026 20:42;TikTok Ads;18-24;iOS
2759;24/03/2026 09:32;Instagram Ads;25-34;iOS
2760;28/02/2026 23:44;Instagram Ads;18-24;iOS
2761;07/03/2026 20:03;TikTok Ads;45+;Android
2762;17/03/2026 20:35;TikTok Ads;25-34;Android
2763;12/02/2026 13:01;Instagram Ads;18-24;iOS
2764;04/01/2026 09:05;Instagram Ads;45+;Android
2765;13/01/2026 06:08;TikTok Ads;18-24;Android
2766;07/01/2026 12:39;Organic Search;25-34;Android
2767;23/01/2026 21:54;TikTok Ads;25-34;Android
2768;17/03/2026 14:04;TikTok Ads;25-34;iOS
2769;04/03/2026 15:20;TikTok Ads;18-24;iOS
2770;05/02/2026 13:36;TikTok Ads;18-24;iOS
2771;05/02/2026 03:52;Instagram Ads;18-24;iOS
2772;07/02/2026 04:06;Instagram Ads;18-24;iOS
2773;25/02/2026 01:46;Organic Search;25-34;Android
2774;04/01/2026 03:27;Instagram Ads;18-24;Android
2775;28/02/2026 17:58;TikTok Ads;18-24;iOS
2776;15/01/2026 21:32;Organic Search;18-24;Android
2777;07/03/2026 22:19;Organic Search;18-24;Android
2778;13/02/2026 16:23;Instagram Ads;25-34;iOS
2779;06/02/2026 00:24;Organic Search;18-24;Android
2780;06/02/2026 02:51;Instagram Ads;18-24;Android
2781;13/02/2026 02:27;Organic Search;25-34;iOS
2782;16/03/2026 02:06;Instagram Ads;45+;Android
2783;08/01/2026 11:09;Organic Search;18-24;iOS
2784;25/02/2026 17:20;Instagram Ads;25-34;iOS
2785;14/01/2026 08:51;Organic Search;25-34;iOS
2786;21/02/2026 09:43;TikTok Ads;18-24;iOS
2787;05/02/2026 15:03;TikTok Ads;18-24;Android
2788;08/02/2026 15:29;TikTok Ads;18-24;iOS
2789;31/01/2026 12:34;Instagram Ads;25-34;iOS
2790;05/03/2026 01:35;Organic Search;25-34;iOS
2791;28/01/2026 01:23;TikTok Ads;18-24;iOS
2792;25/01/2026 05:38;Organic Search;25-34;iOS
2793;12/01/2026 00:21;TikTok Ads;18-24;iOS
2794;03/01/2026 12:22;Instagram Ads;25-34;iOS
2795;13/03/2026 10:14;Instagram Ads;35-44;iOS
2796;19/01/2026 01:31;Instagram Ads;45+;iOS
2797;18/02/2026 10:51;Instagram Ads;18-24;Android
2798;20/02/2026 06:26;TikTok Ads;45+;Android
2799;07/02/2026 13:44;Organic Search;25-34;iOS
2800;30/03/2026 16:42;Instagram Ads;35-44;Android
2801;24/02/2026 12:47;Instagram Ads;35-44;iOS
2802;12/01/2026 10:24;Instagram Ads;18-24;iOS
2803;26/01/2026 09:59;TikTok Ads;18-24;iOS
2804;17/03/2026 05:47;TikTok Ads;18-24;Android
2805;26/01/2026 06:31;TikTok Ads;18-24;iOS
2806;10/03/2026 08:31;TikTok Ads;25-34;iOS
2807;13/02/2026 07:53;Organic Search;18-24;iOS
2808;21/01/2026 19:59;TikTok Ads;18-24;iOS
2809;01/03/2026 09:46;TikTok Ads;18-24;iOS
2810;28/01/2026 17:26;Referral;18-24;iOS
2811;09/03/2026 09:05;TikTok Ads;25-34;iOS
2812;30/03/2026 23:33;Organic Search;45+;iOS
2813;17/02/2026 16:34;Instagram Ads;18-24;Android
2814;20/01/2026 10:26;Instagram Ads;18-24;iOS
2815;12/01/2026 21:45;Instagram Ads;18-24;iOS
2816;14/01/2026 04:16;Instagram Ads;25-34;Android
2817;24/03/2026 19:13;TikTok Ads;25-34;Android
2818;08/01/2026 04:33;TikTok Ads;25-34;iOS
2819;13/02/2026 21:20;Referral;18-24;Android
2820;17/01/2026 18:19;TikTok Ads;45+;iOS
2821;29/03/2026 06:04;Referral;35-44;iOS
2822;11/03/2026 06:16;Organic Search;45+;iOS
2823;13/02/2026 05:11;Instagram Ads;25-34;iOS
2824;09/01/2026 12:34;TikTok Ads;18-24;iOS
2825;20/03/2026 16:37;Instagram Ads;18-24;Android
2826;08/03/2026 05:00;Organic Search;18-24;Android
2827;24/03/2026 02:12;Instagram Ads;45+;iOS
2828;01/02/2026 00:41;TikTok Ads;35-44;Android
2829;06/03/2026 20:10;Organic Search;25-34;iOS
2830;03/02/2026 17:33;Instagram Ads;18-24;iOS
2831;10/03/2026 21:20;Organic Search;18-24;iOS
2832;07/01/2026 07:19;Referral;18-24;Android
2833;23/02/2026 09:35;Referral;25-34;iOS
2834;22/02/2026 15:21;TikTok Ads;18-24;iOS
2835;29/01/2026 04:35;TikTok Ads;45+;iOS
2836;28/03/2026 12:57;Organic Search;18-24;iOS
2837;30/01/2026 02:56;Referral;18-24;iOS
2838;24/03/2026 15:49;Instagram Ads;25-34;Android
2839;16/01/2026 07:00;TikTok Ads;18-24;Android
2840;11/03/2026 02:38;Referral;18-24;Android
2841;10/03/2026 21:24;Instagram Ads;18-24;iOS
2842;09/03/2026 23:37;Instagram Ads;25-34;iOS
2843;03/03/2026 21:56;Instagram Ads;25-34;Android
2844;17/01/2026 21:39;Instagram Ads;35-44;iOS
2845;19/03/2026 01:26;Instagram Ads;25-34;iOS
2846;05/02/2026 02:20;TikTok Ads;18-24;Android
2847;19/02/2026 09:29;Instagram Ads;35-44;iOS
2848;22/01/2026 18:31;Instagram Ads;25-34;Android
2849;12/01/2026 18:47;TikTok Ads;25-34;Android
2850;20/01/2026 12:19;TikTok Ads;18-24;iOS
2851;18/03/2026 21:38;Referral;18-24;Android
2852;14/01/2026 11:36;Instagram Ads;18-24;Android
2853;23/01/2026 23:38;TikTok Ads;25-34;Android
2854;18/03/2026 17:42;Organic Search;18-24;Android
2855;17/02/2026 23:09;Instagram Ads;35-44;iOS
2856;03/01/2026 13:14;Instagram Ads;35-44;Android
2857;05/02/2026 00:56;Instagram Ads;18-24;iOS
2858;23/02/2026 18:57;TikTok Ads;18-24;iOS
2859;25/02/2026 13:30;Organic Search;18-24;Android
2860;05/02/2026 19:37;TikTok Ads;18-24;iOS
2861;15/02/2026 09:08;TikTok Ads;25-34;Android
2862;20/03/2026 00:40;TikTok Ads;18-24;iOS
2863;23/02/2026 13:25;Organic Search;25-34;iOS
2864;13/01/2026 14:23;Instagram Ads;25-34;iOS
2865;01/03/2026 09:56;Instagram Ads;35-44;Android
2866;27/03/2026 20:26;Instagram Ads;25-34;iOS
2867;09/01/2026 08:53;Instagram Ads;25-34;iOS
2868;07/01/2026 09:12;Organic Search;35-44;iOS
2869;31/01/2026 00:41;Instagram Ads;18-24;Android
2870;08/02/2026 15:46;TikTok Ads;25-34;Android
2871;11/03/2026 14:34;Instagram Ads;35-44;Android
2872;11/03/2026 19:05;TikTok Ads;18-24;Android
2873;16/02/2026 11:22;Referral;18-24;iOS
2874;21/02/2026 00:57;TikTok Ads;45+;iOS
2875;09/02/2026 21:13;Instagram Ads;25-34;iOS
2876;16/03/2026 16:16;Instagram Ads;18-24;Android
2877;09/02/2026 18:02;TikTok Ads;25-34;Android
2878;21/03/2026 22:31;TikTok Ads;18-24;iOS
2879;25/02/2026 19:36;TikTok Ads;25-34;Android
2880;08/01/2026 03:51;Instagram Ads;25-34;Android
2881;13/01/2026 04:01;Organic Search;18-24;iOS
2882;31/01/2026 18:43;TikTok Ads;25-34;iOS
2883;04/03/2026 08:45;Instagram Ads;18-24;Android
2884;08/01/2026 04:49;TikTok Ads;18-24;iOS
2885;13/02/2026 16:30;TikTok Ads;25-34;iOS
2886;15/02/2026 05:28;Instagram Ads;25-34;iOS
2887;08/03/2026 00:46;TikTok Ads;35-44;iOS
2888;20/02/2026 05:32;Instagram Ads;18-24;iOS
2889;03/02/2026 10:46;Instagram Ads;25-34;Android
2890;13/01/2026 11:02;TikTok Ads;18-24;Android
2891;27/03/2026 05:47;Referral;18-24;iOS
2892;22/03/2026 11:50;TikTok Ads;18-24;iOS
2893;17/03/2026 18:08;TikTok Ads;25-34;iOS
2894;23/02/2026 12:37;TikTok Ads;18-24;Android
2895;04/03/2026 02:49;TikTok Ads;25-34;iOS
2896;27/02/2026 01:38;Instagram Ads;18-24;iOS
2897;18/01/2026 16:00;TikTok Ads;18-24;iOS
2898;16/03/2026 13:03;Instagram Ads;18-24;iOS
2899;13/01/2026 12:40;Instagram Ads;25-34;Android
2900;12/02/2026 00:04;Instagram Ads;18-24;iOS
2901;18/02/2026 19:45;Referral;25-34;iOS
2902;30/03/2026 10:06;TikTok Ads;18-24;iOS
2903;26/03/2026 07:04;Organic Search;25-34;iOS
2904;06/01/2026 09:07;Organic Search;25-34;iOS
2905;22/03/2026 17:16;Instagram Ads;18-24;Android
2906;13/01/2026 01:18;Organic Search;25-34;Android
2907;20/02/2026 07:15;Organic Search;18-24;iOS
2908;15/01/2026 20:33;Organic Search;18-24;iOS
2909;30/01/2026 12:39;Organic Search;25-34;iOS
2910;16/01/2026 23:40;TikTok Ads;18-24;iOS
2911;16/01/2026 17:24;TikTok Ads;25-34;iOS
2912;01/02/2026 07:51;Instagram Ads;18-24;Android
2913;10/03/2026 20:51;TikTok Ads;18-24;iOS
2914;22/01/2026 21:23;Instagram Ads;25-34;iOS
2915;03/02/2026 14:17;Instagram Ads;18-24;iOS
2916;20/02/2026 09:07;Instagram Ads;18-24;iOS
2917;28/03/2026 21:19;TikTok Ads;18-24;Android
2918;28/01/2026 13:52;TikTok Ads;18-24;iOS
2919;24/03/2026 03:10;Referral;35-44;iOS
2920;08/01/2026 15:45;TikTok Ads;18-24;iOS
2921;25/01/2026 07:57;TikTok Ads;25-34;iOS
2922;20/01/2026 01:24;Organic Search;18-24;Android
2923;03/03/2026 15:47;Organic Search;18-24;iOS
2924;23/02/2026 11:33;TikTok Ads;18-24;iOS
2925;27/01/2026 15:31;Instagram Ads;18-24;Android
2926;13/01/2026 03:40;TikTok Ads;45+;iOS
2927;02/03/2026 16:24;Organic Search;18-24;iOS
2928;30/01/2026 09:37;Organic Search;18-24;Android
2929;01/03/2026 15:43;Instagram Ads;18-24;iOS
2930;21/02/2026 19:05;Organic Search;18-24;Android
2931;10/01/2026 01:42;Organic Search;18-24;iOS
2932;18/02/2026 19:04;Organic Search;18-24;iOS
2933;04/03/2026 05:36;TikTok Ads;25-34;iOS
2934;17/01/2026 08:57;Instagram Ads;25-34;iOS
2935;27/02/2026 11:00;Instagram Ads;45+;Android
2936;26/02/2026 09:00;Organic Search;18-24;Android
2937;15/01/2026 23:17;TikTok Ads;18-24;iOS
2938;17/01/2026 14:55;Instagram Ads;25-34;iOS
2939;05/03/2026 22:57;Instagram Ads;25-34;iOS
2940;02/03/2026 15:08;TikTok Ads;25-34;iOS
2941;11/03/2026 23:11;TikTok Ads;45+;iOS
2942;29/03/2026 13:48;TikTok Ads;35-44;iOS
2943;28/02/2026 18:04;Instagram Ads;18-24;iOS
2944;02/02/2026 18:42;TikTok Ads;18-24;iOS
2945;23/03/2026 19:14;Organic Search;25-34;Android
2946;24/02/2026 17:19;TikTok Ads;25-34;iOS
2947;04/01/2026 23:59;Referral;18-24;iOS
2948;22/03/2026 02:56;Organic Search;18-24;Android
2949;25/03/2026 20:45;TikTok Ads;25-34;Android
2950;03/01/2026 18:06;Instagram Ads;18-24;iOS
2951;08/01/2026 21:15;Referral;18-24;iOS
2952;05/01/2026 09:56;Instagram Ads;18-24;iOS
2953;04/03/2026 06:41;TikTok Ads;18-24;iOS
2954;16/03/2026 20:36;Instagram Ads;25-34;Android
2955;25/02/2026 23:58;Organic Search;25-34;iOS
2956;26/01/2026 16:41;Instagram Ads;18-24;iOS
2957;05/03/2026 05:14;Instagram Ads;18-24;Android
2958;21/01/2026 11:13;TikTok Ads;25-34;iOS
2959;16/03/2026 11:08;Referral;18-24;iOS
2960;25/02/2026 13:10;TikTok Ads;18-24;iOS
2961;10/02/2026 10:43;Instagram Ads;18-24;iOS
2962;02/03/2026 00:17;TikTok Ads;25-34;Android
2963;04/03/2026 00:57;Organic Search;25-34;iOS
2964;03/01/2026 22:34;TikTok Ads;18-24;Android
2965;18/02/2026 08:30;Referral;18-24;iOS
2966;28/03/2026 07:30;TikTok Ads;18-24;iOS
2967;02/03/2026 21:23;TikTok Ads;35-44;iOS
2968;22/02/2026 23:17;Referral;25-34;Android
2969;29/01/2026 02:59;Instagram Ads;25-34;Android
2970;04/03/2026 07:45;Instagram Ads;25-34;Android
2971;30/01/2026 07:55;Organic Search;25-34;Android
2972;16/02/2026 21:20;TikTok Ads;18-24;iOS
2973;24/01/2026 18:36;Instagram Ads;25-34;iOS
2974;20/03/2026 03:03;Instagram Ads;25-34;iOS
2975;20/03/2026 09:15;Instagram Ads;25-34;iOS
2976;08/03/2026 12:08;Instagram Ads;25-34;iOS
2977;09/02/2026 10:15;TikTok Ads;45+;iOS
2978;29/01/2026 21:04;TikTok Ads;18-24;Android
2979;14/02/2026 00:50;Instagram Ads;25-34;iOS
2980;08/01/2026 02:02;Organic Search;18-24;iOS
2981;08/03/2026 20:35;Instagram Ads;18-24;Android
2982;06/01/2026 19:36;Referral;18-24;Android
2983;16/01/2026 08:21;Organic Search;35-44;iOS
2984;12/02/2026 16:21;Instagram Ads;18-24;Android
2985;10/02/2026 08:28;TikTok Ads;25-34;iOS
2986;17/02/2026 00:23;TikTok Ads;25-34;Android
2987;15/02/2026 02:13;Instagram Ads;35-44;iOS
2988;20/01/2026 19:24;Instagram Ads;18-24;iOS
2989;03/02/2026 00:42;Instagram Ads;25-34;iOS
2990;28/02/2026 21:37;Organic Search;25-34;iOS
2991;14/01/2026 22:46;TikTok Ads;25-34;iOS
2992;31/01/2026 08:22;TikTok Ads;18-24;iOS
2993;25/03/2026 15:24;TikTok Ads;25-34;Android
2994;11/03/2026 17:54;TikTok Ads;25-34;Android
2995;01/02/2026 00:03;Instagram Ads;25-34;iOS
2996;13/03/2026 06:48;Instagram Ads;18-24;Android
2997;25/03/2026 13:45;Organic Search;25-34;iOS
2998;03/02/2026 12:46;TikTok Ads;18-24;iOS
2999;08/02/2026 17:04;TikTok Ads;25-34;iOS
3000;13/01/2026 16:42;Referral;18-24;Android
3001;15/03/2026 20:28;Referral;25-34;Android
3002;05/02/2026 23:25;Instagram Ads;25-34;iOS
3003;19/02/2026 23:59;TikTok Ads;25-34;iOS
3004;24/02/2026 12:44;Instagram Ads;18-24;iOS
3005;11/01/2026 07:25;TikTok Ads;18-24;iOS
3006;31/01/2026 23:35;TikTok Ads;18-24;Android
3007;24/01/2026 11:17;TikTok Ads;25-34;iOS
3008;15/02/2026 06:57;Organic Search;18-24;iOS
3009;12/01/2026 21:29;Instagram Ads;18-24;iOS
3010;26/01/2026 23:15;TikTok Ads;45+;iOS
3011;13/02/2026 15:38;TikTok Ads;25-34;iOS
3012;25/01/2026 01:41;Organic Search;18-24;Android
3013;14/01/2026 16:16;TikTok Ads;25-34;Android
3014;10/01/2026 09:35;TikTok Ads;18-24;iOS
3015;05/01/2026 21:55;Referral;18-24;iOS
3016;29/01/2026 04:14;TikTok Ads;18-24;iOS
3017;07/02/2026 07:08;Referral;25-34;Android
3018;25/03/2026 21:38;Instagram Ads;18-24;iOS
3019;01/03/2026 17:56;Instagram Ads;45+;Android
3020;10/02/2026 14:19;TikTok Ads;18-24;iOS
3021;25/01/2026 02:30;Referral;35-44;Android
3022;26/03/2026 00:18;TikTok Ads;25-34;iOS
3023;29/03/2026 14:32;TikTok Ads;25-34;iOS
3024;16/01/2026 12:07;TikTok Ads;35-44;Android
3025;20/03/2026 23:32;Instagram Ads;25-34;iOS
3026;01/02/2026 18:58;Organic Search;25-34;Android
3027;26/02/2026 02:06;Organic Search;18-24;iOS
3028;12/03/2026 00:21;Instagram Ads;18-24;Android
3029;31/01/2026 08:40;TikTok Ads;18-24;iOS
3030;19/01/2026 10:20;Referral;18-24;Android
3031;16/03/2026 02:12;Instagram Ads;18-24;iOS
3032;16/01/2026 11:17;Organic Search;25-34;Android
3033;18/02/2026 09:02;TikTok Ads;18-24;Android
3034;19/02/2026 23:23;TikTok Ads;25-34;Android
3035;15/02/2026 07:45;TikTok Ads;25-34;iOS
3036;18/02/2026 10:11;TikTok Ads;18-24;Android
3037;27/03/2026 08:23;TikTok Ads;25-34;Android
3038;30/01/2026 22:57;Instagram Ads;25-34;iOS
3039;18/02/2026 06:57;TikTok Ads;18-24;Android
3040;03/01/2026 06:00;Referral;35-44;Android
3041;09/01/2026 17:49;Organic Search;18-24;Android
3042;08/02/2026 04:19;Organic Search;18-24;Android
3043;19/02/2026 01:46;Instagram Ads;25-34;Android
3044;14/02/2026 09:25;Referral;18-24;Android
3045;24/01/2026 08:56;Instagram Ads;18-24;Android
3046;21/01/2026 21:19;Instagram Ads;25-34;iOS
3047;26/02/2026 15:17;Instagram Ads;25-34;iOS
3048;04/02/2026 06:18;TikTok Ads;45+;iOS
3049;05/01/2026 17:22;Organic Search;18-24;iOS
3050;05/01/2026 21:46;Instagram Ads;18-24;iOS
3051;28/01/2026 07:36;Instagram Ads;18-24;iOS
3052;18/02/2026 01:11;Instagram Ads;18-24;iOS
3053;28/02/2026 00:19;Referral;25-34;Android
3054;27/03/2026 15:59;Instagram Ads;35-44;Android
3055;23/03/2026 19:58;Organic Search;18-24;Android
3056;05/03/2026 12:32;Organic Search;35-44;iOS
3057;07/03/2026 07:05;TikTok Ads;18-24;iOS
3058;15/02/2026 16:32;Organic Search;18-24;iOS
3059;28/01/2026 17:50;TikTok Ads;18-24;iOS
3060;22/02/2026 02:34;Organic Search;25-34;iOS
3061;01/01/2026 19:03;Instagram Ads;18-24;iOS
3062;24/03/2026 06:03;Instagram Ads;25-34;Android
3063;11/01/2026 10:29;Organic Search;18-24;Android
3064;11/02/2026 20:08;Organic Search;35-44;iOS
3065;14/01/2026 00:05;Referral;25-34;Android
3066;27/03/2026 16:16;TikTok Ads;25-34;Android
3067;26/01/2026 16:15;Instagram Ads;25-34;Android
3068;12/03/2026 15:12;Instagram Ads;25-34;iOS
3069;05/02/2026 12:19;Referral;18-24;iOS
3070;16/03/2026 03:54;Instagram Ads;25-34;iOS
3071;09/02/2026 03:39;Referral;35-44;iOS
3072;05/02/2026 12:41;Instagram Ads;18-24;iOS
3073;05/01/2026 09:25;Instagram Ads;35-44;Android
3074;08/02/2026 21:25;TikTok Ads;18-24;iOS
3075;05/01/2026 23:12;Instagram Ads;18-24;Android
3076;25/02/2026 08:51;Referral;18-24;Android
3077;24/02/2026 13:07;TikTok Ads;25-34;iOS
3078;19/01/2026 21:34;TikTok Ads;35-44;iOS
3079;05/02/2026 04:44;Organic Search;18-24;iOS
3080;23/02/2026 17:06;TikTok Ads;18-24;Android
3081;29/01/2026 00:29;TikTok Ads;25-34;Android
3082;08/01/2026 03:20;Organic Search;18-24;Android
3083;07/02/2026 12:15;Instagram Ads;18-24;iOS
3084;18/02/2026 23:00;TikTok Ads;18-24;Android
3085;13/02/2026 17:24;TikTok Ads;18-24;Android
3086;16/03/2026 05:11;TikTok Ads;18-24;iOS
3087;23/02/2026 09:15;Organic Search;18-24;iOS
3088;28/01/2026 03:47;Instagram Ads;25-34;Android
3089;22/03/2026 03:06;Organic Search;18-24;iOS
3090;02/03/2026 12:15;TikTok Ads;18-24;iOS
3091;08/03/2026 01:26;TikTok Ads;25-34;Android
3092;01/03/2026 07:50;TikTok Ads;25-34;iOS
3093;12/01/2026 12:50;TikTok Ads;25-34;iOS
3094;13/01/2026 11:48;TikTok Ads;18-24;Android
3095;10/01/2026 09:17;Organic Search;18-24;Android
3096;08/02/2026 05:51;Organic Search;25-34;Android
3097;06/02/2026 05:36;Instagram Ads;18-24;iOS
3098;19/03/2026 04:14;Instagram Ads;25-34;iOS
3099;02/02/2026 22:07;Referral;35-44;Android
3100;24/02/2026 03:50;Organic Search;35-44;iOS
3101;05/02/2026 11:55;TikTok Ads;18-24;Android
3102;15/03/2026 07:11;Instagram Ads;25-34;iOS
3103;15/01/2026 00:10;TikTok Ads;25-34;iOS
3104;20/01/2026 07:50;TikTok Ads;18-24;iOS
3105;28/02/2026 11:50;Organic Search;18-24;iOS
3106;19/02/2026 10:20;TikTok Ads;25-34;iOS
3107;08/02/2026 23:17;Instagram Ads;25-34;iOS
3108;18/02/2026 13:15;Organic Search;25-34;iOS
3109;04/01/2026 21:48;TikTok Ads;35-44;Android
3110;05/01/2026 09:33;TikTok Ads;18-24;Android
3111;04/01/2026 18:40;Instagram Ads;25-34;iOS
3112;14/01/2026 07:19;Organic Search;18-24;iOS
3113;11/03/2026 06:47;Instagram Ads;45+;iOS
3114;02/02/2026 08:02;Instagram Ads;25-34;iOS
3115;20/03/2026 01:22;Organic Search;25-34;iOS
3116;15/02/2026 23:54;Referral;25-34;Android
3117;20/02/2026 10:07;Instagram Ads;35-44;iOS
3118;14/02/2026 08:51;TikTok Ads;35-44;iOS
3119;15/01/2026 11:03;TikTok Ads;25-34;Android
3120;28/02/2026 20:41;TikTok Ads;35-44;Android
3121;28/03/2026 17:08;Instagram Ads;25-34;iOS
3122;20/02/2026 01:12;TikTok Ads;18-24;iOS
3123;14/01/2026 13:42;Instagram Ads;25-34;Android
3124;01/02/2026 20:12;Instagram Ads;25-34;iOS
3125;01/03/2026 12:33;TikTok Ads;35-44;iOS
3126;31/01/2026 22:13;TikTok Ads;25-34;iOS
3127;16/01/2026 18:39;Organic Search;18-24;iOS
3128;08/02/2026 03:39;TikTok Ads;25-34;iOS
3129;01/03/2026 20:33;Instagram Ads;35-44;Android
3130;13/03/2026 18:44;TikTok Ads;18-24;iOS
3131;23/03/2026 19:24;Referral;45+;iOS
3132;30/01/2026 01:15;Organic Search;18-24;iOS
3133;27/02/2026 15:28;TikTok Ads;18-24;iOS
3134;02/02/2026 15:48;TikTok Ads;25-34;iOS
3135;19/02/2026 06:07;Instagram Ads;18-24;iOS
3136;22/03/2026 10:03;Instagram Ads;18-24;iOS
3137;19/02/2026 11:43;TikTok Ads;25-34;iOS
3138;21/02/2026 16:26;Instagram Ads;25-34;iOS
3139;17/02/2026 13:25;Instagram Ads;18-24;iOS
3140;10/03/2026 19:29;TikTok Ads;25-34;iOS
3141;24/02/2026 15:42;Referral;25-34;iOS
3142;30/01/2026 02:33;Instagram Ads;35-44;Android
3143;16/02/2026 02:34;TikTok Ads;25-34;iOS
3144;21/03/2026 04:49;Organic Search;25-34;iOS
3145;02/01/2026 14:46;Organic Search;18-24;iOS
3146;05/02/2026 18:20;TikTok Ads;25-34;iOS
3147;02/02/2026 03:50;TikTok Ads;25-34;iOS
3148;07/03/2026 10:04;TikTok Ads;18-24;iOS
3149;11/01/2026 15:23;Instagram Ads;18-24;Android
3150;10/02/2026 10:36;Organic Search;18-24;iOS
3151;26/02/2026 16:07;Instagram Ads;25-34;iOS
3152;30/01/2026 20:56;TikTok Ads;35-44;iOS
3153;19/03/2026 08:34;TikTok Ads;35-44;Android
3154;29/03/2026 06:16;TikTok Ads;25-34;iOS
3155;12/03/2026 10:07;Organic Search;18-24;Android
3156;26/03/2026 16:08;Referral;35-44;Android
3157;08/03/2026 19:15;Instagram Ads;18-24;iOS
3158;03/03/2026 02:16;Instagram Ads;35-44;iOS
3159;03/01/2026 14:05;Referral;25-34;Android
3160;27/02/2026 22:54;Organic Search;18-24;iOS
3161;16/02/2026 01:52;TikTok Ads;18-24;Android
3162;26/01/2026 18:43;Organic Search;35-44;Android
3163;05/03/2026 15:38;TikTok Ads;18-24;iOS
3164;18/03/2026 00:17;TikTok Ads;25-34;iOS
3165;17/03/2026 08:35;TikTok Ads;18-24;Android
3166;26/02/2026 03:56;Instagram Ads;18-24;iOS
3167;26/02/2026 01:59;Referral;18-24;iOS
3168;23/01/2026 02:12;Organic Search;25-34;Android
3169;12/03/2026 00:59;TikTok Ads;18-24;iOS
3170;05/01/2026 23:39;Instagram Ads;18-24;iOS
3171;26/02/2026 15:42;Instagram Ads;25-34;iOS
3172;16/02/2026 15:31;Instagram Ads;25-34;iOS
3173;17/01/2026 13:19;Instagram Ads;25-34;iOS
3174;20/02/2026 21:32;TikTok Ads;18-24;Android
3175;03/03/2026 01:44;Referral;25-34;iOS
3176;12/03/2026 00:28;Instagram Ads;35-44;iOS
3177;02/03/2026 04:05;Referral;35-44;iOS
3178;17/03/2026 04:57;Referral;18-24;Android
3179;23/03/2026 16:03;Instagram Ads;18-24;Android
3180;06/02/2026 21:54;Organic Search;18-24;iOS
3181;15/01/2026 08:20;TikTok Ads;18-24;iOS
3182;21/03/2026 18:36;Instagram Ads;18-24;iOS
3183;08/03/2026 02:12;TikTok Ads;18-24;iOS
3184;24/01/2026 12:21;Referral;18-24;Android
3185;04/01/2026 01:33;Organic Search;25-34;Android
3186;25/02/2026 14:11;Organic Search;18-24;iOS
3187;10/03/2026 00:19;Instagram Ads;25-34;Android
3188;11/01/2026 16:04;TikTok Ads;25-34;iOS
3189;19/01/2026 12:33;TikTok Ads;18-24;Android
3190;02/01/2026 20:07;Organic Search;18-24;Android
3191;12/02/2026 19:41;Instagram Ads;18-24;iOS
3192;31/01/2026 10:57;TikTok Ads;18-24;iOS
3193;10/02/2026 15:49;Organic Search;25-34;iOS
3194;15/01/2026 16:51;TikTok Ads;18-24;iOS
3195;10/02/2026 02:16;TikTok Ads;18-24;Android
3196;09/03/2026 00:58;Organic Search;18-24;iOS
3197;20/01/2026 19:06;TikTok Ads;25-34;iOS
3198;09/02/2026 20:14;TikTok Ads;25-34;iOS
3199;18/02/2026 17:19;TikTok Ads;18-24;iOS
3200;17/03/2026 05:48;TikTok Ads;18-24;iOS
3201;01/03/2026 08:50;TikTok Ads;25-34;iOS
3202;15/02/2026 18:55;TikTok Ads;25-34;Android
3203;26/03/2026 17:48;Organic Search;18-24;iOS
3204;24/03/2026 08:51;Organic Search;25-34;iOS
3205;13/03/2026 10:37;Referral;18-24;Android
3206;12/03/2026 14:58;Organic Search;25-34;Android
3207;07/01/2026 01:07;Organic Search;18-24;iOS
3208;10/03/2026 12:34;TikTok Ads;18-24;Android
3209;14/01/2026 09:45;TikTok Ads;18-24;iOS
3210;20/02/2026 08:37;Organic Search;18-24;iOS
3211;21/01/2026 03:08;TikTok Ads;25-34;iOS
3212;24/02/2026 10:57;Instagram Ads;18-24;iOS
3213;01/02/2026 13:25;Referral;18-24;iOS
3214;06/03/2026 07:06;TikTok Ads;18-24;iOS
3215;16/02/2026 10:41;TikTok Ads;18-24;iOS
3216;21/02/2026 00:27;Instagram Ads;25-34;iOS
3217;06/02/2026 14:03;Instagram Ads;18-24;iOS
3218;31/01/2026 11:05;TikTok Ads;18-24;iOS
3219;17/01/2026 19:32;Instagram Ads;25-34;Android
3220;14/02/2026 15:05;TikTok Ads;25-34;Android
3221;30/03/2026 13:24;Instagram Ads;18-24;iOS
3222;21/02/2026 18:16;TikTok Ads;18-24;Android
3223;03/02/2026 05:40;TikTok Ads;18-24;Android
3224;23/02/2026 00:54;Organic Search;18-24;Android
3225;04/02/2026 09:32;TikTok Ads;18-24;iOS
3226;07/03/2026 14:53;Instagram Ads;35-44;iOS
3227;16/03/2026 22:51;Instagram Ads;18-24;iOS
3228;26/03/2026 05:46;TikTok Ads;18-24;Android
3229;11/03/2026 23:52;Instagram Ads;18-24;iOS
3230;08/03/2026 02:15;TikTok Ads;18-24;Android
3231;04/03/2026 11:01;Referral;18-24;iOS
3232;20/03/2026 00:38;Organic Search;18-24;iOS
3233;09/03/2026 07:32;TikTok Ads;25-34;iOS
3234;26/01/2026 16:00;Organic Search;25-34;iOS
3235;01/03/2026 05:34;Organic Search;25-34;iOS
3236;17/02/2026 00:13;TikTok Ads;18-24;iOS
3237;19/01/2026 16:00;TikTok Ads;25-34;iOS
3238;24/01/2026 22:25;Organic Search;18-24;iOS
3239;28/01/2026 02:07;Instagram Ads;18-24;iOS
3240;24/02/2026 04:26;TikTok Ads;18-24;Android
3241;29/01/2026 23:33;Organic Search;18-24;Android
3242;22/01/2026 19:58;Organic Search;18-24;Android
3243;29/01/2026 21:29;Organic Search;18-24;iOS
3244;16/03/2026 20:57;TikTok Ads;18-24;Android
3245;29/01/2026 01:25;Instagram Ads;25-34;Android
3246;10/03/2026 10:32;Instagram Ads;25-34;iOS
3247;21/01/2026 02:59;TikTok Ads;25-34;iOS
3248;09/03/2026 00:22;TikTok Ads;35-44;Android
3249;10/03/2026 10:44;TikTok Ads;25-34;Android
3250;17/02/2026 11:27;TikTok Ads;18-24;Android
3251;31/01/2026 18:45;TikTok Ads;18-24;iOS
3252;16/02/2026 14:01;Organic Search;18-24;iOS
3253;03/02/2026 20:46;TikTok Ads;45+;iOS
3254;24/02/2026 10:01;Instagram Ads;35-44;iOS
3255;19/03/2026 05:25;Referral;35-44;Android
3256;12/03/2026 01:35;TikTok Ads;25-34;Android
3257;27/01/2026 13:12;Referral;18-24;Android
3258;28/01/2026 22:35;TikTok Ads;18-24;iOS
3259;12/01/2026 19:59;Organic Search;18-24;iOS
3260;25/02/2026 16:17;Referral;18-24;Android
3261;07/03/2026 16:38;TikTok Ads;18-24;Android
3262;22/02/2026 17:43;Referral;25-34;Android
3263;06/02/2026 20:45;TikTok Ads;18-24;iOS
3264;28/03/2026 23:16;TikTok Ads;18-24;iOS
3265;08/02/2026 07:19;TikTok Ads;18-24;iOS
3266;21/03/2026 10:57;Instagram Ads;35-44;Android
3267;03/02/2026 12:13;Instagram Ads;35-44;Android
3268;17/03/2026 01:22;TikTok Ads;18-24;Android
3269;20/03/2026 02:53;Instagram Ads;25-34;Android
3270;15/01/2026 05:18;Instagram Ads;45+;iOS
3271;29/01/2026 04:48;TikTok Ads;25-34;iOS
3272;05/01/2026 02:01;Organic Search;45+;Android
3273;28/01/2026 22:13;Instagram Ads;18-24;iOS
3274;11/03/2026 08:04;TikTok Ads;25-34;Android
3275;08/01/2026 16:09;Instagram Ads;18-24;iOS
3276;03/02/2026 15:05;Organic Search;18-24;iOS
3277;12/02/2026 22:48;Organic Search;25-34;iOS
3278;05/03/2026 16:31;Organic Search;18-24;Android
3279;25/01/2026 21:33;TikTok Ads;18-24;Android
3280;14/03/2026 13:25;TikTok Ads;25-34;Android
3281;16/02/2026 12:20;Organic Search;45+;iOS
3282;21/01/2026 18:37;Organic Search;18-24;iOS
3283;20/01/2026 14:51;Organic Search;18-24;iOS
3284;22/03/2026 09:16;Instagram Ads;25-34;Android
3285;22/02/2026 06:58;TikTok Ads;25-34;Android
3286;27/01/2026 07:47;Instagram Ads;18-24;iOS
3287;24/02/2026 13:35;TikTok Ads;18-24;Android
3288;09/03/2026 14:11;Instagram Ads;35-44;Android
3289;27/01/2026 08:55;Instagram Ads;18-24;iOS
3290;14/01/2026 07:52;TikTok Ads;35-44;iOS
3291;11/01/2026 14:30;TikTok Ads;25-34;iOS
3292;01/03/2026 18:37;TikTok Ads;25-34;iOS
3293;13/03/2026 22:24;TikTok Ads;18-24;Android
3294;26/02/2026 23:24;Instagram Ads;18-24;iOS
3295;24/01/2026 05:34;TikTok Ads;35-44;iOS
3296;24/01/2026 12:58;Instagram Ads;35-44;Android
3297;05/01/2026 22:17;TikTok Ads;18-24;Android
3298;07/03/2026 00:49;TikTok Ads;25-34;Android
3299;29/03/2026 21:13;Organic Search;18-24;Android
3300;21/02/2026 13:24;Instagram Ads;25-34;iOS
3301;22/01/2026 21:51;TikTok Ads;18-24;iOS
3302;03/03/2026 22:31;Instagram Ads;35-44;iOS
3303;23/01/2026 14:32;Organic Search;18-24;iOS
3304;06/01/2026 02:18;TikTok Ads;18-24;Android
3305;10/01/2026 17:28;TikTok Ads;25-34;iOS
3306;10/02/2026 03:03;Referral;18-24;iOS
3307;02/02/2026 01:38;TikTok Ads;18-24;iOS
3308;11/03/2026 15:33;Organic Search;25-34;Android
3309;15/02/2026 20:46;Instagram Ads;18-24;iOS
3310;10/01/2026 18:17;Referral;25-34;Android
3311;08/03/2026 03:17;Organic Search;18-24;iOS
3312;16/03/2026 20:00;TikTok Ads;18-24;iOS
3313;14/01/2026 08:19;Instagram Ads;25-34;Android
3314;01/01/2026 12:04;Organic Search;35-44;iOS
3315;23/02/2026 10:24;TikTok Ads;25-34;iOS
3316;16/01/2026 08:01;TikTok Ads;18-24;iOS
3317;09/02/2026 12:09;Instagram Ads;18-24;iOS
3318;05/03/2026 09:21;Instagram Ads;18-24;iOS
3319;27/03/2026 12:03;TikTok Ads;18-24;Android
3320;27/03/2026 06:49;Organic Search;25-34;iOS
3321;16/02/2026 04:27;Instagram Ads;25-34;iOS
3322;16/02/2026 08:32;Instagram Ads;18-24;iOS
3323;05/03/2026 03:51;Organic Search;18-24;Android
3324;20/01/2026 08:45;TikTok Ads;18-24;Android
3325;15/03/2026 09:24;Referral;18-24;iOS
3326;28/01/2026 21:19;TikTok Ads;18-24;Android
3327;01/02/2026 04:22;Referral;25-34;iOS
3328;28/01/2026 17:03;Instagram Ads;18-24;Android
3329;04/03/2026 17:03;Organic Search;25-34;iOS
3330;06/01/2026 17:51;TikTok Ads;18-24;Android
3331;30/03/2026 03:38;Instagram Ads;18-24;iOS
3332;16/03/2026 15:15;Organic Search;18-24;Android
3333;09/01/2026 16:27;Organic Search;35-44;iOS
3334;05/03/2026 07:57;TikTok Ads;18-24;iOS
3335;25/02/2026 17:49;TikTok Ads;25-34;iOS
3336;23/01/2026 13:06;Organic Search;18-24;Android
3337;21/02/2026 22:59;Organic Search;25-34;Android
3338;13/03/2026 17:15;Organic Search;35-44;iOS
3339;12/03/2026 04:59;Instagram Ads;18-24;iOS
3340;24/03/2026 13:25;TikTok Ads;18-24;iOS
3341;04/01/2026 14:54;TikTok Ads;18-24;Android
3342;30/03/2026 15:58;TikTok Ads;25-34;iOS
3343;17/01/2026 23:55;Referral;35-44;Android
3344;10/02/2026 13:44;Instagram Ads;18-24;Android
3345;27/03/2026 15:46;Organic Search;35-44;Android
3346;23/03/2026 07:45;TikTok Ads;35-44;iOS
3347;18/01/2026 01:37;Instagram Ads;18-24;Android
3348;04/01/2026 12:40;TikTok Ads;18-24;iOS
3349;23/03/2026 04:29;Organic Search;25-34;iOS
3350;08/02/2026 13:03;TikTok Ads;25-34;Android
3351;18/03/2026 12:04;Organic Search;18-24;Android
3352;18/02/2026 02:19;Instagram Ads;25-34;iOS
3353;19/01/2026 02:08;Instagram Ads;25-34;iOS
3354;14/03/2026 17:18;TikTok Ads;18-24;iOS
3355;26/03/2026 16:35;Instagram Ads;18-24;iOS
3356;29/01/2026 02:30;Instagram Ads;25-34;Android
3357;27/03/2026 02:57;Instagram Ads;35-44;Android
3358;04/01/2026 15:18;Organic Search;25-34;iOS
3359;01/01/2026 21:35;Referral;18-24;iOS
3360;29/01/2026 23:18;Instagram Ads;18-24;Android
3361;25/02/2026 03:26;Instagram Ads;25-34;Android
3362;28/02/2026 12:35;Instagram Ads;18-24;Android
3363;11/01/2026 10:01;Organic Search;18-24;Android
3364;02/02/2026 12:42;TikTok Ads;18-24;iOS
3365;28/01/2026 15:04;TikTok Ads;25-34;Android
3366;14/02/2026 02:42;TikTok Ads;25-34;Android
3367;04/03/2026 06:21;TikTok Ads;18-24;Android
3368;22/02/2026 17:58;Instagram Ads;45+;iOS
3369;20/02/2026 21:45;Organic Search;18-24;iOS
3370;17/02/2026 22:53;Instagram Ads;18-24;iOS
3371;28/03/2026 08:07;TikTok Ads;18-24;Android
3372;14/01/2026 00:42;Instagram Ads;18-24;iOS
3373;24/03/2026 15:06;TikTok Ads;25-34;iOS
3374;18/02/2026 22:54;Organic Search;18-24;iOS
3375;15/02/2026 10:34;Organic Search;25-34;iOS
3376;27/01/2026 11:45;Organic Search;18-24;Android
3377;19/01/2026 17:16;Instagram Ads;25-34;Android
3378;20/03/2026 12:40;TikTok Ads;25-34;iOS
3379;11/01/2026 22:29;TikTok Ads;18-24;iOS
3380;02/02/2026 02:32;Instagram Ads;25-34;iOS
3381;16/01/2026 18:38;TikTok Ads;18-24;Android
3382;12/03/2026 23:37;TikTok Ads;25-34;Android
3383;14/02/2026 13:20;Organic Search;25-34;Android
3384;04/03/2026 22:36;TikTok Ads;35-44;iOS
3385;25/01/2026 23:28;TikTok Ads;18-24;Android
3386;11/03/2026 18:27;Instagram Ads;18-24;iOS
3387;19/01/2026 01:52;Referral;25-34;iOS
3388;02/01/2026 08:49;Instagram Ads;18-24;iOS
3389;13/03/2026 12:26;Referral;18-24;iOS
3390;02/02/2026 17:31;TikTok Ads;18-24;iOS
3391;18/03/2026 18:37;Instagram Ads;18-24;iOS
3392;29/01/2026 15:27;TikTok Ads;18-24;iOS
3393;25/02/2026 03:01;Organic Search;18-24;Android
3394;07/03/2026 11:28;Organic Search;25-34;iOS
3395;15/03/2026 12:35;TikTok Ads;18-24;Android
3396;19/01/2026 18:05;Instagram Ads;25-34;Android
3397;18/01/2026 00:55;TikTok Ads;18-24;Android
3398;01/03/2026 07:37;TikTok Ads;18-24;Android
3399;25/03/2026 02:57;TikTok Ads;35-44;Android
3400;04/03/2026 00:20;Organic Search;18-24;iOS
3401;29/03/2026 02:15;Instagram Ads;18-24;iOS
3402;09/02/2026 08:51;TikTok Ads;18-24;iOS
3403;22/03/2026 07:01;Organic Search;18-24;iOS
3404;11/02/2026 12:37;Instagram Ads;45+;iOS
3405;20/02/2026 00:41;TikTok Ads;25-34;Android
3406;01/02/2026 20:07;Organic Search;25-34;iOS
3407;09/01/2026 10:06;Instagram Ads;18-24;Android
3408;08/02/2026 22:00;Organic Search;45+;iOS
3409;06/03/2026 23:28;TikTok Ads;25-34;Android
3410;10/01/2026 06:15;Organic Search;18-24;iOS
3411;18/01/2026 22:34;Instagram Ads;18-24;Android
3412;14/01/2026 15:38;Instagram Ads;25-34;iOS
3413;16/02/2026 08:32;Organic Search;18-24;Android
3414;01/02/2026 10:02;TikTok Ads;25-34;iOS
3415;25/01/2026 01:59;Instagram Ads;18-24;iOS
3416;01/01/2026 15:54;Referral;18-24;Android
3417;26/01/2026 07:40;Referral;18-24;Android
3418;07/02/2026 05:47;TikTok Ads;18-24;iOS
3419;23/01/2026 20:48;Referral;18-24;iOS
3420;13/02/2026 08:58;Instagram Ads;35-44;iOS
3421;15/03/2026 04:22;Instagram Ads;25-34;Android
3422;26/01/2026 22:08;Referral;25-34;iOS
3423;02/02/2026 00:04;Instagram Ads;18-24;iOS
3424;30/01/2026 07:35;Instagram Ads;18-24;iOS
3425;26/02/2026 13:13;Referral;18-24;Android
3426;12/03/2026 04:26;Instagram Ads;25-34;Android
3427;25/02/2026 14:54;TikTok Ads;18-24;iOS
3428;02/01/2026 02:38;TikTok Ads;35-44;Android
3429;26/01/2026 09:27;TikTok Ads;18-24;iOS
3430;05/03/2026 11:11;TikTok Ads;25-34;iOS
3431;04/02/2026 21:49;Instagram Ads;18-24;iOS
3432;09/03/2026 06:16;Instagram Ads;18-24;Android
3433;23/01/2026 22:37;Organic Search;18-24;iOS
3434;07/01/2026 00:45;Organic Search;35-44;Android
3435;06/03/2026 20:03;TikTok Ads;45+;iOS
3436;12/01/2026 11:29;Organic Search;35-44;iOS
3437;15/02/2026 04:26;Referral;18-24;Android
3438;30/01/2026 18:54;TikTok Ads;45+;iOS
3439;16/01/2026 12:10;Organic Search;25-34;iOS
3440;09/02/2026 08:41;TikTok Ads;25-34;iOS
3441;08/03/2026 14:40;Instagram Ads;18-24;Android
3442;18/02/2026 18:57;TikTok Ads;18-24;iOS
3443;28/03/2026 21:46;Instagram Ads;18-24;iOS
3444;28/03/2026 04:43;Organic Search;25-34;iOS
3445;10/03/2026 07:24;TikTok Ads;25-34;iOS
3446;16/03/2026 17:51;Organic Search;18-24;iOS
3447;31/01/2026 04:37;TikTok Ads;35-44;iOS
3448;09/03/2026 00:29;Instagram Ads;18-24;Android
3449;12/01/2026 09:35;Referral;18-24;iOS
3450;04/03/2026 00:18;Referral;25-34;iOS
3451;30/03/2026 22:44;Instagram Ads;25-34;iOS
3452;29/01/2026 15:29;Organic Search;18-24;iOS
3453;05/02/2026 16:26;Organic Search;18-24;iOS
3454;01/03/2026 16:10;Instagram Ads;35-44;Android
3455;22/01/2026 10:36;Referral;35-44;iOS
3456;22/01/2026 06:36;TikTok Ads;25-34;iOS
3457;13/01/2026 23:14;Instagram Ads;25-34;iOS
3458;16/02/2026 10:14;Referral;25-34;iOS
3459;15/01/2026 20:56;Referral;18-24;iOS
3460;14/02/2026 04:10;Instagram Ads;25-34;Android
3461;14/03/2026 14:20;Organic Search;25-34;iOS
3462;28/02/2026 19:28;Organic Search;35-44;iOS
3463;06/02/2026 06:36;TikTok Ads;45+;Android
3464;10/02/2026 08:59;Organic Search;35-44;iOS
3465;10/03/2026 03:38;Instagram Ads;25-34;iOS
3466;23/02/2026 07:48;Organic Search;25-34;Android
3467;30/03/2026 14:58;Instagram Ads;18-24;iOS
3468;15/02/2026 17:06;TikTok Ads;18-24;iOS
3469;15/03/2026 12:45;Referral;18-24;iOS
3470;22/02/2026 04:30;Instagram Ads;25-34;iOS
3471;19/03/2026 20:47;Organic Search;25-34;iOS
3472;06/03/2026 11:27;TikTok Ads;35-44;Android
3473;22/03/2026 03:47;Instagram Ads;18-24;iOS
3474;22/01/2026 04:56;Instagram Ads;18-24;iOS
3475;15/03/2026 23:15;Instagram Ads;18-24;Android
3476;25/01/2026 00:38;Organic Search;18-24;Android
3477;08/03/2026 01:18;TikTok Ads;25-34;iOS
3478;15/03/2026 06:40;TikTok Ads;25-34;iOS
3479;27/02/2026 20:20;Referral;18-24;iOS
3480;26/03/2026 18:33;Instagram Ads;18-24;iOS
3481;18/03/2026 10:42;Instagram Ads;25-34;Android
3482;08/01/2026 22:46;Referral;18-24;Android
3483;21/02/2026 00:31;TikTok Ads;25-34;iOS
3484;13/02/2026 08:59;Referral;25-34;Android
3485;21/02/2026 06:43;Organic Search;35-44;Android
3486;10/03/2026 07:53;Instagram Ads;18-24;iOS
3487;05/02/2026 03:01;TikTok Ads;25-34;iOS
3488;08/01/2026 13:59;Instagram Ads;45+;Android
3489;24/02/2026 18:36;TikTok Ads;18-24;iOS
3490;11/01/2026 21:27;TikTok Ads;25-34;iOS
3491;06/01/2026 23:54;Instagram Ads;35-44;Android
3492;22/03/2026 11:11;TikTok Ads;25-34;iOS
3493;23/02/2026 04:06;TikTok Ads;18-24;iOS
3494;29/03/2026 15:52;TikTok Ads;18-24;Android
3495;19/02/2026 01:52;Organic Search;18-24;iOS
3496;20/01/2026 15:03;Organic Search;18-24;Android
3497;25/02/2026 14:29;Instagram Ads;18-24;iOS
3498;22/02/2026 02:30;TikTok Ads;18-24;iOS
3499;15/01/2026 13:10;Instagram Ads;18-24;iOS
3500;16/01/2026 23:23;Instagram Ads;18-24;iOS
3501;01/02/2026 20:34;TikTok Ads;18-24;Android
3502;24/03/2026 23:05;TikTok Ads;25-34;iOS
3503;20/02/2026 12:29;Instagram Ads;25-34;Android
3504;12/02/2026 21:33;TikTok Ads;18-24;iOS
3505;12/01/2026 06:51;TikTok Ads;18-24;Android
3506;08/03/2026 01:12;Instagram Ads;25-34;iOS
3507;20/01/2026 22:37;Organic Search;25-34;iOS
3508;11/03/2026 14:32;Instagram Ads;35-44;iOS
3509;26/02/2026 14:49;Instagram Ads;25-34;iOS
3510;17/02/2026 11:03;TikTok Ads;35-44;iOS
3511;09/01/2026 19:54;Organic Search;25-34;Android
3512;29/03/2026 06:33;TikTok Ads;25-34;iOS
3513;19/02/2026 13:15;TikTok Ads;18-24;iOS
3514;13/02/2026 06:02;Instagram Ads;18-24;Android
3515;20/03/2026 12:23;Organic Search;25-34;Android
3516;06/01/2026 09:38;Instagram Ads;45+;Android
3517;14/02/2026 00:34;TikTok Ads;18-24;iOS
3518;13/01/2026 19:27;Instagram Ads;25-34;iOS
3519;19/02/2026 19:57;Organic Search;25-34;iOS
3520;10/02/2026 08:00;Organic Search;18-24;Android
3521;14/02/2026 08:25;TikTok Ads;45+;iOS
3522;24/02/2026 18:00;TikTok Ads;18-24;Android
3523;06/01/2026 14:32;Organic Search;18-24;Android
3524;24/02/2026 06:05;Instagram Ads;25-34;Android
3525;14/02/2026 21:25;TikTok Ads;18-24;Android
3526;07/03/2026 07:39;Referral;45+;Android
3527;20/03/2026 08:14;TikTok Ads;25-34;iOS
3528;30/01/2026 22:05;Referral;18-24;iOS
3529;12/03/2026 05:21;Instagram Ads;18-24;iOS
3530;03/01/2026 02:43;Organic Search;25-34;iOS
3531;08/02/2026 10:37;Organic Search;25-34;iOS
3532;25/01/2026 16:55;TikTok Ads;35-44;Android
3533;21/03/2026 06:28;Instagram Ads;25-34;iOS
3534;01/01/2026 07:01;Instagram Ads;18-24;iOS
3535;14/03/2026 09:51;Instagram Ads;35-44;iOS
3536;22/01/2026 03:44;TikTok Ads;25-34;Android
3537;26/02/2026 03:33;Organic Search;35-44;iOS
3538;08/01/2026 02:10;Organic Search;18-24;iOS
3539;05/01/2026 09:31;TikTok Ads;25-34;Android
3540;11/02/2026 03:17;Organic Search;18-24;iOS
3541;03/02/2026 10:48;TikTok Ads;18-24;Android
3542;10/03/2026 00:00;Referral;45+;Android
3543;07/01/2026 04:34;Organic Search;25-34;iOS
3544;22/02/2026 13:00;Instagram Ads;25-34;Android
3545;06/01/2026 20:24;TikTok Ads;18-24;iOS
3546;28/03/2026 19:40;Referral;18-24;Android
3547;07/01/2026 16:49;Organic Search;18-24;iOS
3548;15/02/2026 20:00;Organic Search;18-24;Android
3549;04/01/2026 01:56;TikTok Ads;18-24;Android
3550;28/01/2026 20:58;Organic Search;45+;Android
3551;09/02/2026 16:43;Referral;25-34;Android
3552;18/01/2026 11:23;Instagram Ads;18-24;Android
3553;16/03/2026 15:50;Instagram Ads;25-34;iOS
3554;14/01/2026 03:34;Instagram Ads;18-24;iOS
3555;16/03/2026 08:30;Organic Search;18-24;iOS
3556;04/03/2026 06:51;TikTok Ads;18-24;iOS
3557;12/03/2026 19:22;Organic Search;18-24;Android
3558;04/03/2026 17:00;TikTok Ads;18-24;iOS
3559;10/02/2026 19:30;TikTok Ads;25-34;Android
3560;06/02/2026 08:33;Instagram Ads;18-24;iOS
3561;28/03/2026 12:57;Instagram Ads;45+;iOS
3562;07/02/2026 03:14;Organic Search;18-24;iOS
3563;13/02/2026 13:10;Instagram Ads;18-24;Android
3564;26/03/2026 10:21;TikTok Ads;25-34;iOS
3565;30/03/2026 00:55;Referral;18-24;Android
3566;06/02/2026 15:37;Organic Search;45+;iOS
3567;06/02/2026 11:19;Organic Search;18-24;iOS
3568;08/01/2026 18:59;Instagram Ads;18-24;Android
3569;08/03/2026 06:52;TikTok Ads;25-34;Android
3570;06/03/2026 06:05;Instagram Ads;25-34;iOS
3571;26/03/2026 21:51;Instagram Ads;18-24;Android
3572;22/02/2026 08:39;Organic Search;45+;iOS
3573;13/01/2026 21:53;TikTok Ads;18-24;iOS
3574;05/03/2026 10:50;TikTok Ads;25-34;iOS
3575;25/03/2026 12:36;Instagram Ads;35-44;Android
3576;03/02/2026 18:21;TikTok Ads;18-24;iOS
3577;12/01/2026 12:26;TikTok Ads;25-34;iOS
3578;18/01/2026 07:52;Organic Search;25-34;Android
3579;22/02/2026 03:54;TikTok Ads;18-24;Android
3580;08/02/2026 03:53;Instagram Ads;18-24;iOS
3581;21/02/2026 08:17;TikTok Ads;25-34;iOS
3582;13/01/2026 08:44;Instagram Ads;18-24;iOS
3583;12/03/2026 16:01;Organic Search;35-44;iOS
3584;22/01/2026 14:54;TikTok Ads;18-24;Android
3585;23/03/2026 01:16;Instagram Ads;25-34;iOS
3586;01/01/2026 08:05;Instagram Ads;18-24;Android
3587;15/03/2026 10:01;TikTok Ads;25-34;iOS
3588;03/01/2026 04:58;Instagram Ads;25-34;iOS
3589;29/01/2026 23:14;Organic Search;25-34;iOS
3590;14/02/2026 22:52;TikTok Ads;18-24;iOS
3591;07/03/2026 09:22;Instagram Ads;25-34;iOS
3592;11/03/2026 19:36;TikTok Ads;18-24;iOS
3593;22/02/2026 20:38;TikTok Ads;25-34;Android
3594;11/02/2026 04:17;TikTok Ads;45+;iOS
3595;21/02/2026 15:29;Referral;25-34;Android
3596;06/02/2026 19:46;TikTok Ads;18-24;iOS
3597;21/03/2026 22:34;Organic Search;18-24;Android
3598;23/01/2026 07:09;TikTok Ads;25-34;iOS
3599;25/01/2026 00:44;TikTok Ads;18-24;iOS
3600;14/02/2026 17:20;TikTok Ads;25-34;iOS
3601;03/02/2026 14:36;TikTok Ads;25-34;iOS
3602;16/01/2026 01:27;Referral;45+;iOS
3603;27/01/2026 18:18;TikTok Ads;18-24;Android
3604;19/01/2026 07:11;Instagram Ads;25-34;Android
3605;26/03/2026 23:22;TikTok Ads;25-34;Android
3606;12/03/2026 09:25;Instagram Ads;35-44;Android
3607;16/03/2026 07:43;TikTok Ads;18-24;iOS
3608;11/01/2026 22:56;TikTok Ads;45+;iOS
3609;04/01/2026 03:04;Instagram Ads;25-34;iOS
3610;20/03/2026 14:13;Referral;35-44;iOS
3611;06/03/2026 02:22;TikTok Ads;18-24;iOS
3612;10/02/2026 16:54;TikTok Ads;25-34;Android
3613;01/03/2026 16:52;Instagram Ads;35-44;Android
3614;16/03/2026 09:02;Instagram Ads;35-44;iOS
3615;27/03/2026 19:18;Organic Search;18-24;iOS
3616;28/03/2026 07:36;Organic Search;25-34;Android
3617;02/01/2026 12:27;Referral;18-24;iOS
3618;24/01/2026 08:47;TikTok Ads;25-34;Android
3619;21/01/2026 00:12;TikTok Ads;25-34;Android
3620;07/01/2026 12:47;TikTok Ads;25-34;Android
3621;10/01/2026 19:06;Referral;18-24;iOS
3622;27/02/2026 15:59;Instagram Ads;18-24;Android
3623;04/01/2026 06:14;TikTok Ads;25-34;iOS
3624;13/02/2026 08:16;TikTok Ads;18-24;Android
3625;28/02/2026 00:56;Instagram Ads;18-24;Android
3626;07/03/2026 05:55;TikTok Ads;18-24;iOS
3627;10/03/2026 06:46;TikTok Ads;35-44;iOS
3628;26/03/2026 16:24;TikTok Ads;18-24;Android
3629;05/01/2026 17:25;Instagram Ads;25-34;iOS
3630;24/01/2026 18:16;TikTok Ads;25-34;iOS
3631;13/03/2026 21:35;Organic Search;18-24;Android
3632;05/01/2026 07:04;TikTok Ads;25-34;iOS
3633;09/02/2026 01:20;TikTok Ads;18-24;iOS
3634;12/02/2026 14:51;TikTok Ads;25-34;iOS
3635;23/01/2026 18:03;Organic Search;25-34;Android
3636;22/02/2026 09:43;Instagram Ads;18-24;iOS
3637;22/01/2026 02:16;Organic Search;18-24;iOS
3638;15/03/2026 05:50;Instagram Ads;18-24;Android
3639;25/03/2026 20:38;Organic Search;18-24;iOS
3640;17/03/2026 08:21;Instagram Ads;25-34;iOS
3641;06/01/2026 11:31;Organic Search;25-34;iOS
3642;14/01/2026 14:32;TikTok Ads;25-34;iOS
3643;18/02/2026 22:09;Organic Search;18-24;iOS
3644;29/01/2026 02:01;Organic Search;35-44;iOS
3645;23/01/2026 17:38;TikTok Ads;25-34;iOS
3646;21/03/2026 04:55;TikTok Ads;35-44;iOS
3647;30/03/2026 23:21;TikTok Ads;18-24;Android
3648;13/03/2026 00:33;Instagram Ads;18-24;iOS
3649;25/02/2026 22:26;TikTok Ads;25-34;iOS
3650;31/01/2026 23:05;Referral;18-24;Android
3651;26/02/2026 01:36;TikTok Ads;25-34;iOS
3652;28/02/2026 01:14;TikTok Ads;35-44;Android
3653;17/03/2026 00:08;Instagram Ads;25-34;iOS
3654;07/03/2026 07:06;Organic Search;18-24;iOS
3655;21/03/2026 10:58;Instagram Ads;18-24;Android
3656;01/02/2026 03:12;TikTok Ads;18-24;iOS
3657;24/01/2026 00:01;Instagram Ads;18-24;iOS
3658;30/01/2026 07:09;Referral;18-24;Android
3659;27/03/2026 01:49;Organic Search;18-24;Android
3660;14/01/2026 21:49;Organic Search;18-24;iOS
3661;06/03/2026 02:24;Instagram Ads;25-34;Android
3662;20/02/2026 14:36;TikTok Ads;18-24;iOS
3663;22/01/2026 11:04;TikTok Ads;18-24;Android
3664;10/02/2026 03:39;Instagram Ads;25-34;Android
3665;30/01/2026 04:13;Organic Search;18-24;Android
3666;27/01/2026 17:09;TikTok Ads;35-44;Android
3667;06/01/2026 22:02;TikTok Ads;25-34;iOS
3668;24/02/2026 01:14;TikTok Ads;25-34;iOS
3669;27/02/2026 10:41;TikTok Ads;35-44;Android
3670;27/03/2026 09:52;Organic Search;25-34;iOS
3671;13/03/2026 09:10;Instagram Ads;25-34;Android
3672;30/03/2026 12:07;TikTok Ads;35-44;Android
3673;18/01/2026 00:05;Instagram Ads;35-44;iOS
3674;02/03/2026 18:40;Referral;25-34;iOS
3675;07/03/2026 21:36;Referral;18-24;iOS
3676;11/02/2026 11:26;Instagram Ads;18-24;iOS
3677;23/02/2026 23:13;Organic Search;18-24;iOS
3678;18/02/2026 02:52;TikTok Ads;18-24;Android
3679;05/01/2026 13:14;Organic Search;35-44;Android
3680;03/02/2026 10:32;TikTok Ads;35-44;Android
3681;04/03/2026 11:02;Instagram Ads;25-34;Android
3682;07/03/2026 04:20;Organic Search;18-24;Android
3683;07/02/2026 00:09;TikTok Ads;18-24;iOS
3684;18/03/2026 07:03;TikTok Ads;18-24;iOS
3685;20/02/2026 22:05;Instagram Ads;25-34;Android
3686;31/01/2026 22:42;TikTok Ads;25-34;Android
3687;09/03/2026 14:30;TikTok Ads;25-34;Android
3688;10/02/2026 10:06;TikTok Ads;35-44;Android
3689;09/02/2026 15:18;TikTok Ads;18-24;iOS
3690;15/01/2026 11:42;TikTok Ads;25-34;iOS
3691;30/01/2026 02:47;TikTok Ads;35-44;iOS
3692;06/02/2026 13:12;TikTok Ads;18-24;iOS
3693;18/01/2026 20:28;Instagram Ads;18-24;iOS
3694;15/03/2026 05:55;Organic Search;45+;iOS
3695;22/02/2026 05:27;TikTok Ads;25-34;Android
3696;15/02/2026 23:22;TikTok Ads;35-44;iOS
3697;24/01/2026 09:29;Instagram Ads;25-34;Android
3698;24/03/2026 11:06;Organic Search;18-24;iOS
3699;22/01/2026 21:05;Instagram Ads;18-24;Android
3700;30/01/2026 04:45;Organic Search;25-34;Android
3701;25/03/2026 06:12;TikTok Ads;35-44;Android
3702;10/03/2026 16:46;TikTok Ads;25-34;iOS
3703;15/01/2026 00:21;Organic Search;25-34;iOS
3704;20/03/2026 05:35;Instagram Ads;25-34;iOS
3705;14/02/2026 22:55;TikTok Ads;18-24;iOS
3706;30/03/2026 19:30;Organic Search;35-44;iOS
3707;06/01/2026 14:16;Organic Search;18-24;Android
3708;24/02/2026 14:27;TikTok Ads;18-24;Android
3709;10/02/2026 01:36;TikTok Ads;25-34;Android
3710;10/02/2026 10:32;TikTok Ads;18-24;Android
3711;24/02/2026 02:34;Organic Search;18-24;iOS
3712;21/02/2026 10:58;Instagram Ads;25-34;iOS
3713;14/01/2026 00:27;TikTok Ads;35-44;Android
3714;07/02/2026 17:04;Referral;25-34;Android
3715;24/01/2026 13:54;TikTok Ads;25-34;iOS
3716;25/01/2026 18:10;Instagram Ads;18-24;iOS
3717;20/01/2026 17:48;Organic Search;35-44;iOS
3718;02/02/2026 01:34;Instagram Ads;18-24;iOS
3719;04/03/2026 18:56;Organic Search;18-24;Android
3720;08/01/2026 16:14;TikTok Ads;25-34;Android
3721;13/02/2026 16:04;TikTok Ads;18-24;Android
3722;24/03/2026 05:57;Organic Search;18-24;iOS
3723;06/02/2026 00:40;TikTok Ads;18-24;iOS
3724;09/01/2026 23:27;TikTok Ads;25-34;Android
3725;22/02/2026 00:07;Referral;25-34;Android
3726;12/03/2026 08:24;Instagram Ads;25-34;Android
3727;22/03/2026 12:39;Instagram Ads;18-24;Android
3728;19/01/2026 11:51;Referral;25-34;iOS
3729;06/01/2026 00:05;Instagram Ads;45+;iOS
3730;27/01/2026 01:33;Instagram Ads;18-24;Android
3731;06/02/2026 14:51;Instagram Ads;18-24;iOS
3732;07/03/2026 09:46;Instagram Ads;18-24;iOS
3733;28/02/2026 17:40;Organic Search;18-24;iOS
3734;28/02/2026 12:54;Referral;18-24;iOS
3735;04/01/2026 20:09;Instagram Ads;25-34;Android
3736;26/03/2026 19:40;Referral;25-34;iOS
3737;08/01/2026 01:35;TikTok Ads;18-24;iOS
3738;19/01/2026 06:27;Organic Search;25-34;iOS
3739;20/03/2026 02:58;Organic Search;18-24;iOS
3740;15/03/2026 22:52;Instagram Ads;18-24;iOS
3741;27/02/2026 01:10;TikTok Ads;18-24;Android
3742;12/03/2026 07:45;Referral;18-24;iOS
3743;07/03/2026 04:35;Organic Search;35-44;iOS
3744;24/02/2026 06:12;Instagram Ads;25-34;Android
3745;22/01/2026 01:41;TikTok Ads;25-34;iOS
3746;16/02/2026 13:04;Instagram Ads;25-34;Android
3747;21/01/2026 06:44;Instagram Ads;18-24;iOS
3748;26/03/2026 10:01;Organic Search;18-24;iOS
3749;30/03/2026 01:32;TikTok Ads;25-34;iOS
3750;02/02/2026 07:51;TikTok Ads;18-24;Android
3751;30/01/2026 10:28;Instagram Ads;25-34;Android
3752;30/03/2026 06:06;Referral;18-24;Android
3753;02/01/2026 11:43;TikTok Ads;18-24;Android
3754;21/01/2026 13:32;TikTok Ads;18-24;iOS
3755;19/01/2026 10:47;Instagram Ads;18-24;Android
3756;13/03/2026 23:45;Organic Search;25-34;iOS
3757;12/01/2026 09:21;Referral;18-24;iOS
3758;14/03/2026 12:21;TikTok Ads;25-34;iOS
3759;15/03/2026 05:43;TikTok Ads;18-24;iOS
3760;16/02/2026 11:57;Instagram Ads;25-34;Android
3761;30/03/2026 18:48;TikTok Ads;18-24;Android
3762;24/01/2026 13:16;TikTok Ads;35-44;iOS
3763;09/03/2026 12:55;Referral;18-24;iOS
3764;28/02/2026 16:21;Organic Search;25-34;iOS
3765;10/03/2026 07:53;Instagram Ads;25-34;iOS
3766;20/01/2026 20:33;TikTok Ads;18-24;iOS
3767;08/02/2026 12:13;Instagram Ads;18-24;iOS
3768;30/03/2026 20:23;TikTok Ads;25-34;iOS
3769;24/01/2026 05:40;TikTok Ads;18-24;Android
3770;23/02/2026 14:26;TikTok Ads;25-34;iOS
3771;01/02/2026 05:25;TikTok Ads;25-34;iOS
3772;17/03/2026 07:04;Referral;35-44;Android
3773;28/01/2026 11:34;Instagram Ads;18-24;iOS
3774;06/02/2026 23:00;Referral;25-34;iOS
3775;15/02/2026 06:26;TikTok Ads;18-24;Android
3776;21/02/2026 19:29;TikTok Ads;18-24;iOS
3777;04/03/2026 23:37;Organic Search;18-24;Android
3778;04/02/2026 21:08;TikTok Ads;35-44;Android
3779;30/01/2026 22:40;TikTok Ads;25-34;iOS
3780;26/01/2026 09:28;TikTok Ads;35-44;iOS
3781;04/02/2026 22:01;TikTok Ads;18-24;iOS
3782;19/02/2026 18:56;Organic Search;18-24;Android
3783;27/03/2026 17:06;Referral;18-24;iOS
3784;18/02/2026 06:44;Organic Search;18-24;iOS
3785;15/02/2026 05:52;TikTok Ads;25-34;Android
3786;10/01/2026 13:46;TikTok Ads;18-24;Android
3787;19/03/2026 22:41;Organic Search;25-34;Android
3788;12/03/2026 03:20;Instagram Ads;25-34;iOS
3789;15/02/2026 13:59;TikTok Ads;25-34;iOS
3790;15/03/2026 22:43;Referral;18-24;Android
3791;23/03/2026 12:42;Referral;18-24;Android
3792;01/02/2026 02:11;Instagram Ads;35-44;iOS
3793;30/03/2026 18:32;Organic Search;18-24;iOS
3794;20/01/2026 17:19;TikTok Ads;18-24;Android
3795;05/02/2026 23:48;Instagram Ads;25-34;iOS
3796;31/01/2026 09:09;Instagram Ads;18-24;Android
3797;10/02/2026 04:31;Referral;18-24;iOS
3798;05/01/2026 10:31;TikTok Ads;25-34;Android
3799;24/02/2026 14:46;Organic Search;18-24;Android
3800;25/03/2026 21:27;Instagram Ads;18-24;iOS
3801;22/01/2026 11:36;TikTok Ads;18-24;Android
3802;13/03/2026 23:14;Instagram Ads;25-34;iOS
3803;15/01/2026 04:01;TikTok Ads;25-34;iOS
3804;02/01/2026 13:47;TikTok Ads;18-24;iOS
3805;26/01/2026 07:38;TikTok Ads;18-24;iOS
3806;23/02/2026 17:18;TikTok Ads;35-44;iOS
3807;26/02/2026 16:53;Organic Search;25-34;Android
3808;26/02/2026 05:30;TikTok Ads;35-44;iOS
3809;11/03/2026 21:44;Organic Search;18-24;iOS
3810;10/02/2026 13:01;Instagram Ads;18-24;iOS
3811;29/01/2026 15:50;TikTok Ads;25-34;Android
3812;15/01/2026 19:08;Instagram Ads;25-34;iOS
3813;20/01/2026 01:09;Instagram Ads;35-44;Android
3814;02/02/2026 00:38;Organic Search;18-24;iOS
3815;23/01/2026 07:58;TikTok Ads;18-24;iOS
3816;06/02/2026 21:05;Organic Search;35-44;iOS
3817;25/02/2026 07:42;TikTok Ads;35-44;iOS
3818;22/03/2026 21:52;Instagram Ads;18-24;iOS
3819;24/01/2026 20:35;Referral;18-24;iOS
3820;18/02/2026 11:27;TikTok Ads;35-44;Android
3821;23/02/2026 11:05;TikTok Ads;18-24;Android
3822;05/03/2026 13:20;TikTok Ads;25-34;iOS
3823;08/03/2026 11:48;TikTok Ads;25-34;iOS
3824;02/02/2026 18:34;Organic Search;18-24;iOS
3825;25/01/2026 23:36;Referral;18-24;Android
3826;16/03/2026 02:45;TikTok Ads;25-34;Android
3827;21/03/2026 18:26;TikTok Ads;25-34;Android
3828;17/02/2026 10:34;TikTok Ads;25-34;iOS
3829;12/03/2026 06:00;TikTok Ads;18-24;iOS
3830;04/03/2026 07:15;Instagram Ads;25-34;iOS
3831;13/03/2026 19:22;Referral;18-24;iOS
3832;17/02/2026 15:10;Organic Search;25-34;iOS
3833;14/02/2026 17:48;TikTok Ads;18-24;iOS
3834;17/01/2026 08:00;Referral;18-24;Android
3835;13/03/2026 03:28;Instagram Ads;18-24;iOS
3836;19/03/2026 04:25;Organic Search;35-44;iOS
3837;04/02/2026 04:37;TikTok Ads;18-24;iOS
3838;17/01/2026 10:25;Instagram Ads;35-44;iOS
3839;14/01/2026 14:07;Organic Search;25-34;iOS
3840;11/03/2026 22:27;TikTok Ads;25-34;Android
3841;23/02/2026 01:32;Instagram Ads;18-24;iOS
3842;17/02/2026 09:51;TikTok Ads;25-34;Android
3843;18/01/2026 20:51;TikTok Ads;25-34;iOS
3844;28/03/2026 08:22;Instagram Ads;45+;iOS
3845;22/02/2026 15:16;Referral;18-24;iOS
3846;04/03/2026 07:31;Organic Search;35-44;iOS
3847;06/01/2026 16:51;Instagram Ads;25-34;Android
3848;20/02/2026 20:52;TikTok Ads;25-34;iOS
3849;04/01/2026 06:48;Instagram Ads;18-24;iOS
3850;23/03/2026 11:10;Referral;25-34;Android
3851;24/03/2026 04:56;TikTok Ads;25-34;Android
3852;08/01/2026 05:12;Instagram Ads;25-34;iOS
3853;21/03/2026 10:04;Organic Search;25-34;iOS
3854;06/03/2026 21:03;Organic Search;18-24;iOS
3855;05/01/2026 17:02;Organic Search;18-24;Android
3856;16/03/2026 05:02;TikTok Ads;18-24;iOS
3857;01/01/2026 14:52;TikTok Ads;25-34;iOS
3858;10/02/2026 00:56;Instagram Ads;18-24;iOS
3859;14/01/2026 08:22;Organic Search;18-24;Android
3860;23/03/2026 19:16;Referral;25-34;Android
3861;03/03/2026 05:38;TikTok Ads;18-24;Android
3862;23/01/2026 11:16;Organic Search;25-34;Android
3863;07/01/2026 14:22;Instagram Ads;18-24;Android
3864;10/03/2026 15:49;Instagram Ads;18-24;Android
3865;15/01/2026 15:55;TikTok Ads;18-24;Android
3866;01/01/2026 21:18;Organic Search;25-34;iOS
3867;22/01/2026 05:39;TikTok Ads;25-34;iOS
3868;19/02/2026 02:26;Organic Search;35-44;Android
3869;14/02/2026 06:34;TikTok Ads;25-34;iOS
3870;06/02/2026 05:37;TikTok Ads;18-24;iOS
3871;06/01/2026 20:51;Referral;18-24;iOS
3872;01/03/2026 23:39;Referral;18-24;Android
3873;03/03/2026 22:00;TikTok Ads;18-24;Android
3874;06/03/2026 17:39;TikTok Ads;25-34;iOS
3875;01/03/2026 20:35;TikTok Ads;18-24;iOS
3876;30/03/2026 14:51;TikTok Ads;25-34;iOS
3877;16/02/2026 21:56;TikTok Ads;18-24;Android
3878;06/03/2026 00:14;Referral;25-34;Android
3879;17/02/2026 08:46;TikTok Ads;18-24;Android
3880;02/01/2026 12:39;Instagram Ads;18-24;iOS
3881;01/01/2026 15:24;Referral;25-34;iOS
3882;21/02/2026 16:08;Organic Search;18-24;iOS
3883;23/02/2026 13:25;TikTok Ads;18-24;iOS
3884;09/02/2026 22:29;Organic Search;18-24;iOS
3885;02/01/2026 03:36;TikTok Ads;18-24;Android
3886;02/01/2026 14:58;Instagram Ads;45+;Android
3887;21/02/2026 09:37;TikTok Ads;18-24;Android
3888;12/03/2026 02:49;Referral;25-34;Android
3889;27/01/2026 16:11;Organic Search;18-24;iOS
3890;22/02/2026 00:21;Organic Search;25-34;iOS
3891;28/01/2026 20:01;TikTok Ads;18-24;iOS
3892;02/01/2026 15:56;Referral;18-24;iOS
3893;18/02/2026 18:14;TikTok Ads;25-34;iOS
3894;20/03/2026 22:47;TikTok Ads;18-24;iOS
3895;09/03/2026 18:07;Instagram Ads;18-24;Android
3896;07/03/2026 10:36;Instagram Ads;18-24;Android
3897;11/02/2026 19:18;TikTok Ads;25-34;iOS
3898;20/03/2026 06:30;Instagram Ads;25-34;Android
3899;30/03/2026 07:55;TikTok Ads;18-24;iOS
3900;18/01/2026 09:43;Referral;35-44;iOS
3901;11/01/2026 09:21;TikTok Ads;18-24;iOS
3902;10/01/2026 08:25;TikTok Ads;18-24;Android
3903;20/02/2026 21:54;Referral;45+;iOS
3904;15/01/2026 10:57;Instagram Ads;35-44;iOS
3905;24/01/2026 09:29;Instagram Ads;18-24;iOS
3906;19/01/2026 15:14;Instagram Ads;18-24;Android
3907;02/03/2026 04:11;TikTok Ads;18-24;iOS
3908;21/02/2026 02:43;Organic Search;18-24;iOS
3909;25/01/2026 12:10;Instagram Ads;18-24;iOS
3910;21/03/2026 03:35;Organic Search;18-24;iOS
3911;04/02/2026 09:54;Organic Search;18-24;iOS
3912;26/01/2026 22:54;Instagram Ads;18-24;Android
3913;19/03/2026 04:20;Instagram Ads;25-34;Android
3914;08/02/2026 12:50;TikTok Ads;18-24;iOS
3915;08/01/2026 16:07;TikTok Ads;45+;Android
3916;06/02/2026 05:16;TikTok Ads;18-24;iOS
3917;09/02/2026 10:06;TikTok Ads;18-24;iOS
3918;14/02/2026 13:32;Organic Search;25-34;iOS
3919;24/02/2026 20:33;TikTok Ads;25-34;Android
3920;24/01/2026 14:42;Organic Search;35-44;iOS
3921;09/03/2026 16:40;Instagram Ads;18-24;iOS
3922;22/01/2026 22:17;TikTok Ads;18-24;Android
3923;30/01/2026 02:59;TikTok Ads;18-24;iOS
3924;08/03/2026 09:55;TikTok Ads;18-24;iOS
3925;22/03/2026 09:31;TikTok Ads;18-24;Android
3926;24/03/2026 07:40;TikTok Ads;18-24;iOS
3927;08/01/2026 19:51;Organic Search;25-34;iOS
3928;05/03/2026 11:18;Instagram Ads;25-34;Android
3929;25/03/2026 07:47;Instagram Ads;35-44;Android
3930;05/03/2026 02:21;Instagram Ads;18-24;Android
3931;15/03/2026 17:57;Organic Search;18-24;Android
3932;04/01/2026 01:49;TikTok Ads;18-24;Android
3933;10/01/2026 01:52;TikTok Ads;18-24;iOS
3934;09/02/2026 08:22;TikTok Ads;18-24;iOS
3935;06/02/2026 19:44;TikTok Ads;45+;Android
3936;06/02/2026 14:52;TikTok Ads;25-34;iOS
3937;23/02/2026 15:53;TikTok Ads;18-24;Android
3938;16/02/2026 05:10;Referral;18-24;iOS
3939;06/01/2026 10:45;TikTok Ads;25-34;iOS
3940;03/03/2026 19:43;TikTok Ads;25-34;iOS
3941;01/01/2026 22:01;Referral;25-34;iOS
3942;10/03/2026 05:44;Organic Search;25-34;iOS
3943;17/01/2026 15:21;TikTok Ads;35-44;iOS
3944;09/01/2026 00:40;TikTok Ads;18-24;Android
3945;18/02/2026 12:45;Organic Search;35-44;iOS
3946;24/03/2026 01:45;TikTok Ads;25-34;Android
3947;12/02/2026 03:04;TikTok Ads;18-24;iOS
3948;04/03/2026 14:44;Instagram Ads;35-44;Android
3949;18/03/2026 03:43;Referral;18-24;Android
3950;02/02/2026 03:54;Organic Search;18-24;Android
3951;24/02/2026 22:32;TikTok Ads;35-44;Android
3952;25/03/2026 07:11;Organic Search;25-34;iOS
3953;10/01/2026 06:12;Instagram Ads;18-24;Android
3954;28/03/2026 21:00;Organic Search;35-44;iOS
3955;21/02/2026 06:42;Organic Search;35-44;Android
3956;05/01/2026 03:09;TikTok Ads;18-24;iOS
3957;23/01/2026 07:23;Instagram Ads;25-34;Android
3958;21/01/2026 12:38;TikTok Ads;18-24;Android
3959;29/03/2026 12:07;Organic Search;35-44;Android
3960;26/03/2026 06:51;Instagram Ads;25-34;Android
3961;09/03/2026 05:08;Instagram Ads;18-24;iOS
3962;28/03/2026 04:09;TikTok Ads;25-34;iOS
3963;25/02/2026 00:42;TikTok Ads;18-24;iOS
3964;16/02/2026 03:59;TikTok Ads;25-34;iOS
3965;27/01/2026 07:41;TikTok Ads;18-24;iOS
3966;05/01/2026 12:29;TikTok Ads;18-24;Android
3967;08/01/2026 05:14;Instagram Ads;18-24;iOS
3968;08/03/2026 10:50;Referral;25-34;iOS
3969;28/01/2026 05:18;Organic Search;25-34;Android
3970;29/03/2026 07:32;Instagram Ads;18-24;iOS
3971;22/02/2026 17:21;Referral;25-34;iOS
3972;24/02/2026 17:04;Referral;35-44;Android
3973;05/03/2026 21:30;Organic Search;45+;iOS
3974;04/01/2026 04:40;Organic Search;25-34;iOS
3975;18/01/2026 09:55;TikTok Ads;45+;iOS
3976;24/03/2026 13:38;Organic Search;18-24;iOS
3977;31/01/2026 12:48;Instagram Ads;18-24;Android
3978;02/01/2026 12:29;Instagram Ads;18-24;iOS
3979;21/01/2026 02:42;TikTok Ads;18-24;Android
3980;26/02/2026 23:53;Instagram Ads;18-24;iOS
3981;14/01/2026 23:59;TikTok Ads;18-24;iOS
3982;15/03/2026 00:52;Organic Search;35-44;Android
3983;21/03/2026 16:20;TikTok Ads;18-24;iOS
3984;11/03/2026 04:44;Organic Search;45+;iOS
3985;21/03/2026 16:50;TikTok Ads;25-34;Android
3986;08/02/2026 16:05;Organic Search;25-34;Android
3987;08/01/2026 11:16;Instagram Ads;35-44;Android
3988;30/01/2026 01:21;Organic Search;18-24;iOS
3989;16/01/2026 18:32;Instagram Ads;18-24;Android
3990;24/02/2026 18:07;TikTok Ads;18-24;Android
3991;24/01/2026 08:20;TikTok Ads;18-24;iOS
3992;25/02/2026 00:29;Instagram Ads;18-24;Android
3993;23/03/2026 00:52;Instagram Ads;35-44;iOS
3994;24/03/2026 11:20;TikTok Ads;18-24;iOS
3995;07/02/2026 18:48;Instagram Ads;18-24;iOS
3996;07/03/2026 17:36;Instagram Ads;18-24;iOS
3997;29/03/2026 01:03;Organic Search;35-44;iOS
3998;22/02/2026 11:36;TikTok Ads;45+;iOS
3999;02/02/2026 04:59;Referral;18-24;Android
4000;07/02/2026 06:25;TikTok Ads;35-44;iOS
4001;15/03/2026 08:41;Instagram Ads;18-24;iOS
4002;13/03/2026 19:43;Organic Search;25-34;Android
4003;14/01/2026 14:06;Instagram Ads;35-44;iOS
4004;18/03/2026 17:59;Referral;45+;iOS
4005;08/03/2026 22:12;Organic Search;25-34;iOS
4006;12/03/2026 07:25;Instagram Ads;18-24;Android
4007;08/01/2026 14:44;TikTok Ads;18-24;iOS
4008;18/02/2026 14:55;Instagram Ads;35-44;Android
4009;14/03/2026 09:02;Instagram Ads;18-24;Android
4010;03/02/2026 13:54;Instagram Ads;18-24;iOS
4011;06/01/2026 05:07;Instagram Ads;18-24;Android
4012;10/01/2026 11:37;Instagram Ads;35-44;iOS
4013;12/02/2026 10:29;TikTok Ads;35-44;iOS
4014;23/01/2026 12:56;TikTok Ads;25-34;iOS
4015;23/03/2026 10:15;Organic Search;18-24;Android
4016;08/01/2026 09:08;TikTok Ads;18-24;Android
4017;03/02/2026 01:38;Organic Search;18-24;iOS
4018;28/02/2026 18:08;TikTok Ads;25-34;Android
4019;16/03/2026 15:54;Organic Search;25-34;Android
4020;01/03/2026 14:24;Instagram Ads;18-24;iOS
4021;27/02/2026 19:52;Referral;25-34;iOS
4022;08/02/2026 12:23;Instagram Ads;35-44;iOS
4023;17/03/2026 02:30;TikTok Ads;45+;Android
4024;01/02/2026 16:30;TikTok Ads;18-24;iOS
4025;03/01/2026 21:01;TikTok Ads;45+;iOS
4026;03/03/2026 13:36;Organic Search;18-24;iOS
4027;27/01/2026 12:53;TikTok Ads;25-34;iOS
4028;18/03/2026 01:47;Instagram Ads;18-24;iOS
4029;13/02/2026 17:51;TikTok Ads;18-24;Android
4030;17/02/2026 15:11;Instagram Ads;25-34;iOS
4031;23/01/2026 03:36;TikTok Ads;18-24;iOS
4032;04/02/2026 13:06;Organic Search;25-34;iOS
4033;23/02/2026 16:40;TikTok Ads;35-44;Android
4034;06/02/2026 10:48;Instagram Ads;18-24;iOS
4035;11/02/2026 22:16;Referral;25-34;iOS
4036;19/01/2026 00:48;Organic Search;25-34;iOS
4037;07/03/2026 23:48;Instagram Ads;18-24;iOS
4038;26/02/2026 21:11;Organic Search;18-24;Android
4039;06/03/2026 03:28;Referral;18-24;iOS
4040;06/02/2026 21:38;Organic Search;25-34;Android
4041;09/01/2026 07:40;TikTok Ads;18-24;iOS
4042;16/03/2026 23:16;Referral;18-24;Android
4043;02/03/2026 01:28;TikTok Ads;45+;Android
4044;29/01/2026 16:17;Instagram Ads;25-34;iOS
4045;19/03/2026 11:36;TikTok Ads;18-24;iOS
4046;24/01/2026 22:16;TikTok Ads;25-34;Android
4047;11/03/2026 05:39;TikTok Ads;35-44;Android
4048;08/01/2026 03:16;Referral;25-34;iOS
4049;08/01/2026 23:09;Instagram Ads;25-34;iOS
4050;27/01/2026 00:25;TikTok Ads;18-24;iOS
4051;15/01/2026 23:21;Instagram Ads;18-24;iOS
4052;06/02/2026 21:27;Instagram Ads;25-34;iOS
4053;11/03/2026 02:19;TikTok Ads;18-24;iOS
4054;18/03/2026 02:35;TikTok Ads;18-24;Android
4055;03/03/2026 13:05;Instagram Ads;18-24;iOS
4056;15/01/2026 23:29;Instagram Ads;35-44;Android
4057;13/03/2026 19:31;Instagram Ads;18-24;iOS
4058;07/02/2026 19:53;Organic Search;18-24;Android
4059;31/01/2026 17:54;Instagram Ads;25-34;iOS
4060;05/02/2026 00:29;Instagram Ads;18-24;iOS
4061;11/01/2026 08:16;TikTok Ads;35-44;iOS
4062;09/01/2026 21:15;Instagram Ads;18-24;Android
4063;01/01/2026 12:06;Organic Search;25-34;iOS
4064;30/01/2026 22:18;Instagram Ads;25-34;iOS
4065;13/02/2026 04:18;Referral;25-34;iOS
4066;04/02/2026 22:40;Instagram Ads;25-34;iOS
4067;15/03/2026 22:03;TikTok Ads;25-34;iOS
4068;27/01/2026 04:36;Organic Search;18-24;Android
4069;10/01/2026 22:12;TikTok Ads;18-24;Android
4070;13/01/2026 20:45;Instagram Ads;18-24;iOS
4071;09/01/2026 11:25;Instagram Ads;25-34;Android
4072;19/01/2026 04:39;Referral;25-34;iOS
4073;11/02/2026 20:15;Instagram Ads;25-34;iOS
4074;13/02/2026 13:52;TikTok Ads;18-24;iOS
4075;24/02/2026 01:52;TikTok Ads;18-24;Android
4076;23/02/2026 20:38;Instagram Ads;18-24;iOS
4077;19/02/2026 18:04;Instagram Ads;18-24;Android
4078;09/02/2026 14:48;Referral;18-24;iOS
4079;11/01/2026 00:41;Instagram Ads;45+;Android
4080;03/01/2026 13:11;Organic Search;18-24;Android
4081;09/01/2026 16:49;TikTok Ads;18-24;Android
4082;04/02/2026 08:40;Referral;18-24;iOS
4083;23/02/2026 19:25;TikTok Ads;18-24;iOS
4084;10/01/2026 00:51;Referral;25-34;Android
4085;27/02/2026 22:56;Organic Search;25-34;Android
4086;28/02/2026 01:32;Instagram Ads;18-24;iOS
4087;18/03/2026 03:52;Instagram Ads;25-34;Android
4088;01/02/2026 11:58;Instagram Ads;25-34;iOS
4089;25/03/2026 20:36;Organic Search;18-24;iOS
4090;07/02/2026 09:40;TikTok Ads;25-34;iOS
4091;02/01/2026 04:45;Referral;18-24;Android
4092;29/01/2026 08:03;Organic Search;18-24;iOS
4093;10/02/2026 04:14;Organic Search;25-34;Android
4094;07/02/2026 15:38;TikTok Ads;18-24;Android
4095;17/03/2026 15:35;TikTok Ads;18-24;iOS
4096;09/01/2026 05:21;Organic Search;25-34;iOS
4097;12/03/2026 09:00;TikTok Ads;18-24;iOS
4098;29/03/2026 11:47;Instagram Ads;45+;iOS
4099;24/02/2026 07:48;TikTok Ads;35-44;iOS
4100;29/03/2026 21:17;Instagram Ads;18-24;iOS
4101;24/01/2026 13:37;Referral;25-34;iOS
4102;25/02/2026 12:45;Instagram Ads;35-44;iOS
4103;20/02/2026 14:15;Instagram Ads;45+;iOS
4104;17/01/2026 11:09;Organic Search;25-34;Android
4105;08/03/2026 12:54;TikTok Ads;18-24;Android
4106;06/02/2026 23:10;TikTok Ads;18-24;iOS
4107;17/01/2026 10:58;TikTok Ads;45+;iOS
4108;14/01/2026 11:31;Referral;18-24;iOS
4109;27/01/2026 02:37;TikTok Ads;25-34;Android
4110;30/01/2026 05:41;TikTok Ads;35-44;iOS
4111;27/01/2026 01:25;Instagram Ads;45+;Android
4112;17/02/2026 21:03;Referral;18-24;iOS
4113;15/01/2026 04:03;TikTok Ads;25-34;Android
4114;07/01/2026 03:25;TikTok Ads;25-34;iOS
4115;17/01/2026 05:37;TikTok Ads;25-34;iOS
4116;12/02/2026 04:52;Organic Search;18-24;Android
4117;27/01/2026 19:02;TikTok Ads;18-24;Android
4118;10/02/2026 21:14;Organic Search;18-24;iOS
4119;30/01/2026 02:28;Instagram Ads;18-24;Android
4120;17/02/2026 00:20;Organic Search;18-24;iOS
4121;17/03/2026 23:44;Organic Search;18-24;Android
4122;08/01/2026 11:14;TikTok Ads;25-34;iOS
4123;05/02/2026 01:28;Organic Search;18-24;iOS
4124;25/01/2026 10:30;Organic Search;18-24;iOS
4125;24/01/2026 22:35;TikTok Ads;18-24;Android
4126;11/03/2026 23:49;Organic Search;18-24;Android
4127;02/03/2026 16:26;Instagram Ads;35-44;iOS
4128;18/02/2026 03:18;Instagram Ads;25-34;iOS
4129;27/02/2026 15:40;Instagram Ads;18-24;Android
4130;01/03/2026 20:56;Instagram Ads;45+;iOS
4131;19/01/2026 23:39;Instagram Ads;35-44;Android
4132;14/02/2026 10:53;Organic Search;25-34;iOS
4133;11/01/2026 09:15;Instagram Ads;18-24;iOS
4134;14/01/2026 03:42;TikTok Ads;25-34;iOS
4135;30/01/2026 13:54;Instagram Ads;18-24;Android
4136;01/01/2026 15:46;TikTok Ads;18-24;iOS
4137;08/02/2026 10:01;Referral;45+;Android
4138;02/02/2026 06:07;Organic Search;18-24;Android
4139;23/03/2026 17:06;TikTok Ads;18-24;iOS
4140;02/03/2026 05:09;Instagram Ads;25-34;iOS
4141;06/02/2026 21:12;Referral;18-24;iOS
4142;20/03/2026 01:38;Instagram Ads;25-34;Android
4143;25/03/2026 17:04;Instagram Ads;25-34;iOS
4144;01/02/2026 23:53;Instagram Ads;45+;iOS
4145;12/02/2026 17:47;Organic Search;25-34;iOS
4146;02/02/2026 11:59;Referral;18-24;iOS
4147;11/02/2026 19:24;TikTok Ads;18-24;Android
4148;21/03/2026 04:11;Instagram Ads;35-44;iOS
4149;21/03/2026 22:58;TikTok Ads;18-24;iOS
4150;25/03/2026 10:47;Referral;25-34;iOS
4151;05/03/2026 05:01;Organic Search;25-34;iOS
4152;27/02/2026 17:02;Organic Search;18-24;iOS
4153;14/01/2026 05:11;TikTok Ads;18-24;iOS
4154;30/01/2026 04:03;TikTok Ads;18-24;Android
4155;01/02/2026 03:12;Referral;25-34;iOS
4156;28/02/2026 13:35;TikTok Ads;18-24;iOS
4157;09/03/2026 12:08;Instagram Ads;25-34;Android
4158;20/01/2026 12:01;Instagram Ads;18-24;iOS
4159;16/02/2026 12:10;Instagram Ads;18-24;iOS
4160;31/01/2026 12:06;TikTok Ads;18-24;iOS
4161;18/01/2026 05:55;Organic Search;35-44;iOS
4162;08/02/2026 15:57;TikTok Ads;25-34;iOS
4163;31/01/2026 23:38;TikTok Ads;18-24;iOS
4164;29/01/2026 07:07;Organic Search;25-34;iOS
4165;13/03/2026 08:22;TikTok Ads;18-24;iOS
4166;09/03/2026 11:22;Referral;25-34;iOS
4167;03/03/2026 10:46;Organic Search;25-34;Android
4168;17/02/2026 16:07;TikTok Ads;18-24;Android
4169;25/02/2026 21:53;TikTok Ads;45+;Android
4170;17/03/2026 22:07;Referral;18-24;Android
4171;24/01/2026 12:53;TikTok Ads;45+;iOS
4172;01/02/2026 15:22;Instagram Ads;25-34;iOS
4173;06/02/2026 12:16;Instagram Ads;45+;iOS
4174;28/01/2026 05:08;Instagram Ads;18-24;Android
4175;21/03/2026 06:34;Instagram Ads;18-24;iOS
4176;18/03/2026 07:12;Instagram Ads;18-24;iOS
4177;08/02/2026 03:36;Instagram Ads;18-24;iOS
4178;05/02/2026 10:32;Instagram Ads;18-24;iOS
4179;12/01/2026 01:22;TikTok Ads;25-34;Android
4180;24/02/2026 17:52;Organic Search;18-24;iOS
4181;20/01/2026 09:34;TikTok Ads;18-24;Android
4182;27/02/2026 11:59;TikTok Ads;18-24;iOS
4183;22/02/2026 23:24;Instagram Ads;25-34;Android
4184;18/01/2026 11:15;Organic Search;18-24;iOS
4185;08/03/2026 04:30;TikTok Ads;25-34;Android
4186;16/03/2026 12:40;Instagram Ads;25-34;Android
4187;23/02/2026 09:49;Organic Search;25-34;Android
4188;03/01/2026 14:43;TikTok Ads;25-34;Android
4189;12/03/2026 14:31;TikTok Ads;25-34;Android
4190;14/02/2026 19:39;TikTok Ads;25-34;iOS
4191;10/03/2026 18:36;Referral;25-34;iOS
4192;21/01/2026 08:30;TikTok Ads;25-34;iOS
4193;12/02/2026 13:40;TikTok Ads;25-34;iOS
4194;19/03/2026 10:44;TikTok Ads;25-34;Android
4195;29/01/2026 06:51;Organic Search;25-34;iOS
4196;22/03/2026 17:01;TikTok Ads;18-24;Android
4197;09/03/2026 06:25;Referral;25-34;Android
4198;07/01/2026 17:09;Instagram Ads;18-24;iOS
4199;21/03/2026 12:19;TikTok Ads;18-24;Android
4200;24/03/2026 07:29;Instagram Ads;25-34;iOS
4201;19/03/2026 06:00;TikTok Ads;18-24;iOS
4202;19/03/2026 04:35;TikTok Ads;25-34;iOS
4203;09/02/2026 17:22;Instagram Ads;35-44;Android
4204;07/03/2026 08:09;Organic Search;18-24;iOS
4205;18/02/2026 11:27;TikTok Ads;18-24;Android
4206;14/01/2026 12:18;Instagram Ads;18-24;iOS
4207;03/03/2026 11:46;TikTok Ads;25-34;Android
4208;30/01/2026 09:39;Organic Search;35-44;iOS
4209;24/01/2026 11:57;TikTok Ads;18-24;iOS
4210;25/01/2026 12:47;Referral;25-34;Android
4211;05/03/2026 22:47;Instagram Ads;18-24;iOS
4212;15/01/2026 23:10;Instagram Ads;25-34;iOS
4213;11/03/2026 10:37;Organic Search;25-34;iOS
4214;11/02/2026 01:57;Organic Search;18-24;Android
4215;18/03/2026 14:40;Organic Search;45+;iOS
4216;06/02/2026 14:27;Instagram Ads;18-24;iOS
4217;08/01/2026 04:21;Instagram Ads;35-44;iOS
4218;13/02/2026 14:24;TikTok Ads;18-24;iOS
4219;28/02/2026 01:17;TikTok Ads;18-24;Android
4220;16/02/2026 12:41;TikTok Ads;25-34;Android
4221;26/02/2026 12:43;TikTok Ads;25-34;Android
4222;08/02/2026 21:56;Instagram Ads;18-24;iOS
4223;21/02/2026 21:09;Organic Search;25-34;iOS
4224;19/02/2026 04:29;TikTok Ads;18-24;iOS
4225;26/03/2026 10:23;Instagram Ads;18-24;iOS
4226;09/03/2026 03:47;Organic Search;18-24;Android
4227;10/02/2026 14:42;Organic Search;18-24;Android
4228;22/02/2026 18:47;Organic Search;18-24;iOS
4229;04/01/2026 13:40;Instagram Ads;35-44;Android
4230;18/03/2026 18:30;TikTok Ads;25-34;iOS
4231;04/02/2026 21:45;Instagram Ads;25-34;iOS
4232;10/03/2026 02:55;Organic Search;25-34;Android
4233;28/03/2026 22:40;TikTok Ads;25-34;Android
4234;20/03/2026 20:47;TikTok Ads;18-24;iOS
4235;22/02/2026 03:04;Organic Search;25-34;iOS
4236;27/02/2026 15:42;Organic Search;18-24;Android
4237;03/03/2026 23:04;Instagram Ads;18-24;iOS
4238;30/03/2026 18:42;TikTok Ads;25-34;iOS
4239;09/01/2026 06:01;TikTok Ads;18-24;iOS
4240;11/01/2026 14:50;Organic Search;25-34;iOS
4241;16/03/2026 15:47;Instagram Ads;18-24;Android
4242;25/01/2026 02:25;Referral;25-34;Android
4243;05/03/2026 20:19;Organic Search;25-34;iOS
4244;06/03/2026 12:50;TikTok Ads;18-24;iOS
4245;04/02/2026 11:13;Instagram Ads;18-24;iOS
4246;17/01/2026 03:35;Instagram Ads;18-24;iOS
4247;04/03/2026 19:37;Referral;25-34;Android
4248;01/03/2026 11:38;Instagram Ads;18-24;iOS
4249;05/01/2026 07:13;Organic Search;18-24;iOS
4250;24/02/2026 16:23;Organic Search;18-24;iOS
4251;04/03/2026 15:01;TikTok Ads;18-24;iOS
4252;07/03/2026 18:37;TikTok Ads;25-34;Android
4253;04/03/2026 19:01;TikTok Ads;35-44;iOS
4254;08/02/2026 19:10;TikTok Ads;18-24;Android
4255;15/03/2026 01:52;Instagram Ads;25-34;Android
4256;02/02/2026 04:40;Instagram Ads;25-34;Android
4257;19/03/2026 07:21;TikTok Ads;18-24;Android
4258;11/02/2026 19:02;Instagram Ads;18-24;iOS
4259;11/01/2026 06:52;Instagram Ads;18-24;iOS
4260;02/01/2026 00:34;Referral;25-34;iOS
4261;10/01/2026 13:46;Instagram Ads;35-44;iOS
4262;26/01/2026 02:54;TikTok Ads;25-34;Android
4263;22/01/2026 13:18;TikTok Ads;45+;iOS
4264;19/02/2026 13:57;TikTok Ads;18-24;iOS
4265;14/03/2026 12:17;Organic Search;45+;iOS
4266;20/02/2026 08:53;Referral;25-34;iOS
4267;24/02/2026 04:13;Instagram Ads;18-24;iOS
4268;26/02/2026 08:42;TikTok Ads;25-34;iOS
4269;08/03/2026 18:22;Organic Search;25-34;iOS
4270;25/02/2026 20:23;TikTok Ads;18-24;iOS
4271;22/01/2026 11:02;TikTok Ads;25-34;iOS
4272;13/02/2026 06:44;TikTok Ads;18-24;iOS
4273;06/02/2026 07:45;Organic Search;45+;iOS
4274;07/02/2026 23:24;Instagram Ads;18-24;iOS
4275;14/02/2026 23:00;TikTok Ads;25-34;Android
4276;16/03/2026 23:41;TikTok Ads;25-34;iOS
4277;07/03/2026 23:28;TikTok Ads;18-24;iOS
4278;27/02/2026 03:30;TikTok Ads;18-24;iOS
4279;09/03/2026 00:50;TikTok Ads;25-34;Android
4280;18/02/2026 14:10;Instagram Ads;18-24;iOS
4281;15/01/2026 15:15;Organic Search;25-34;iOS
4282;03/02/2026 11:49;TikTok Ads;18-24;iOS
4283;03/01/2026 09:14;Referral;35-44;iOS
4284;16/02/2026 20:56;Instagram Ads;18-24;iOS
4285;11/01/2026 03:37;Organic Search;25-34;iOS
4286;29/01/2026 16:24;TikTok Ads;25-34;Android
4287;10/02/2026 09:17;Instagram Ads;18-24;iOS
4288;09/01/2026 08:03;Referral;25-34;iOS
4289;12/01/2026 06:27;Instagram Ads;25-34;iOS
4290;22/03/2026 17:06;TikTok Ads;25-34;Android
4291;12/03/2026 21:22;Organic Search;35-44;iOS
4292;14/01/2026 18:07;TikTok Ads;45+;iOS
4293;03/02/2026 19:39;Instagram Ads;25-34;iOS
4294;31/01/2026 06:45;TikTok Ads;25-34;Android
4295;03/02/2026 07:24;Instagram Ads;18-24;iOS
4296;14/02/2026 05:00;TikTok Ads;18-24;iOS
4297;18/03/2026 03:28;Referral;25-34;Android
4298;21/01/2026 02:02;Instagram Ads;18-24;Android
4299;20/02/2026 14:17;TikTok Ads;18-24;iOS
4300;16/02/2026 21:17;Organic Search;35-44;iOS
4301;03/02/2026 19:35;Organic Search;18-24;iOS
4302;16/02/2026 05:32;Organic Search;35-44;iOS
4303;10/01/2026 11:28;Instagram Ads;25-34;Android
4304;12/02/2026 13:00;Organic Search;25-34;Android
4305;12/03/2026 02:22;Referral;18-24;Android
4306;09/03/2026 15:34;Instagram Ads;18-24;Android
4307;13/02/2026 22:16;TikTok Ads;25-34;Android
4308;31/01/2026 23:06;TikTok Ads;18-24;Android
4309;07/01/2026 12:31;Instagram Ads;18-24;iOS
4310;30/01/2026 03:39;Instagram Ads;25-34;Android
4311;05/01/2026 08:07;Instagram Ads;25-34;iOS
4312;20/03/2026 15:52;TikTok Ads;25-34;Android
4313;11/03/2026 00:14;Instagram Ads;18-24;iOS
4314;12/01/2026 04:10;TikTok Ads;18-24;Android
4315;03/01/2026 04:37;TikTok Ads;25-34;iOS
4316;24/03/2026 10:43;TikTok Ads;25-34;iOS
4317;03/02/2026 07:25;Organic Search;18-24;iOS
4318;04/03/2026 21:52;Organic Search;25-34;iOS
4319;11/01/2026 14:50;Instagram Ads;25-34;Android
4320;07/03/2026 17:50;Organic Search;18-24;Android
4321;19/03/2026 16:15;TikTok Ads;18-24;Android
4322;16/01/2026 22:58;TikTok Ads;18-24;iOS
4323;13/03/2026 21:27;Instagram Ads;25-34;Android
4324;24/01/2026 16:21;TikTok Ads;25-34;Android
4325;20/02/2026 02:21;Organic Search;18-24;Android
4326;17/01/2026 22:30;Organic Search;18-24;iOS
4327;23/02/2026 14:02;TikTok Ads;25-34;iOS
4328;16/01/2026 13:08;Instagram Ads;18-24;Android
4329;02/02/2026 03:15;TikTok Ads;35-44;Android
4330;24/02/2026 08:32;TikTok Ads;18-24;iOS
4331;11/02/2026 09:30;Referral;25-34;iOS
4332;14/02/2026 20:39;TikTok Ads;18-24;Android
4333;23/01/2026 12:15;Instagram Ads;35-44;iOS
4334;19/03/2026 10:54;TikTok Ads;45+;iOS
4335;09/02/2026 07:49;Referral;18-24;iOS
4336;03/03/2026 03:26;Instagram Ads;45+;Android
4337;18/01/2026 21:48;TikTok Ads;18-24;iOS
4338;19/01/2026 02:18;Instagram Ads;25-34;iOS
4339;04/03/2026 04:25;Referral;25-34;Android
4340;05/03/2026 19:38;Instagram Ads;18-24;Android
4341;11/02/2026 22:56;Instagram Ads;35-44;Android
4342;08/02/2026 09:46;Instagram Ads;25-34;iOS
4343;03/01/2026 20:01;TikTok Ads;18-24;iOS
4344;13/03/2026 14:14;TikTok Ads;18-24;iOS
4345;01/03/2026 14:58;Instagram Ads;18-24;iOS
4346;27/03/2026 17:45;Instagram Ads;25-34;iOS
4347;20/01/2026 03:47;Instagram Ads;25-34;iOS
4348;13/02/2026 15:35;Instagram Ads;45+;Android
4349;27/02/2026 11:56;Instagram Ads;25-34;iOS
4350;11/02/2026 16:55;Instagram Ads;45+;iOS
4351;07/02/2026 18:03;Referral;18-24;Android
4352;01/01/2026 10:22;Instagram Ads;18-24;iOS
4353;10/03/2026 10:09;TikTok Ads;18-24;Android
4354;21/01/2026 20:30;TikTok Ads;25-34;iOS
4355;20/01/2026 23:30;TikTok Ads;45+;iOS
4356;28/01/2026 00:35;Instagram Ads;25-34;iOS
4357;15/03/2026 01:02;Referral;25-34;iOS
4358;10/03/2026 07:52;Organic Search;18-24;iOS
4359;20/03/2026 12:28;Referral;25-34;Android
4360;19/03/2026 06:49;Instagram Ads;25-34;Android
4361;07/01/2026 01:47;TikTok Ads;18-24;iOS
4362;26/02/2026 01:19;Organic Search;18-24;iOS
4363;10/01/2026 21:05;TikTok Ads;45+;Android
4364;19/03/2026 14:58;Instagram Ads;18-24;iOS
4365;26/03/2026 15:51;TikTok Ads;18-24;Android
4366;22/02/2026 03:02;Referral;18-24;iOS
4367;19/01/2026 03:38;TikTok Ads;18-24;iOS
4368;05/02/2026 12:21;TikTok Ads;18-24;Android
4369;01/02/2026 15:35;Organic Search;25-34;iOS
4370;20/01/2026 03:12;Referral;45+;iOS
4371;14/02/2026 10:10;TikTok Ads;25-34;iOS
4372;12/01/2026 01:32;Instagram Ads;25-34;iOS
4373;26/01/2026 11:19;TikTok Ads;25-34;Android
4374;07/03/2026 02:50;TikTok Ads;25-34;iOS
4375;25/03/2026 18:05;TikTok Ads;25-34;iOS
4376;17/02/2026 12:34;TikTok Ads;18-24;iOS
4377;21/02/2026 05:39;Organic Search;18-24;Android
4378;04/03/2026 01:13;TikTok Ads;25-34;iOS
4379;31/01/2026 10:17;Instagram Ads;45+;Android
4380;27/02/2026 23:02;TikTok Ads;35-44;iOS
4381;07/02/2026 17:35;Referral;18-24;iOS
4382;01/03/2026 08:27;TikTok Ads;18-24;Android
4383;08/02/2026 02:41;Referral;25-34;Android
4384;26/02/2026 23:49;Organic Search;18-24;iOS
4385;12/01/2026 02:10;TikTok Ads;18-24;iOS
4386;03/02/2026 18:43;TikTok Ads;18-24;iOS
4387;04/02/2026 04:11;Referral;18-24;iOS
4388;24/03/2026 02:11;Instagram Ads;25-34;iOS
4389;14/02/2026 10:53;TikTok Ads;18-24;iOS
4390;01/03/2026 22:33;TikTok Ads;25-34;Android
4391;17/01/2026 18:01;Instagram Ads;18-24;iOS
4392;21/03/2026 00:08;Organic Search;18-24;Android
4393;07/03/2026 09:34;Organic Search;18-24;iOS
4394;10/03/2026 13:04;Instagram Ads;18-24;iOS
4395;19/03/2026 17:33;TikTok Ads;18-24;iOS
4396;29/01/2026 21:05;Organic Search;18-24;Android
4397;01/03/2026 15:51;Referral;45+;Android
4398;27/02/2026 07:11;TikTok Ads;18-24;iOS
4399;09/01/2026 05:29;Instagram Ads;25-34;Android
4400;07/03/2026 06:07;Instagram Ads;18-24;iOS
4401;14/01/2026 00:07;TikTok Ads;25-34;iOS
4402;31/01/2026 09:46;Organic Search;25-34;Android
4403;12/01/2026 10:38;Instagram Ads;25-34;iOS
4404;24/01/2026 03:54;Organic Search;25-34;iOS
4405;30/01/2026 15:35;TikTok Ads;35-44;iOS
4406;12/01/2026 08:30;Instagram Ads;18-24;Android
4407;18/01/2026 18:31;Organic Search;18-24;iOS
4408;06/02/2026 05:51;Referral;25-34;Android
4409;09/03/2026 07:49;Instagram Ads;18-24;iOS
4410;14/01/2026 17:23;Organic Search;18-24;iOS
4411;19/02/2026 14:18;TikTok Ads;18-24;Android
4412;07/02/2026 17:11;TikTok Ads;25-34;Android
4413;10/02/2026 14:34;TikTok Ads;25-34;Android
4414;27/02/2026 21:46;Referral;18-24;iOS
4415;14/01/2026 09:15;TikTok Ads;25-34;Android
4416;25/02/2026 19:23;Instagram Ads;18-24;iOS
4417;07/02/2026 06:06;Instagram Ads;18-24;Android
4418;11/02/2026 01:45;Instagram Ads;18-24;iOS
4419;19/01/2026 00:50;TikTok Ads;18-24;iOS
4420;17/02/2026 06:01;TikTok Ads;18-24;iOS
4421;03/03/2026 16:49;Organic Search;18-24;Android
4422;22/02/2026 04:11;Organic Search;25-34;Android
4423;09/03/2026 07:48;TikTok Ads;25-34;Android
4424;04/03/2026 15:33;Organic Search;18-24;iOS
4425;17/01/2026 19:39;TikTok Ads;25-34;Android
4426;23/02/2026 21:02;TikTok Ads;25-34;Android
4427;17/01/2026 04:49;Instagram Ads;35-44;Android
4428;17/02/2026 12:56;TikTok Ads;25-34;iOS
4429;29/01/2026 01:02;Instagram Ads;45+;Android
4430;14/01/2026 14:54;Instagram Ads;18-24;iOS
4431;19/01/2026 03:58;Instagram Ads;18-24;iOS
4432;31/01/2026 13:01;TikTok Ads;18-24;iOS
4433;23/03/2026 17:58;Referral;25-34;iOS
4434;13/02/2026 18:54;TikTok Ads;25-34;iOS
4435;02/03/2026 03:19;Instagram Ads;25-34;Android
4436;06/01/2026 04:55;Instagram Ads;25-34;Android
4437;26/03/2026 00:48;Referral;25-34;iOS
4438;04/02/2026 20:37;Instagram Ads;18-24;Android
4439;01/01/2026 22:19;Instagram Ads;18-24;iOS
4440;17/02/2026 01:13;Instagram Ads;35-44;iOS
4441;14/01/2026 06:08;Instagram Ads;18-24;iOS
4442;19/01/2026 22:40;Instagram Ads;25-34;iOS
4443;21/03/2026 03:35;Instagram Ads;18-24;iOS
4444;07/02/2026 06:39;Referral;18-24;iOS
4445;24/02/2026 12:34;Instagram Ads;35-44;iOS
4446;19/02/2026 01:45;Organic Search;35-44;iOS
4447;05/03/2026 09:45;TikTok Ads;18-24;Android
4448;18/02/2026 01:21;TikTok Ads;18-24;Android
4449;09/02/2026 17:21;Instagram Ads;18-24;iOS
4450;08/03/2026 11:27;TikTok Ads;18-24;iOS
4451;17/02/2026 17:48;Referral;18-24;Android
4452;10/02/2026 08:29;Instagram Ads;18-24;Android
4453;10/03/2026 22:45;TikTok Ads;45+;Android
4454;23/03/2026 13:05;TikTok Ads;18-24;iOS
4455;13/02/2026 02:14;TikTok Ads;18-24;iOS
4456;17/02/2026 10:45;Instagram Ads;18-24;Android
4457;17/01/2026 05:43;Organic Search;18-24;Android
4458;09/01/2026 00:38;TikTok Ads;18-24;Android
4459;24/02/2026 21:28;Instagram Ads;25-34;Android
4460;03/01/2026 23:54;Referral;25-34;Android
4461;19/03/2026 06:32;TikTok Ads;18-24;Android
4462;15/03/2026 21:23;Instagram Ads;18-24;iOS
4463;22/01/2026 09:52;Instagram Ads;18-24;Android
4464;29/01/2026 08:37;TikTok Ads;18-24;iOS
4465;04/01/2026 04:11;TikTok Ads;35-44;iOS
4466;27/01/2026 16:27;TikTok Ads;25-34;iOS
4467;22/01/2026 19:55;TikTok Ads;18-24;Android
4468;22/02/2026 04:43;Instagram Ads;18-24;iOS
4469;29/01/2026 00:39;TikTok Ads;18-24;Android
4470;17/01/2026 07:57;Organic Search;18-24;Android
4471;17/03/2026 19:15;TikTok Ads;18-24;iOS
4472;14/02/2026 09:38;TikTok Ads;35-44;iOS
4473;24/02/2026 22:03;TikTok Ads;45+;Android
4474;14/03/2026 02:11;Organic Search;35-44;iOS
4475;17/03/2026 00:09;Organic Search;25-34;Android
4476;16/03/2026 08:43;Organic Search;18-24;Android
4477;18/02/2026 02:09;TikTok Ads;18-24;iOS
4478;23/02/2026 08:57;Referral;18-24;iOS
4479;19/02/2026 14:15;TikTok Ads;45+;iOS
4480;11/01/2026 23:48;Organic Search;35-44;iOS
4481;25/02/2026 14:31;TikTok Ads;25-34;Android
4482;12/01/2026 02:07;Organic Search;18-24;Android
4483;27/01/2026 00:13;TikTok Ads;25-34;Android
4484;17/03/2026 06:08;TikTok Ads;25-34;iOS
4485;22/02/2026 17:31;Organic Search;18-24;iOS
4486;21/03/2026 22:23;Organic Search;18-24;iOS
4487;05/02/2026 14:50;Referral;18-24;Android
4488;22/02/2026 15:03;TikTok Ads;18-24;Android
4489;21/03/2026 20:49;Instagram Ads;25-34;iOS
4490;15/03/2026 11:26;Organic Search;18-24;iOS
4491;05/01/2026 00:57;TikTok Ads;25-34;iOS
4492;15/03/2026 18:56;TikTok Ads;18-24;iOS
4493;11/03/2026 19:20;TikTok Ads;25-34;iOS
4494;12/02/2026 20:27;Organic Search;25-34;iOS
4495;23/02/2026 01:05;Instagram Ads;18-24;Android
4496;22/01/2026 05:14;Referral;25-34;Android
4497;11/02/2026 06:40;TikTok Ads;18-24;Android
4498;10/01/2026 22:38;TikTok Ads;18-24;iOS
4499;13/03/2026 10:58;Organic Search;18-24;Android
4500;22/03/2026 14:12;TikTok Ads;18-24;Android
4501;05/03/2026 11:09;TikTok Ads;25-34;iOS
4502;14/03/2026 22:45;TikTok Ads;18-24;Android
4503;25/01/2026 00:47;Instagram Ads;25-34;iOS
4504;29/01/2026 21:42;Instagram Ads;18-24;Android
4505;26/03/2026 22:27;Organic Search;25-34;iOS
4506;04/01/2026 03:06;Instagram Ads;18-24;Android
4507;13/02/2026 15:57;TikTok Ads;18-24;iOS
4508;26/01/2026 12:24;TikTok Ads;18-24;Android
4509;03/02/2026 20:14;Instagram Ads;35-44;Android
4510;25/03/2026 17:04;TikTok Ads;25-34;iOS
4511;21/03/2026 07:06;Referral;18-24;iOS
4512;09/01/2026 10:41;TikTok Ads;18-24;iOS
4513;12/02/2026 15:06;TikTok Ads;25-34;Android
4514;26/03/2026 00:16;TikTok Ads;18-24;Android
4515;12/01/2026 09:31;TikTok Ads;35-44;iOS
4516;17/03/2026 07:21;Instagram Ads;25-34;iOS
4517;20/03/2026 19:50;Organic Search;18-24;iOS
4518;24/01/2026 00:07;Instagram Ads;25-34;iOS
4519;21/01/2026 09:03;Organic Search;18-24;iOS
4520;20/03/2026 17:04;Organic Search;18-24;iOS
4521;13/03/2026 14:45;TikTok Ads;18-24;Android
4522;27/02/2026 01:57;Instagram Ads;18-24;iOS
4523;08/03/2026 21:47;TikTok Ads;18-24;Android
4524;04/02/2026 01:01;Organic Search;18-24;iOS
4525;25/03/2026 14:23;Referral;25-34;iOS
4526;11/03/2026 00:10;Organic Search;18-24;iOS
4527;01/03/2026 06:00;Referral;25-34;iOS
4528;03/03/2026 10:27;TikTok Ads;18-24;Android
4529;11/02/2026 13:42;TikTok Ads;18-24;Android
4530;17/01/2026 02:45;TikTok Ads;18-24;iOS
4531;01/03/2026 19:44;TikTok Ads;18-24;Android
4532;14/01/2026 12:26;Organic Search;18-24;iOS
4533;18/03/2026 04:49;Instagram Ads;18-24;iOS
4534;21/01/2026 01:27;Referral;18-24;iOS
4535;20/03/2026 23:39;Instagram Ads;18-24;iOS
4536;21/01/2026 02:12;TikTok Ads;18-24;Android
4537;20/03/2026 04:48;TikTok Ads;18-24;iOS
4538;06/01/2026 18:18;Organic Search;18-24;iOS
4539;25/02/2026 08:22;Instagram Ads;25-34;iOS
4540;04/02/2026 01:27;Instagram Ads;18-24;iOS
4541;21/02/2026 16:18;Instagram Ads;18-24;Android
4542;28/01/2026 06:58;Instagram Ads;18-24;iOS
4543;27/02/2026 22:46;Instagram Ads;18-24;Android
4544;22/02/2026 07:25;Referral;18-24;iOS
4545;17/01/2026 08:20;TikTok Ads;25-34;Android
4546;01/02/2026 10:10;Organic Search;25-34;iOS
4547;10/03/2026 08:33;Instagram Ads;25-34;iOS
4548;29/01/2026 09:53;Instagram Ads;25-34;iOS
4549;29/01/2026 02:11;Instagram Ads;25-34;Android
4550;25/02/2026 14:34;Instagram Ads;25-34;Android
4551;26/01/2026 22:57;Instagram Ads;18-24;iOS
4552;25/03/2026 07:19;Instagram Ads;25-34;Android
4553;19/02/2026 22:40;TikTok Ads;18-24;iOS
4554;29/03/2026 09:30;TikTok Ads;25-34;iOS
4555;07/03/2026 22:52;Instagram Ads;25-34;iOS
4556;21/03/2026 03:30;Organic Search;18-24;iOS
4557;10/01/2026 05:53;Organic Search;35-44;iOS
4558;14/01/2026 03:56;TikTok Ads;18-24;iOS
4559;14/03/2026 19:50;Referral;25-34;iOS
4560;18/03/2026 06:47;Organic Search;18-24;iOS
4561;09/02/2026 23:05;Referral;25-34;Android
4562;06/01/2026 18:08;Instagram Ads;25-34;iOS
4563;27/01/2026 22:12;Instagram Ads;45+;iOS
4564;26/03/2026 04:22;Organic Search;18-24;iOS
4565;05/03/2026 16:20;Organic Search;18-24;Android
4566;13/01/2026 07:40;TikTok Ads;35-44;iOS
4567;10/03/2026 02:26;TikTok Ads;18-24;Android
4568;26/03/2026 02:06;Organic Search;25-34;iOS
4569;13/01/2026 21:11;Instagram Ads;18-24;iOS
4570;25/01/2026 05:47;TikTok Ads;45+;Android
4571;15/01/2026 04:46;Instagram Ads;18-24;Android
4572;11/03/2026 01:40;TikTok Ads;18-24;iOS
4573;01/02/2026 06:32;Instagram Ads;25-34;iOS
4574;22/03/2026 10:30;TikTok Ads;18-24;Android
4575;25/01/2026 00:50;TikTok Ads;18-24;Android
4576;15/03/2026 22:21;Referral;45+;Android
4577;23/03/2026 21:37;TikTok Ads;18-24;iOS
4578;07/03/2026 15:44;TikTok Ads;45+;Android
4579;08/02/2026 03:03;Organic Search;18-24;Android
4580;17/02/2026 12:31;Organic Search;18-24;Android
4581;14/01/2026 19:17;TikTok Ads;18-24;Android
4582;26/02/2026 01:29;Instagram Ads;18-24;iOS
4583;03/03/2026 09:36;Referral;25-34;Android
4584;27/01/2026 02:09;TikTok Ads;18-24;iOS
4585;02/03/2026 22:54;TikTok Ads;18-24;iOS
4586;10/02/2026 05:12;Instagram Ads;18-24;Android
4587;06/02/2026 10:12;TikTok Ads;18-24;iOS
4588;13/02/2026 21:13;Instagram Ads;18-24;Android
4589;08/01/2026 07:57;Organic Search;18-24;iOS
4590;03/03/2026 12:27;Instagram Ads;25-34;iOS
4591;19/03/2026 03:32;Instagram Ads;25-34;Android
4592;27/03/2026 10:50;Organic Search;35-44;Android
4593;16/03/2026 15:37;Instagram Ads;25-34;Android
4594;10/01/2026 00:55;Instagram Ads;45+;iOS
4595;09/02/2026 02:42;TikTok Ads;18-24;iOS
4596;20/02/2026 01:27;TikTok Ads;25-34;iOS
4597;14/03/2026 19:09;Organic Search;25-34;iOS
4598;28/01/2026 00:18;TikTok Ads;25-34;Android
4599;09/03/2026 10:46;Organic Search;35-44;Android
4600;27/03/2026 04:17;Instagram Ads;35-44;Android
4601;05/02/2026 19:59;Organic Search;18-24;Android
4602;14/02/2026 03:31;Instagram Ads;25-34;iOS
4603;17/02/2026 09:13;TikTok Ads;18-24;iOS
4604;01/02/2026 18:38;TikTok Ads;25-34;iOS
4605;26/02/2026 12:03;TikTok Ads;18-24;iOS
4606;01/01/2026 05:45;TikTok Ads;18-24;iOS
4607;26/03/2026 08:42;Instagram Ads;18-24;iOS
4608;17/03/2026 03:51;TikTok Ads;45+;iOS
4609;24/03/2026 06:02;Instagram Ads;18-24;iOS
4610;13/03/2026 03:22;TikTok Ads;18-24;iOS
4611;10/01/2026 01:02;TikTok Ads;18-24;Android
4612;12/03/2026 23:11;Referral;18-24;Android
4613;14/02/2026 12:15;Referral;25-34;iOS
4614;03/03/2026 15:17;Organic Search;18-24;iOS
4615;06/03/2026 11:34;TikTok Ads;18-24;iOS
4616;09/03/2026 16:48;TikTok Ads;25-34;iOS
4617;04/02/2026 18:43;Instagram Ads;18-24;iOS
4618;24/03/2026 12:53;Instagram Ads;45+;iOS
4619;07/01/2026 03:34;TikTok Ads;35-44;iOS
4620;19/03/2026 06:03;Organic Search;25-34;iOS
4621;21/02/2026 21:17;TikTok Ads;18-24;iOS
4622;08/02/2026 14:44;Organic Search;25-34;Android
4623;22/01/2026 03:34;Organic Search;18-24;Android
4624;11/02/2026 17:08;Instagram Ads;25-34;iOS
4625;22/03/2026 02:02;Instagram Ads;35-44;iOS
4626;21/01/2026 13:38;TikTok Ads;25-34;iOS
4627;18/02/2026 00:46;Instagram Ads;45+;iOS
4628;27/01/2026 01:44;Instagram Ads;25-34;iOS
4629;01/02/2026 08:19;TikTok Ads;35-44;Android
4630;22/03/2026 10:10;TikTok Ads;18-24;Android
4631;28/01/2026 12:49;Organic Search;25-34;iOS
4632;02/02/2026 19:01;Referral;25-34;Android
4633;23/02/2026 03:19;Instagram Ads;18-24;Android
4634;26/02/2026 02:40;TikTok Ads;18-24;Android
4635;13/01/2026 16:18;Instagram Ads;25-34;iOS
4636;24/02/2026 23:12;TikTok Ads;35-44;iOS
4637;24/03/2026 18:17;Organic Search;18-24;Android
4638;17/02/2026 02:55;TikTok Ads;25-34;Android
4639;18/03/2026 12:52;Instagram Ads;25-34;Android
4640;03/02/2026 08:58;Organic Search;35-44;iOS
4641;28/03/2026 19:31;TikTok Ads;18-24;iOS
4642;08/03/2026 06:27;TikTok Ads;25-34;iOS
4643;16/03/2026 00:10;TikTok Ads;18-24;Android
4644;05/01/2026 16:48;Instagram Ads;18-24;Android
4645;05/01/2026 11:03;TikTok Ads;45+;Android
4646;10/01/2026 16:01;TikTok Ads;25-34;Android
4647;02/03/2026 19:06;Instagram Ads;35-44;iOS
4648;18/03/2026 02:35;TikTok Ads;18-24;iOS
4649;23/03/2026 05:39;TikTok Ads;35-44;iOS
4650;14/02/2026 14:54;Instagram Ads;25-34;Android
4651;02/01/2026 13:56;Referral;25-34;Android
4652;13/01/2026 01:29;Organic Search;45+;Android
4653;25/03/2026 06:28;TikTok Ads;18-24;Android
4654;16/01/2026 08:07;TikTok Ads;18-24;iOS
4655;12/02/2026 20:16;Referral;18-24;Android
4656;14/02/2026 07:45;Organic Search;45+;Android
4657;01/01/2026 01:34;Organic Search;25-34;iOS
4658;11/02/2026 12:50;Instagram Ads;25-34;Android
4659;20/01/2026 15:26;Organic Search;18-24;iOS
4660;08/03/2026 20:32;TikTok Ads;18-24;iOS
4661;30/03/2026 07:04;TikTok Ads;25-34;iOS
4662;13/01/2026 19:22;TikTok Ads;45+;iOS
4663;27/03/2026 15:33;TikTok Ads;18-24;iOS
4664;05/03/2026 02:36;TikTok Ads;18-24;iOS
4665;30/01/2026 07:23;TikTok Ads;18-24;Android
4666;16/01/2026 10:26;Instagram Ads;35-44;iOS
4667;26/03/2026 21:33;TikTok Ads;25-34;iOS
4668;27/03/2026 02:36;TikTok Ads;25-34;iOS
4669;27/01/2026 14:30;Organic Search;35-44;iOS
4670;10/01/2026 01:29;Instagram Ads;25-34;Android
4671;05/03/2026 13:18;Organic Search;35-44;iOS
4672;04/02/2026 23:52;Organic Search;18-24;iOS
4673;25/01/2026 07:26;Referral;18-24;Android
4674;09/01/2026 00:03;TikTok Ads;25-34;iOS
4675;06/02/2026 02:27;TikTok Ads;18-24;iOS
4676;06/03/2026 12:25;TikTok Ads;25-34;iOS
4677;29/03/2026 18:00;TikTok Ads;18-24;iOS
4678;05/03/2026 00:04;Organic Search;35-44;iOS
4679;17/01/2026 01:42;Instagram Ads;25-34;iOS
4680;06/01/2026 00:40;Instagram Ads;25-34;iOS
4681;08/02/2026 11:32;TikTok Ads;18-24;Android
4682;02/03/2026 17:45;TikTok Ads;18-24;iOS
4683;30/01/2026 15:53;TikTok Ads;18-24;Android
4684;12/03/2026 11:40;TikTok Ads;25-34;iOS
4685;09/03/2026 21:48;Instagram Ads;25-34;iOS
4686;15/03/2026 07:49;Organic Search;18-24;Android
4687;23/01/2026 17:35;Instagram Ads;45+;Android
4688;11/02/2026 16:10;Referral;25-34;iOS
4689;05/03/2026 15:23;Organic Search;35-44;Android
4690;09/01/2026 20:30;TikTok Ads;25-34;iOS
4691;10/03/2026 07:44;Instagram Ads;18-24;iOS
4692;10/01/2026 05:47;Referral;18-24;Android
4693;01/01/2026 02:31;Instagram Ads;18-24;iOS
4694;21/01/2026 17:18;Instagram Ads;18-24;Android
4695;16/02/2026 07:02;Referral;18-24;iOS
4696;08/01/2026 13:36;Instagram Ads;25-34;iOS
4697;13/01/2026 21:12;TikTok Ads;25-34;Android
4698;27/02/2026 15:22;TikTok Ads;18-24;Android
4699;22/01/2026 23:03;Instagram Ads;25-34;iOS
4700;20/02/2026 10:23;Referral;25-34;Android
4701;08/03/2026 00:28;Instagram Ads;25-34;iOS
4702;13/02/2026 05:04;TikTok Ads;25-34;iOS
4703;01/01/2026 21:38;Instagram Ads;18-24;Android
4704;01/01/2026 18:47;TikTok Ads;25-34;Android
4705;09/03/2026 12:51;TikTok Ads;25-34;iOS
4706;03/02/2026 08:35;TikTok Ads;18-24;iOS
4707;21/03/2026 08:00;Referral;18-24;Android
4708;12/01/2026 17:00;TikTok Ads;25-34;iOS
4709;25/03/2026 12:44;Instagram Ads;25-34;Android
4710;11/02/2026 00:03;TikTok Ads;25-34;iOS
4711;09/03/2026 09:12;TikTok Ads;18-24;iOS
4712;13/01/2026 19:59;Instagram Ads;25-34;iOS
4713;16/02/2026 09:07;TikTok Ads;18-24;Android
4714;07/01/2026 21:02;Instagram Ads;18-24;Android
4715;23/01/2026 05:29;Instagram Ads;18-24;iOS
4716;07/02/2026 04:37;Instagram Ads;25-34;iOS
4717;09/01/2026 16:09;TikTok Ads;18-24;Android
4718;12/03/2026 22:48;Organic Search;18-24;iOS
4719;20/03/2026 06:00;Organic Search;25-34;Android
4720;10/01/2026 22:40;Instagram Ads;35-44;iOS
4721;11/01/2026 00:28;TikTok Ads;18-24;Android
4722;31/01/2026 10:09;TikTok Ads;18-24;iOS
4723;05/02/2026 16:28;TikTok Ads;35-44;iOS
4724;27/03/2026 12:51;TikTok Ads;25-34;iOS
4725;30/01/2026 01:18;Instagram Ads;25-34;Android
4726;14/01/2026 07:32;Organic Search;18-24;iOS
4727;07/02/2026 03:48;TikTok Ads;18-24;iOS
4728;17/03/2026 02:17;TikTok Ads;35-44;iOS
4729;20/03/2026 23:17;Instagram Ads;18-24;iOS
4730;15/03/2026 02:59;Referral;18-24;Android
4731;26/03/2026 21:43;Instagram Ads;18-24;iOS
4732;13/01/2026 22:15;Organic Search;18-24;iOS
4733;04/03/2026 06:58;TikTok Ads;25-34;Android
4734;07/03/2026 17:50;Instagram Ads;18-24;Android
4735;14/01/2026 20:52;Organic Search;25-34;Android
4736;07/01/2026 15:24;Instagram Ads;18-24;Android
4737;21/02/2026 12:10;Referral;18-24;iOS
4738;24/02/2026 16:33;Referral;18-24;Android
4739;01/01/2026 19:44;TikTok Ads;18-24;iOS
4740;01/03/2026 06:08;TikTok Ads;18-24;iOS
4741;05/03/2026 02:39;Organic Search;45+;iOS
4742;16/01/2026 22:25;Instagram Ads;25-34;iOS
4743;12/02/2026 17:30;Instagram Ads;18-24;iOS
4744;04/02/2026 02:19;TikTok Ads;18-24;Android
4745;12/03/2026 03:23;TikTok Ads;35-44;Android
4746;21/01/2026 16:27;Referral;35-44;iOS
4747;02/03/2026 23:31;Instagram Ads;18-24;Android
4748;14/03/2026 15:35;Organic Search;35-44;iOS
4749;15/01/2026 16:43;Organic Search;18-24;iOS
4750;09/02/2026 23:21;Organic Search;18-24;Android
4751;01/03/2026 19:33;TikTok Ads;35-44;iOS
4752;08/03/2026 15:48;Organic Search;25-34;Android
4753;12/02/2026 22:49;TikTok Ads;35-44;iOS
4754;25/03/2026 11:51;TikTok Ads;18-24;Android
4755;22/01/2026 02:13;Instagram Ads;25-34;Android
4756;09/01/2026 09:59;TikTok Ads;35-44;iOS
4757;29/03/2026 01:12;Organic Search;18-24;iOS
4758;10/01/2026 18:06;Instagram Ads;18-24;iOS
4759;14/01/2026 14:15;TikTok Ads;18-24;iOS
4760;15/03/2026 01:19;Instagram Ads;25-34;iOS
4761;12/01/2026 22:58;Organic Search;25-34;Android
4762;27/02/2026 05:48;Instagram Ads;18-24;Android
4763;12/03/2026 21:02;TikTok Ads;35-44;Android
4764;07/02/2026 06:51;TikTok Ads;25-34;iOS
4765;04/02/2026 03:08;TikTok Ads;18-24;Android
4766;11/02/2026 16:32;Organic Search;25-34;iOS
4767;31/01/2026 12:50;Instagram Ads;25-34;iOS
4768;18/03/2026 19:20;Instagram Ads;18-24;iOS
4769;14/01/2026 13:49;Instagram Ads;25-34;iOS
4770;25/01/2026 01:23;TikTok Ads;18-24;iOS
4771;27/01/2026 21:22;TikTok Ads;18-24;Android
4772;04/03/2026 14:04;Instagram Ads;25-34;Android
4773;09/01/2026 04:18;TikTok Ads;18-24;Android
4774;25/01/2026 02:16;TikTok Ads;18-24;iOS
4775;23/02/2026 17:30;Instagram Ads;25-34;Android
4776;28/02/2026 08:25;Organic Search;18-24;iOS
4777;28/02/2026 06:07;TikTok Ads;18-24;iOS
4778;12/03/2026 00:28;TikTok Ads;18-24;iOS
4779;28/02/2026 23:47;TikTok Ads;45+;iOS
4780;28/01/2026 15:54;Referral;18-24;iOS
4781;17/03/2026 15:07;TikTok Ads;18-24;iOS
4782;09/03/2026 00:55;Referral;45+;iOS
4783;03/01/2026 14:30;TikTok Ads;18-24;iOS
4784;24/03/2026 07:43;TikTok Ads;18-24;iOS
4785;24/03/2026 05:48;TikTok Ads;18-24;iOS
4786;05/03/2026 22:11;Instagram Ads;45+;iOS
4787;27/03/2026 00:49;Organic Search;25-34;Android
4788;30/01/2026 06:53;Organic Search;25-34;Android
4789;20/01/2026 22:43;TikTok Ads;18-24;Android
4790;20/02/2026 06:26;Organic Search;45+;Android
4791;28/02/2026 22:14;Organic Search;25-34;Android
4792;19/02/2026 11:16;Instagram Ads;35-44;Android
4793;19/01/2026 07:34;Organic Search;25-34;iOS
4794;14/03/2026 14:36;TikTok Ads;35-44;iOS
4795;08/02/2026 00:50;TikTok Ads;18-24;Android
4796;29/01/2026 16:39;Organic Search;25-34;Android
4797;04/03/2026 17:41;TikTok Ads;18-24;iOS
4798;06/01/2026 07:09;Organic Search;18-24;Android
4799;18/03/2026 02:23;Instagram Ads;25-34;Android
4800;29/03/2026 04:17;TikTok Ads;25-34;iOS
4801;19/03/2026 01:38;TikTok Ads;18-24;iOS
4802;24/01/2026 05:42;Organic Search;25-34;iOS
4803;18/02/2026 01:10;TikTok Ads;25-34;Android
4804;07/02/2026 11:10;Instagram Ads;25-34;Android
4805;11/01/2026 22:42;Instagram Ads;18-24;Android
4806;24/01/2026 09:45;Instagram Ads;25-34;Android
4807;18/02/2026 12:06;Referral;18-24;Android
4808;03/03/2026 22:50;Instagram Ads;25-34;iOS
4809;27/02/2026 15:57;TikTok Ads;25-34;Android
4810;07/01/2026 21:28;TikTok Ads;25-34;iOS
4811;21/02/2026 06:59;Referral;35-44;iOS
4812;28/03/2026 06:52;Organic Search;35-44;iOS
4813;02/01/2026 04:07;Organic Search;18-24;Android
4814;05/02/2026 01:25;TikTok Ads;18-24;iOS
4815;31/01/2026 17:26;TikTok Ads;25-34;iOS
4816;13/01/2026 19:32;Instagram Ads;35-44;iOS
4817;07/02/2026 13:23;Instagram Ads;45+;Android
4818;25/03/2026 13:50;TikTok Ads;18-24;Android
4819;23/03/2026 10:56;TikTok Ads;18-24;iOS
4820;25/02/2026 04:25;TikTok Ads;25-34;Android
4821;10/02/2026 20:40;Referral;25-34;iOS
4822;05/02/2026 11:28;TikTok Ads;45+;iOS
4823;23/02/2026 01:06;TikTok Ads;35-44;iOS
4824;08/03/2026 07:22;TikTok Ads;35-44;Android
4825;17/01/2026 18:35;TikTok Ads;35-44;iOS
4826;16/03/2026 01:16;Instagram Ads;35-44;Android
4827;15/02/2026 17:32;TikTok Ads;18-24;iOS
4828;16/03/2026 19:05;Instagram Ads;18-24;iOS
4829;08/01/2026 02:04;TikTok Ads;18-24;iOS
4830;02/01/2026 14:53;Organic Search;18-24;iOS
4831;27/02/2026 00:39;Organic Search;25-34;iOS
4832;07/01/2026 13:21;TikTok Ads;25-34;iOS
4833;02/01/2026 08:08;Organic Search;18-24;iOS
4834;26/01/2026 10:56;Instagram Ads;25-34;Android
4835;21/01/2026 22:43;TikTok Ads;25-34;iOS
4836;04/01/2026 20:48;Instagram Ads;35-44;iOS
4837;06/01/2026 20:54;Referral;25-34;Android
4838;18/03/2026 15:10;Organic Search;18-24;iOS
4839;08/02/2026 15:20;TikTok Ads;18-24;iOS
4840;19/02/2026 04:29;Instagram Ads;45+;iOS
4841;28/01/2026 19:33;Organic Search;35-44;Android
4842;03/03/2026 00:40;TikTok Ads;18-24;iOS
4843;11/03/2026 04:32;TikTok Ads;18-24;Android
4844;18/02/2026 15:31;Instagram Ads;25-34;Android
4845;16/03/2026 11:29;TikTok Ads;18-24;Android
4846;10/02/2026 08:01;TikTok Ads;25-34;iOS
4847;11/02/2026 03:00;Organic Search;18-24;iOS
4848;10/03/2026 03:20;Instagram Ads;18-24;iOS
4849;09/02/2026 01:22;Instagram Ads;18-24;iOS
4850;09/01/2026 00:04;Instagram Ads;25-34;Android
4851;04/03/2026 04:33;TikTok Ads;18-24;Android
4852;22/02/2026 02:17;Organic Search;18-24;iOS
4853;22/02/2026 04:49;Instagram Ads;25-34;Android
4854;01/03/2026 19:29;TikTok Ads;25-34;iOS
4855;15/01/2026 19:46;Instagram Ads;25-34;iOS
4856;27/01/2026 22:32;TikTok Ads;45+;Android
4857;09/01/2026 02:47;Organic Search;18-24;iOS
4858;31/01/2026 02:08;Referral;25-34;Android
4859;08/01/2026 16:08;TikTok Ads;18-24;Android
4860;19/02/2026 15:25;Instagram Ads;18-24;iOS
4861;20/01/2026 17:29;Instagram Ads;18-24;iOS
4862;20/03/2026 10:54;Instagram Ads;25-34;iOS
4863;16/01/2026 02:03;Referral;18-24;iOS
4864;22/02/2026 01:52;TikTok Ads;25-34;Android
4865;01/02/2026 17:23;Organic Search;25-34;iOS
4866;07/02/2026 22:28;Organic Search;35-44;Android
4867;26/02/2026 22:29;TikTok Ads;45+;iOS
4868;03/03/2026 14:00;TikTok Ads;18-24;iOS
4869;16/03/2026 02:26;Organic Search;35-44;Android
4870;23/03/2026 00:35;Instagram Ads;25-34;Android
4871;05/03/2026 02:14;TikTok Ads;25-34;Android
4872;08/03/2026 02:58;Instagram Ads;25-34;Android
4873;04/03/2026 10:39;TikTok Ads;18-24;Android
4874;07/01/2026 10:03;Instagram Ads;35-44;iOS
4875;31/01/2026 02:44;TikTok Ads;35-44;iOS
4876;09/03/2026 20:01;Instagram Ads;18-24;iOS
4877;12/02/2026 11:24;Instagram Ads;18-24;Android
4878;12/03/2026 20:55;Organic Search;18-24;Android
4879;24/03/2026 04:24;Instagram Ads;18-24;iOS
4880;24/01/2026 04:03;Instagram Ads;25-34;Android
4881;06/01/2026 14:55;Instagram Ads;25-34;Android
4882;24/01/2026 17:40;Instagram Ads;25-34;iOS
4883;09/01/2026 08:53;Organic Search;25-34;Android
4884;12/02/2026 04:25;Instagram Ads;18-24;iOS
4885;12/01/2026 06:16;TikTok Ads;25-34;iOS
4886;14/02/2026 00:25;Organic Search;25-34;Android
4887;01/03/2026 10:45;TikTok Ads;45+;Android
4888;01/03/2026 02:40;Organic Search;18-24;iOS
4889;06/01/2026 08:13;TikTok Ads;25-34;iOS
4890;31/01/2026 00:41;Instagram Ads;25-34;iOS
4891;06/03/2026 16:04;Instagram Ads;35-44;iOS
4892;14/03/2026 00:16;Organic Search;18-24;iOS
4893;05/03/2026 21:22;TikTok Ads;25-34;iOS
4894;13/03/2026 21:51;Organic Search;25-34;iOS
4895;18/01/2026 01:17;Organic Search;18-24;Android
4896;12/01/2026 14:19;TikTok Ads;18-24;Android
4897;02/01/2026 05:30;Referral;18-24;Android
4898;10/03/2026 17:31;TikTok Ads;25-34;Android
4899;14/01/2026 07:43;TikTok Ads;18-24;iOS
4900;10/03/2026 02:36;TikTok Ads;18-24;Android
4901;02/01/2026 02:26;Referral;18-24;iOS
4902;16/01/2026 21:45;Instagram Ads;35-44;iOS
4903;18/02/2026 04:43;Instagram Ads;18-24;iOS
4904;03/02/2026 15:52;TikTok Ads;18-24;iOS
4905;20/02/2026 18:41;Instagram Ads;18-24;iOS
4906;20/02/2026 05:12;TikTok Ads;35-44;Android
4907;18/03/2026 00:29;TikTok Ads;18-24;Android
4908;21/03/2026 20:34;TikTok Ads;18-24;iOS
4909;11/03/2026 23:30;Referral;35-44;iOS
4910;26/01/2026 04:05;Instagram Ads;35-44;Android
4911;17/01/2026 05:03;Referral;18-24;iOS
4912;06/02/2026 02:31;Instagram Ads;25-34;iOS
4913;13/01/2026 07:46;TikTok Ads;35-44;Android
4914;14/03/2026 19:06;TikTok Ads;35-44;iOS
4915;17/03/2026 20:09;Organic Search;18-24;iOS
4916;26/03/2026 19:18;Instagram Ads;18-24;iOS
4917;27/01/2026 02:15;TikTok Ads;45+;iOS
4918;13/03/2026 03:51;TikTok Ads;25-34;iOS
4919;28/03/2026 01:29;Instagram Ads;25-34;iOS
4920;12/01/2026 11:05;Instagram Ads;25-34;iOS
4921;16/03/2026 21:33;Instagram Ads;35-44;iOS
4922;29/03/2026 08:54;Instagram Ads;35-44;iOS
4923;03/01/2026 20:24;Instagram Ads;45+;iOS
4924;02/02/2026 12:37;TikTok Ads;35-44;Android
4925;20/03/2026 08:41;Instagram Ads;25-34;Android
4926;11/02/2026 16:23;Organic Search;18-24;iOS
4927;27/01/2026 09:45;Instagram Ads;35-44;Android
4928;20/02/2026 20:40;Referral;35-44;iOS
4929;07/01/2026 04:49;Instagram Ads;25-34;Android
4930;26/01/2026 12:43;Instagram Ads;18-24;Android
4931;11/03/2026 03:50;Instagram Ads;18-24;Android
4932;25/02/2026 23:41;Instagram Ads;18-24;Android
4933;02/03/2026 22:15;TikTok Ads;18-24;iOS
4934;08/01/2026 11:35;Organic Search;45+;Android
4935;18/02/2026 04:06;Referral;18-24;iOS
4936;14/02/2026 04:41;Instagram Ads;18-24;Android
4937;19/02/2026 14:12;Instagram Ads;45+;iOS
4938;04/02/2026 23:08;Instagram Ads;25-34;iOS
4939;06/01/2026 09:10;Instagram Ads;18-24;iOS
4940;18/02/2026 12:10;TikTok Ads;18-24;iOS
4941;25/03/2026 10:27;TikTok Ads;18-24;iOS
4942;25/02/2026 00:56;TikTok Ads;18-24;iOS
4943;17/01/2026 04:51;Instagram Ads;25-34;Android
4944;05/02/2026 16:46;Organic Search;18-24;iOS
4945;16/01/2026 06:33;Organic Search;18-24;Android
4946;25/01/2026 18:27;Instagram Ads;18-24;Android
4947;17/03/2026 01:59;TikTok Ads;18-24;iOS
4948;10/01/2026 23:47;TikTok Ads;18-24;iOS
4949;28/03/2026 19:47;Organic Search;25-34;iOS
4950;25/02/2026 17:18;Referral;25-34;iOS
4951;07/03/2026 10:48;Organic Search;25-34;Android
4952;12/03/2026 04:11;TikTok Ads;18-24;Android
4953;12/01/2026 04:44;Instagram Ads;25-34;iOS
4954;23/01/2026 04:13;Organic Search;18-24;iOS
4955;13/03/2026 22:08;TikTok Ads;25-34;Android
4956;19/02/2026 09:38;TikTok Ads;25-34;iOS
4957;01/01/2026 05:59;TikTok Ads;18-24;iOS
4958;05/01/2026 06:36;Instagram Ads;18-24;Android
4959;25/03/2026 08:53;Organic Search;25-34;iOS
4960;25/03/2026 18:46;Referral;25-34;iOS
4961;02/01/2026 04:37;Organic Search;18-24;iOS
4962;24/01/2026 17:50;Instagram Ads;18-24;Android
4963;05/01/2026 11:08;Instagram Ads;18-24;Android
4964;15/02/2026 19:17;Referral;25-34;iOS
4965;05/02/2026 08:07;TikTok Ads;25-34;iOS
4966;07/02/2026 04:24;TikTok Ads;25-34;iOS
4967;15/01/2026 13:43;TikTok Ads;18-24;iOS
4968;18/01/2026 09:00;TikTok Ads;18-24;iOS
4969;25/03/2026 06:05;Organic Search;25-34;iOS
4970;04/01/2026 10:24;Instagram Ads;18-24;iOS
4971;23/02/2026 16:16;TikTok Ads;25-34;Android
4972;19/03/2026 23:23;Instagram Ads;18-24;iOS
4973;30/03/2026 17:39;Organic Search;18-24;Android
4974;11/03/2026 07:47;Instagram Ads;25-34;Android
4975;13/03/2026 21:52;Referral;25-34;iOS
4976;05/03/2026 15:53;TikTok Ads;35-44;iOS
4977;10/02/2026 17:12;TikTok Ads;18-24;iOS
4978;22/01/2026 19:09;Instagram Ads;25-34;iOS
4979;01/02/2026 05:51;TikTok Ads;35-44;Android
4980;25/01/2026 02:29;Organic Search;18-24;Android
4981;10/02/2026 09:56;Instagram Ads;18-24;iOS
4982;30/03/2026 22:05;TikTok Ads;18-24;Android
4983;11/03/2026 22:23;TikTok Ads;18-24;iOS
4984;01/02/2026 01:30;TikTok Ads;25-34;iOS
4985;27/01/2026 08:04;Organic Search;18-24;iOS
4986;22/03/2026 04:42;Organic Search;35-44;Android
4987;08/01/2026 13:29;Instagram Ads;18-24;iOS
4988;25/02/2026 11:46;Organic Search;35-44;iOS
4989;06/02/2026 04:42;TikTok Ads;25-34;iOS
4990;12/01/2026 14:13;TikTok Ads;18-24;Android
4991;18/02/2026 17:50;Referral;18-24;iOS
4992;07/03/2026 08:57;TikTok Ads;18-24;iOS
4993;29/03/2026 13:40;Instagram Ads;18-24;Android
4994;06/01/2026 02:44;Organic Search;18-24;iOS
4995;18/01/2026 09:54;Referral;18-24;Android
4996;22/01/2026 16:03;Instagram Ads;25-34;Android
4997;20/03/2026 02:14;Instagram Ads;35-44;Android
4998;20/02/2026 01:50;Instagram Ads;18-24;iOS
4999;05/01/2026 11:01;Organic Search;25-34;iOS
5000;08/02/2026 22:13;TikTok Ads;25-34;iOS
